Timestamp,Voltage,MA_5day,MA_60min,MA_6hr
2024-06-26 06:17:00,100.0,,,
2024-06-26 06:18:00,100.0,,,
2024-06-26 06:19:00,100.0,,,
2024-06-26 06:20:00,,,,
2024-06-26 06:21:00,,,,
2024-06-26 06:22:00,,,,
2024-06-26 06:23:00,,,,
2024-06-26 06:24:00,,,,
2024-06-26 06:25:00,,,,
2024-06-26 06:26:00,,,,
2024-06-26 06:27:00,,,,
2024-06-26 06:28:00,,,,
2024-06-26 06:29:00,,,,
2024-06-26 06:30:00,,,,
2024-06-26 06:31:00,,,,
2024-06-26 06:32:00,,,,
2024-06-26 06:33:00,,,,
2024-06-26 06:34:00,,,,
2024-06-26 06:35:00,,,,
2024-06-26 06:36:00,,,,
2024-06-26 06:37:00,,,,
2024-06-26 06:38:00,,,,
2024-06-26 06:39:00,,,,
2024-06-26 06:40:00,,,,
2024-06-26 06:41:00,,,,
2024-06-26 06:42:00,,,,
2024-06-26 06:43:00,,,,
2024-06-26 06:44:00,,,,
2024-06-26 06:45:00,,,,
2024-06-26 06:46:00,,,,
2024-06-26 06:47:00,,,,
2024-06-26 06:48:00,,,,
2024-06-26 06:49:00,,,,
2024-06-26 06:50:00,,,,
2024-06-26 06:51:00,,,,
2024-06-26 06:52:00,,,,
2024-06-26 06:53:00,,,,
2024-06-26 06:54:00,,,,
2024-06-26 06:55:00,,,,
2024-06-26 06:56:00,,,,
2024-06-26 06:57:00,,,,
2024-06-26 06:58:00,,,,
2024-06-26 06:59:00,,,,
2024-06-26 07:00:00,,,,
2024-06-26 07:01:00,,,,
2024-06-26 07:02:00,,,,
2024-06-26 07:03:00,,,,
2024-06-26 07:04:00,,,,
2024-06-26 07:05:00,,,,
2024-06-26 07:06:00,,,,
2024-06-26 07:07:00,,,,
2024-06-26 07:08:00,,,,
2024-06-26 07:09:00,,,,
2024-06-26 07:10:00,,,,
2024-06-26 07:11:00,,,,
2024-06-26 07:12:00,,,,
2024-06-26 07:13:00,,,,
2024-06-26 07:14:00,,,,
2024-06-26 07:15:00,,,,
2024-06-26 07:16:00,,,,
2024-06-26 07:17:00,,,,
2024-06-26 07:18:00,,,,
2024-06-26 07:19:00,,,,
2024-06-26 07:20:00,,,,
2024-06-26 07:21:00,,,,
2024-06-26 07:22:00,,,,
2024-06-26 07:23:00,,,,
2024-06-26 07:24:00,,,,
2024-06-26 07:25:00,,,,
2024-06-26 07:26:00,,,,
2024-06-26 07:27:00,,,,
2024-06-26 07:28:00,,,,
2024-06-26 07:29:00,,,,
2024-06-26 07:30:00,,,,
2024-06-26 07:31:00,,,,
2024-06-26 07:32:00,,,,
2024-06-26 07:33:00,,,,
2024-06-26 07:34:00,,,,
2024-06-26 07:35:00,,,,
2024-06-26 07:36:00,,,,
2024-06-26 07:37:00,,,,
2024-06-26 07:38:00,,,,
2024-06-26 07:39:00,,,,
2024-06-26 07:40:00,,,,
2024-06-26 07:41:00,,,,
2024-06-26 07:42:00,,,,
2024-06-26 07:43:00,,,,
2024-06-26 07:44:00,,,,
2024-06-26 07:45:00,,,,
2024-06-26 07:46:00,,,,
2024-06-26 07:47:00,,,,
2024-06-26 07:48:00,,,,
2024-06-26 07:49:00,,,,
2024-06-26 07:50:00,,,,
2024-06-26 07:51:00,,,,
2024-06-26 07:52:00,,,,
2024-06-26 07:53:00,,,,
2024-06-26 07:54:00,,,,
2024-06-26 07:55:00,,,,
2024-06-26 07:56:00,,,,
2024-06-26 07:57:00,,,,
2024-06-26 07:58:00,,,,
2024-06-26 07:59:00,,,,
2024-06-26 08:00:00,,,,
2024-06-26 08:01:00,,,,
2024-06-26 08:02:00,,,,
2024-06-26 08:03:00,,,,
2024-06-26 08:04:00,,,,
2024-06-26 08:05:00,,,,
2024-06-26 08:06:00,,,,
2024-06-26 08:07:00,,,,
2024-06-26 08:08:00,,,,
2024-06-26 08:09:00,,,,
2024-06-26 08:10:00,,,,
2024-06-26 08:11:00,,,,
2024-06-26 08:12:00,,,,
2024-06-26 08:13:00,,,,
2024-06-26 08:14:00,,,,
2024-06-26 08:15:00,,,,
2024-06-26 08:16:00,,,,
2024-06-26 08:17:00,,,,
2024-06-26 08:18:00,,,,
2024-06-26 08:19:00,,,,
2024-06-26 08:20:00,,,,
2024-06-26 08:21:00,,,,
2024-06-26 08:22:00,,,,
2024-06-26 08:23:00,,,,
2024-06-26 08:24:00,,,,
2024-06-26 08:25:00,,,,
2024-06-26 08:26:00,,,,
2024-06-26 08:27:00,,,,
2024-06-26 08:28:00,,,,
2024-06-26 08:29:00,,,,
2024-06-26 08:30:00,,,,
2024-06-26 08:31:00,,,,
2024-06-26 08:32:00,,,,
2024-06-26 08:33:00,,,,
2024-06-26 08:34:00,,,,
2024-06-26 08:35:00,,,,
2024-06-26 08:36:00,,,,
2024-06-26 08:37:00,,,,
2024-06-26 08:38:00,,,,
2024-06-26 08:39:00,,,,
2024-06-26 08:40:00,,,,
2024-06-26 08:41:00,,,,
2024-06-26 08:42:00,,,,
2024-06-26 08:43:00,,,,
2024-06-26 08:44:00,,,,
2024-06-26 08:45:00,,,,
2024-06-26 08:46:00,,,,
2024-06-26 08:47:00,,,,
2024-06-26 08:48:00,,,,
2024-06-26 08:49:00,,,,
2024-06-26 08:50:00,,,,
2024-06-26 08:51:00,,,,
2024-06-26 08:52:00,,,,
2024-06-26 08:53:00,,,,
2024-06-26 08:54:00,,,,
2024-06-26 08:55:00,,,,
2024-06-26 08:56:00,,,,
2024-06-26 08:57:00,,,,
2024-06-26 08:58:00,,,,
2024-06-26 08:59:00,,,,
2024-06-26 09:00:00,,,,
2024-06-26 09:01:00,,,,
2024-06-26 09:02:00,,,,
2024-06-26 09:03:00,,,,
2024-06-26 09:04:00,,,,
2024-06-26 09:05:00,,,,
2024-06-26 09:06:00,,,,
2024-06-26 09:07:00,,,,
2024-06-26 09:08:00,,,,
2024-06-26 09:09:00,,,,
2024-06-26 09:10:00,,,,
2024-06-26 09:11:00,,,,
2024-06-26 09:12:00,,,,
2024-06-26 09:13:00,,,,
2024-06-26 09:14:00,,,,
2024-06-26 09:15:00,,,,
2024-06-26 09:16:00,,,,
2024-06-26 09:17:00,,,,
2024-06-26 09:18:00,,,,
2024-06-26 09:19:00,,,,
2024-06-26 09:20:00,,,,
2024-06-26 09:21:00,,,,
2024-06-26 09:22:00,,,,
2024-06-26 09:23:00,,,,
2024-06-26 09:24:00,,,,
2024-06-26 09:25:00,,,,
2024-06-26 09:26:00,,,,
2024-06-26 09:27:00,,,,
2024-06-26 09:28:00,,,,
2024-06-26 09:29:00,100.0,,,
2024-06-26 09:30:00,100.0,,,
2024-06-26 09:31:00,100.0,,,
2024-06-26 09:32:00,100.0,,,
2024-06-26 09:33:00,100.0,,,
2024-06-26 09:34:00,100.0,,,
2024-06-26 09:35:00,100.0,,,
2024-06-26 09:36:00,99.33333333333333,,,
2024-06-26 09:37:00,99.0,,,
2024-06-26 09:38:00,99.0,,99.73333333333333,
2024-06-26 09:39:00,99.0,,99.66666666666666,
2024-06-26 09:40:00,99.0,,99.6111111111111,
2024-06-26 09:41:00,99.0,,99.56410256410255,
2024-06-26 09:42:00,98.5,,99.48809523809523,
2024-06-26 09:43:00,98.0,,99.38888888888889,
2024-06-26 09:44:00,98.0,,99.30208333333333,
2024-06-26 09:45:00,98.0,,99.22549019607843,
2024-06-26 09:46:00,98.0,,99.1574074074074,
2024-06-26 09:47:00,98.0,,99.09649122807018,
2024-06-26 09:48:00,98.0,,99.04166666666666,
2024-06-26 09:49:00,98.0,,98.9920634920635,
2024-06-26 09:50:00,98.0,,98.9469696969697,
2024-06-26 09:51:00,98.0,,98.90579710144928,
2024-06-26 09:52:00,98.0,,98.86805555555556,
2024-06-26 09:53:00,98.0,,98.83333333333334,
2024-06-26 09:54:00,98.0,,98.80128205128206,
2024-06-26 09:55:00,98.0,,98.77160493827161,98.89444444444445
2024-06-26 09:56:00,98.0,,98.74404761904762,98.86559139784947
2024-06-26 09:57:00,97.8,,98.71149425287356,98.83229166666666
2024-06-26 09:58:00,97.66666666666667,,98.67666666666668,98.7969696969697
2024-06-26 09:59:00,97.0,,98.62258064516129,98.74411764705883
2024-06-26 10:00:00,97.0,,98.571875,98.69428571428573
2024-06-26 10:01:00,97.0,,98.52424242424243,98.64722222222223
2024-06-26 10:02:00,97.0,,98.47941176470589,98.60270270270271
2024-06-26 10:03:00,97.0,,98.43714285714286,98.56052631578947
2024-06-26 10:04:00,97.0,,98.39722222222223,98.52051282051282
2024-06-26 10:05:00,97.0,,98.35945945945946,98.4825
2024-06-26 10:06:00,97.0,,98.32368421052632,98.44634146341464
2024-06-26 10:07:00,97.0,,98.2897435897436,98.41190476190476
2024-06-26 10:08:00,97.0,,98.25750000000001,98.37906976744186
2024-06-26 10:09:00,97.0,,98.22682926829269,98.34772727272728
2024-06-26 10:10:00,97.0,,98.19761904761906,98.31777777777778
2024-06-26 10:11:00,96.0,,98.14651162790697,98.26739130434783
2024-06-26 10:12:00,96.0,,98.09772727272728,98.21914893617021
2024-06-26 10:13:00,96.0,,98.05111111111111,98.17291666666667
2024-06-26 10:14:00,96.0,,98.00652173913043,98.12857142857143
2024-06-26 10:15:00,96.0,,97.96382978723405,98.086
2024-06-26 10:16:00,96.0,,97.92291666666667,98.04509803921569
2024-06-26 10:17:00,96.0,,97.88367346938776,98.00576923076923
2024-06-26 10:18:00,96.0,,97.846,97.9679245283019
2024-06-26 10:19:00,96.0,,97.80980392156863,97.93148148148148
2024-06-26 10:20:00,96.0,,97.775,97.89636363636365
2024-06-26 10:21:00,96.0,,97.74150943396226,97.8625
2024-06-26 10:22:00,96.0,,97.70925925925927,97.82982456140351
2024-06-26 10:23:00,96.0,,97.67818181818183,97.79827586206896
2024-06-26 10:24:00,96.0,,97.64821428571429,97.7677966101695
2024-06-26 10:25:00,96.0,,97.61929824561403,97.73833333333333
2024-06-26 10:26:00,96.0,,97.59137931034483,97.70983606557377
2024-06-26 10:27:00,96.0,,97.56440677966101,97.68225806451613
2024-06-26 10:28:00,96.0,,97.53833333333334,97.65555555555555
2024-06-26 10:29:00,96.0,,97.47166666666666,97.6296875
2024-06-26 10:30:00,96.0,,97.405,97.60461538461539
2024-06-26 10:31:00,96.0,,97.33833333333334,97.58030303030303
2024-06-26 10:32:00,96.0,,97.27166666666668,97.55671641791045
2024-06-26 10:33:00,95.4,,97.195,97.52499999999999
2024-06-26 10:34:00,95.0,,97.11166666666666,97.48840579710145
2024-06-26 10:35:00,95.0,,97.02833333333334,97.45285714285714
2024-06-26 10:36:00,95.0,,96.95611111111111,97.41830985915493
2024-06-26 10:37:00,95.0,,96.88944444444445,97.38472222222222
2024-06-26 10:38:00,95.0,,96.82277777777777,97.35205479452054
2024-06-26 10:39:00,95.0,,96.75611111111111,97.32027027027027
2024-06-26 10:40:00,95.0,,96.68944444444445,97.28933333333333
2024-06-26 10:41:00,94.4,,96.6127777777778,97.2513157894737
2024-06-26 10:42:00,94.0,,96.53777777777779,97.20909090909092
2024-06-26 10:43:00,94.0,,96.47111111111113,97.16794871794872
2024-06-26 10:44:00,94.0,,96.40444444444445,97.12784810126583
2024-06-26 10:45:00,94.0,,96.33777777777779,97.08875
2024-06-26 10:46:00,94.0,,96.27111111111113,97.05061728395061
2024-06-26 10:47:00,94.0,,96.20444444444446,97.01341463414634
2024-06-26 10:48:00,94.0,,96.13777777777779,96.97710843373494
2024-06-26 10:49:00,94.0,,96.07111111111112,96.94166666666668
2024-06-26 10:50:00,94.0,,96.00444444444446,96.90705882352941
2024-06-26 10:51:00,94.0,,95.93777777777778,96.87325581395349
2024-06-26 10:52:00,94.0,,95.87111111111112,96.84022988505748
2024-06-26 10:53:00,94.0,,95.80444444444446,96.80795454545455
2024-06-26 10:54:00,93.0,,95.72111111111113,96.76516853932584
2024-06-26 10:55:00,93.0,,95.63777777777779,96.72333333333334
2024-06-26 10:56:00,93.0,,95.55444444444446,96.68241758241759
2024-06-26 10:57:00,93.0,,95.47444444444446,96.64239130434783
2024-06-26 10:58:00,92.75,,95.3925,96.60053763440861
2024-06-26 10:59:00,92.33333333333333,,95.31472222222222,96.55514184397163
2024-06-26 11:00:00,92.0,,95.23138888888889,96.50719298245613
2024-06-26 11:01:00,92.0,,95.14805555555556,96.46024305555555
2024-06-26 11:02:00,92.0,,95.06472222222222,96.41426116838487
2024-06-26 11:03:00,92.0,,94.98138888888889,96.36921768707482
2024-06-26 11:04:00,91.0,,94.88138888888889,96.31498316498316
2024-06-26 11:05:00,91.0,,94.78138888888888,96.26183333333333
2024-06-26 11:06:00,91.0,,94.68138888888889,96.20973597359735
2024-06-26 11:07:00,91.0,,94.58138888888888,96.15866013071894
2024-06-26 11:08:00,90.5,,94.47305555555555,96.10372168284789
2024-06-26 11:09:00,90.0,,94.35638888888889,96.04503205128205
2024-06-26 11:10:00,90.0,,94.23972222222223,95.9874603174603
2024-06-26 11:11:00,90.0,,94.13972222222222,95.93097484276728
2024-06-26 11:12:00,90.0,,94.03972222222222,95.87554517133955
2024-06-26 11:13:00,90.0,,93.93972222222222,95.82114197530863
2024-06-26 11:14:00,90.0,,93.83972222222222,95.7677370030581
2024-06-26 11:15:00,90.0,,93.73972222222223,95.71530303030302
2024-06-26 11:16:00,90.0,,93.63972222222222,95.6638138138138
2024-06-26 11:17:00,90.0,,93.53972222222222,95.61324404761903
2024-06-26 11:18:00,90.0,,93.43972222222222,95.56356932153392
2024-06-26 11:19:00,90.0,,93.33972222222222,95.51476608187134
2024-06-26 11:20:00,90.0,,93.23972222222223,95.4668115942029
2024-06-26 11:21:00,90.0,,93.13972222222222,95.41968390804597
2024-06-26 11:22:00,90.0,,93.03972222222222,95.37336182336182
2024-06-26 11:23:00,89.5,,92.93138888888889,95.32358757062146
2024-06-26 11:24:00,89.0,,92.81472222222222,95.2704481792717
2024-06-26 11:25:00,89.0,,92.69805555555556,95.21819444444444
2024-06-26 11:26:00,89.0,,92.58138888888888,95.16680440771349
2024-06-26 11:27:00,89.0,,92.46472222222222,95.11625683060109
2024-06-26 11:28:00,89.0,,92.34805555555555,95.06653116531164
2024-06-26 11:29:00,89.0,,92.23138888888889,95.01760752688172
2024-06-26 11:30:00,88.75,,92.11055555555555,94.96746666666667
2024-06-26 11:31:00,88.0,,91.97722222222222,94.91216931216931
2024-06-26 11:32:00,88.0,,91.84388888888888,94.85774278215223
2024-06-26 11:33:00,88.0,,91.72055555555556,94.80416666666666
2024-06-26 11:34:00,87.25,,91.59138888888889,94.74560723514212
2024-06-26 11:35:00,87.0,,91.45805555555556,94.68602564102564
2024-06-26 11:36:00,87.0,,91.32472222222222,94.62735368956743
2024-06-26 11:37:00,86.0,,91.17472222222223,94.56199494949495
2024-06-26 11:38:00,86.0,,91.02472222222222,94.49761904761904
2024-06-26 11:39:00,85.75,,90.87055555555555,94.4323383084577
2024-06-26 11:40:00,85.0,,90.7038888888889,94.36246913580246
2024-06-26 11:41:00,84.75,,90.54305555555555,94.29178921568626
2024-06-26 11:42:00,84.0,,90.37638888888888,94.21666666666665
2024-06-26 11:43:00,84.0,,90.20972222222221,94.14263285024154
2024-06-26 11:44:00,84.0,,90.04305555555555,94.06966426858513
2024-06-26 11:45:00,84.0,,89.87638888888888,93.99773809523809
2024-06-26 11:46:00,84.0,,89.70972222222221,93.92683215130023
2024-06-26 11:47:00,83.5,,89.53472222222221,93.85340375586854
2024-06-26 11:48:00,83.0,,89.35138888888888,93.77750582750582
2024-06-26 11:49:00,82.75,,89.16388888888888,93.70092592592592
2024-06-26 11:50:00,82.0,,88.96388888888889,93.62022988505747
2024-06-26 11:51:00,82.0,,88.76388888888889,93.54063926940638
2024-06-26 11:52:00,82.0,,88.56388888888888,93.46213151927437
2024-06-26 11:53:00,82.0,,88.36388888888888,93.38468468468469
2024-06-26 11:54:00,81.0,,88.16388888888888,93.30156599552572
2024-06-26 11:55:00,81.0,,87.96388888888889,93.21955555555554
2024-06-26 11:56:00,80.25,,87.75138888888888,93.13366445916114
2024-06-26 11:57:00,80.0,,87.53472222222221,93.04725877192982
2024-06-26 11:58:00,80.0,,87.32222222222222,92.9619825708061
2024-06-26 11:59:00,79.5,,87.10833333333333,92.87456709956709
2024-06-26 12:00:00,79.0,,86.89166666666667,92.78505376344086
2024-06-26 12:01:00,78.25,,86.6625,92.69188034188033
2024-06-26 12:02:00,78.0,,86.42916666666666,92.59830148619957
2024-06-26 12:03:00,78.0,,86.19583333333334,92.50590717299578
2024-06-26 12:04:00,78.0,,85.97916666666667,92.4146750524109
2024-06-26 12:05:00,77.0,,85.74583333333334,92.31833333333333
2024-06-26 12:06:00,77.0,,85.5125,92.2231884057971
2024-06-26 12:07:00,77.0,,85.27916666666667,92.12921810699588
2024-06-26 12:08:00,76.6,,85.0475,92.03394683026585
2024-06-26 12:09:00,76.2,,84.81750000000001,91.93739837398374
2024-06-26 12:10:00,75.8,,84.58083333333335,91.83959595959595
2024-06-26 12:11:00,75.4,,84.3375,91.74056224899599
2024-06-26 12:12:00,75.0,,84.0875,91.64031936127743
2024-06-26 12:13:00,74.75,,83.83333333333333,91.53978174603174
2024-06-26 12:14:00,74.0,,83.56666666666666,91.43599605522682
2024-06-26 12:15:00,74.0,,83.3,91.33343137254901
2024-06-26 12:16:00,74.0,,83.03333333333333,91.23206627680311
2024-06-26 12:17:00,73.0,,82.75,91.07417153996101
2024-06-26 12:18:00,73.0,,82.46666666666667,90.9162768031189
2024-06-26 12:19:00,73.0,,82.18333333333334,90.7583820662768
2024-06-26 12:20:00,72.0,,81.88333333333334,90.64932170542635
2024-06-26 12:21:00,72.0,,81.58333333333333,90.54152215799614
2024-06-26 12:22:00,72.0,,81.28333333333333,90.43496168582375
2024-06-26 12:23:00,71.25,,80.97916666666667,90.32533333333333
2024-06-26 12:24:00,71.0,,80.67916666666666,90.21553030303029
2024-06-26 12:25:00,70.5,,80.37083333333334,90.10414312617702
2024-06-26 12:26:00,70.0,,80.05416666666666,89.99119850187266
2024-06-26 12:27:00,70.0,,79.7375,89.87951582867784
2024-06-26 12:28:00,69.5,,79.4125,89.76629629629629
2024-06-26 12:29:00,69.0,,79.07916666666667,89.65156537753222
2024-06-26 12:30:00,69.0,,78.75,89.53809523809524
2024-06-26 12:31:00,68.5,,78.425,89.4231329690346
2024-06-26 12:32:00,68.0,,78.09166666666667,89.30670289855072
2024-06-26 12:33:00,68.0,,77.75833333333334,89.19153153153154
2024-06-26 12:34:00,67.25,,77.425,89.07356630824373
2024-06-26 12:35:00,67.0,,77.09166666666667,88.95552584670233
2024-06-26 12:36:00,67.0,,76.75833333333334,88.83874113475177
2024-06-26 12:37:00,66.75,,76.4375,88.72186948853616
2024-06-26 12:38:00,66.0,,76.10416666666667,88.6022807017544
2024-06-26 12:39:00,66.0,,75.775,88.48394415357767
2024-06-26 12:40:00,66.0,,75.45833333333333,88.36684027777778
2024-06-26 12:41:00,65.75,,75.14166666666667,88.24965457685666
2024-06-26 12:42:00,65.0,,74.825,88.12981099656358
2024-06-26 12:43:00,65.0,,74.50833333333334,88.01119658119659
2024-06-26 12:44:00,65.0,,74.19166666666666,87.8937925170068
2024-06-26 12:45:00,65.0,,73.875,87.77758037225043
2024-06-26 12:46:00,64.0,,73.54166666666667,87.65749158249159
2024-06-26 12:47:00,64.0,,73.21666666666667,87.53860971524288
2024-06-26 12:48:00,64.0,,72.9,87.42091666666667
2024-06-26 12:49:00,64.0,,72.5875,87.30439469320066
2024-06-26 12:50:00,63.0,,72.27083333333333,87.18407590759077
2024-06-26 12:51:00,62.5,,71.94583333333334,87.06247947454844
2024-06-26 12:52:00,62.0,,71.6125,86.93962418300654
2024-06-26 12:53:00,62.0,,71.27916666666667,86.8179674796748
2024-06-26 12:54:00,61.666666666666664,,70.95694444444445,86.69587378640776
2024-06-26 12:55:00,61.25,,70.62777777777778,86.57294685990337
2024-06-26 12:56:00,61.0,,70.30694444444445,86.44999999999999
2024-06-26 12:57:00,61.0,,69.99027777777778,86.32822966507176
2024-06-26 12:58:00,61.0,,69.67361111111111,86.20761904761905
2024-06-26 12:59:00,61.0,,69.36527777777778,86.08815165876777
2024-06-26 13:00:00,60.333333333333336,,69.05416666666666,85.96666666666667
2024-06-26 13:01:00,60.0,,68.75,85.84475743348983
2024-06-26 13:02:00,60.0,,68.45,85.72398753894082
2024-06-26 13:03:00,60.0,,68.15,85.60434108527133
2024-06-26 13:04:00,59.0,,67.83333333333333,85.48117283950617
2024-06-26 13:05:00,58.75,,67.52916666666667,85.35798771121353
2024-06-26 13:06:00,58.333333333333336,,67.21805555555555,85.23402140672783
2024-06-26 13:07:00,58.8,,66.91472222222222,85.11331811263318
2024-06-26 13:08:00,58.0,,66.60472222222222,84.99007575757575
2024-06-26 13:09:00,58.0,,66.3013888888889,84.8679487179487
2024-06-26 13:10:00,58.0,,66.00472222222223,84.74692192192192
2024-06-26 13:11:00,58.0,,65.71472222222222,84.62698056801196
2024-06-26 13:12:00,57.0,,65.41472222222222,84.50364583333332
2024-06-26 13:13:00,56.75,,65.11472222222223,84.3802962962963
2024-06-26 13:14:00,56.0,,64.81472222222222,84.2547197640118
2024-06-26 13:15:00,56.0,,64.51472222222222,84.1302496328928
2024-06-26 13:16:00,56.0,,64.21472222222222,84.00687134502924
2024-06-26 13:17:00,55.5,,63.92305555555556,83.88238719068413
2024-06-26 13:18:00,55.0,,63.62305555555555,83.7568115942029
2024-06-26 13:19:00,54.666666666666664,,63.317499999999995,83.63088023088024
2024-06-26 13:20:00,54.0,,63.0175,83.50316091954024
2024-06-26 13:21:00,54.0,,62.717499999999994,83.37653791130187
2024-06-26 13:22:00,54.0,,62.4175,83.25099715099715
2024-06-26 13:23:00,54.0,,62.129999999999995,83.12652482269503
2024-06-26 13:24:00,53.25,,61.83416666666666,82.99992937853108
2024-06-26 13:25:00,53.0,,61.5425,82.87334739803094
2024-06-26 13:26:00,53.0,,61.259166666666665,82.74782913165267
2024-06-26 13:27:00,52.0,,60.95916666666666,82.61917712691772
2024-06-26 13:28:00,52.0,,60.6675,82.49159722222223
2024-06-26 13:29:00,52.0,,60.384166666666665,82.36507607192254
2024-06-26 13:30:00,52.0,,60.10083333333333,82.23960055096418
2024-06-26 13:31:00,52.0,,59.82583333333333,82.11515775034293
2024-06-26 13:32:00,52.0,,59.55916666666666,81.99173497267759
2024-06-26 13:33:00,52.0,,59.2925,81.86931972789115
2024-06-26 13:34:00,52.0,,59.03833333333333,81.7478997289973
2024-06-26 13:35:00,51.333333333333336,,58.77722222222222,81.62476383265856
2024-06-26 13:36:00,51.0,,58.510555555555555,81.50127688172043
2024-06-26 13:37:00,50.2,,58.234722222222224,81.37556894243642
2024-06-26 13:38:00,50.0,,57.96805555555556,81.25006666666667
2024-06-26 13:39:00,50.0,,57.70138888888889,81.12556440903055
2024-06-26 13:40:00,49.5,,57.426388888888894,81.00006613756614
2024-06-26 13:41:00,49.0,,57.147222222222226,80.8735836627141
2024-06-26 13:42:00,48.6,,56.87388888888889,80.74652230971128
2024-06-26 13:43:00,48.0,,56.590555555555554,80.61810457516339
2024-06-26 13:44:00,48.0,,56.30722222222222,80.49069010416666
2024-06-26 13:45:00,48.0,,56.02388888888889,80.36426718547341
2024-06-26 13:46:00,47.25,,55.74472222222222,80.2359173126615
2024-06-26 13:47:00,47.0,,55.46138888888889,80.1075933075933
2024-06-26 13:48:00,46.2,,55.16472222222222,79.97717948717948
2024-06-26 13:49:00,46.0,,54.86472222222222,79.84699872286079
2024-06-26 13:50:00,46.0,,54.58138888888889,79.7178117048346
2024-06-26 13:51:00,45.25,,54.29388888888889,79.58675538656527
2024-06-26 13:52:00,45.0,,54.010555555555555,79.45574494949494
2024-06-26 13:53:00,45.0,,53.72722222222222,79.32572327044025
2024-06-26 13:54:00,44.0,,53.43277777777778,79.19291979949874
2024-06-26 13:55:00,44.0,,53.14527777777778,79.0611111111111
2024-06-26 13:56:00,44.0,,52.86194444444445,78.93028606965174
2024-06-26 13:57:00,43.25,,52.56611111111111,78.79764560099132
2024-06-26 13:58:00,43.0,,52.26611111111111,78.66506172839506
2024-06-26 13:59:00,42.333333333333336,,51.955000000000005,78.5309963099631
2024-06-26 14:00:00,42.0,,51.64944444444445,78.3966911764706
2024-06-26 14:01:00,42.0,,51.349444444444444,78.26336996336997
2024-06-26 14:02:00,42.0,,51.04944444444445,78.13102189781023
2024-06-26 14:03:00,42.0,,50.74944444444444,77.99963636363637
2024-06-26 14:04:00,41.5,,50.45777777777778,77.86739130434783
2024-06-26 14:05:00,41.0,,50.161944444444444,77.73429602888088
2024-06-26 14:06:00,,,50.023446327683615,77.73429602888088
2024-06-26 14:07:00,,,49.87212643678161,77.73429602888088
2024-06-26 14:08:00,,,49.72953216374269,77.73429602888088
2024-06-26 14:09:00,,,49.58184523809524,77.73429602888088
2024-06-26 14:10:00,,,49.42878787878788,77.73429602888088
2024-06-26 14:11:00,,,49.27006172839506,77.73429602888088
2024-06-26 14:12:00,,,49.12421383647799,77.73429602888088
2024-06-26 14:13:00,,,48.9775641025641,77.73429602888088
2024-06-26 14:14:00,,,48.83986928104576,77.73429602888088
2024-06-26 14:15:00,,,48.69666666666667,77.73429602888088
2024-06-26 14:16:00,,,48.54761904761905,77.73429602888088
2024-06-26 14:17:00,,,48.40277777777778,77.73429602888088
2024-06-26 14:18:00,,,48.262411347517734,77.73429602888088
2024-06-26 14:19:00,,,48.12318840579711,77.73429602888088
2024-06-26 14:20:00,,,47.9925925925926,77.73429602888088
2024-06-26 14:21:00,,,47.856060606060616,77.73429602888088
2024-06-26 14:22:00,,,47.71317829457365,77.73429602888088
2024-06-26 14:23:00,,,47.56349206349206,77.73429602888088
2024-06-26 14:24:00,,,47.424796747967484,77.73429602888088
2024-06-26 14:25:00,,,47.28541666666667,77.73429602888088
2024-06-26 14:26:00,,,47.13888888888889,77.73429602888088
2024-06-26 14:27:00,,,47.010964912280706,77.73429602888088
2024-06-26 14:28:00,,,46.87612612612613,77.73429602888088
2024-06-26 14:29:00,,,46.7337962962963,77.73429602888088
2024-06-26 14:30:00,,,46.583333333333336,77.73429602888088
2024-06-26 14:31:00,,,46.42401960784314,77.73429602888088
2024-06-26 14:32:00,,,46.255050505050505,77.73429602888088
2024-06-26 14:33:00,,,46.075520833333336,77.73429602888088
2024-06-26 14:34:00,,,45.88440860215054,77.73429602888088
2024-06-26 14:35:00,,,45.70277777777778,77.73429602888088
2024-06-26 14:36:00,,,45.52011494252874,77.73429602888088
2024-06-26 14:37:00,,,45.35297619047619,77.73429602888088
2024-06-26 14:38:00,,,45.180864197530866,77.73429602888088
2024-06-26 14:39:00,,,44.99551282051282,77.73429602888088
2024-06-26 14:40:00,,,44.815333333333335,77.73429602888088
2024-06-26 14:41:00,,,44.640972222222224,77.73429602888088
2024-06-26 14:42:00,,,44.46884057971015,77.73429602888088
2024-06-26 14:43:00,,,44.30833333333334,77.73429602888088
2024-06-26 14:44:00,,,44.13253968253969,77.73429602888088
2024-06-26 14:45:00,,,43.93916666666667,77.73429602888088
2024-06-26 14:46:00,,,43.76491228070176,77.73429602888088
2024-06-26 14:47:00,,,43.58518518518519,77.73429602888088
2024-06-26 14:48:00,,,43.43137254901961,77.73429602888088
2024-06-26 14:49:00,,,43.270833333333336,77.73429602888088
2024-06-26 14:50:00,,,43.08888888888889,77.73429602888088
2024-06-26 14:51:00,,,42.93452380952381,77.73429602888088
2024-06-26 14:52:00,,,42.77564102564103,77.73429602888088
2024-06-26 14:53:00,,,42.590277777777786,77.73429602888088
2024-06-26 14:54:00,,,42.46212121212122,77.73429602888088
2024-06-26 14:55:00,,,42.308333333333344,77.73429602888088
2024-06-26 14:56:00,,,,77.73429602888088
2024-06-26 14:57:00,,,,77.73429602888088
2024-06-26 14:58:00,,,,77.73429602888088
2024-06-26 14:59:00,,,,77.73429602888088
2024-06-26 15:00:00,,,,77.73429602888088
2024-06-26 15:01:00,,,,77.73429602888088
2024-06-26 15:02:00,,,,77.73429602888088
2024-06-26 15:03:00,,,,77.73429602888088
2024-06-26 15:04:00,,,,77.73429602888088
2024-06-26 15:05:00,,,,77.73429602888088
2024-06-26 15:06:00,,,,77.73429602888088
2024-06-26 15:07:00,,,,77.73429602888088
2024-06-26 15:08:00,,,,77.73429602888088
2024-06-26 15:09:00,,,,77.73429602888088
2024-06-26 15:10:00,,,,77.73429602888088
2024-06-26 15:11:00,,,,77.73429602888088
2024-06-26 15:12:00,,,,77.73429602888088
2024-06-26 15:13:00,,,,77.73429602888088
2024-06-26 15:14:00,,,,77.73429602888088
2024-06-26 15:15:00,,,,77.73429602888088
2024-06-26 15:16:00,,,,77.73429602888088
2024-06-26 15:17:00,,,,77.73429602888088
2024-06-26 15:18:00,,,,77.73429602888088
2024-06-26 15:19:00,,,,77.73429602888088
2024-06-26 15:20:00,,,,77.73429602888088
2024-06-26 15:21:00,,,,77.73429602888088
2024-06-26 15:22:00,90.0,,,77.77841726618705
2024-06-26 15:23:00,90.0,,,77.82222222222222
2024-06-26 15:24:00,89.75,,,77.86482142857143
2024-06-26 15:25:00,89.0,,,77.90444839857652
2024-06-26 15:26:00,88.75,,,77.94290780141844
2024-06-26 15:27:00,88.5,,,77.98021201413428
2024-06-26 15:28:00,88.25,,,78.01637323943662
2024-06-26 15:29:00,88.0,,,77.97411971830986
2024-06-26 15:30:00,87.33333333333333,,,77.92951877934273
2024-06-26 15:31:00,87.0,,88.65833333333333,77.8837441314554
2024-06-26 15:32:00,87.0,,88.50757575757576,77.83796948356807
2024-06-26 15:33:00,86.33333333333333,,88.3263888888889,77.78984741784038
2024-06-26 15:34:00,86.0,,88.1474358974359,77.74055164319249
2024-06-26 15:35:00,86.0,,87.99404761904762,77.6912558685446
2024-06-26 15:36:00,86.0,,87.86111111111111,77.6443075117371
2024-06-26 15:37:00,85.0,,87.68229166666667,77.59501173708921
2024-06-26 15:38:00,85.0,,87.52450980392157,77.54571596244132
2024-06-26 15:39:00,84.0,,87.32870370370371,77.49289906103286
2024-06-26 15:40:00,84.0,,87.15350877192982,77.44008215962441
2024-06-26 15:41:00,84.0,,86.99583333333334,77.38726525821596
2024-06-26 15:42:00,84.0,,86.85317460317461,77.3362089201878
2024-06-26 15:43:00,84.0,,86.72348484848486,77.28691314553991
2024-06-26 15:44:00,83.33333333333333,,86.57608695652173,77.23526995305166
2024-06-26 15:45:00,83.0,,86.42708333333333,77.18245305164321
2024-06-26 15:46:00,82.25,,86.26,77.12699530516433
2024-06-26 15:47:00,82.0,,86.09615384615384,77.07065727699532
2024-06-26 15:48:00,82.0,,85.94444444444444,77.0143192488263
2024-06-26 15:49:00,82.0,,85.80357142857143,76.95798122065729
2024-06-26 15:50:00,81.25,,85.64655172413794,76.89900234741785
2024-06-26 15:51:00,81.0,,85.49166666666666,76.83914319248827
2024-06-26 15:52:00,81.0,,85.34677419354838,76.7792840375587
2024-06-26 15:53:00,80.5,,85.1953125,76.71766431924884
2024-06-26 15:54:00,80.0,,85.03787878787878,76.6542840375587
2024-06-26 15:55:00,80.0,,84.88970588235294,76.59090375586855
2024-06-26 15:56:00,80.0,,84.75,76.52752347417841
2024-06-26 15:57:00,79.0,,84.59027777777777,76.46132629107981
2024-06-26 15:58:00,79.0,,84.4391891891892,76.3955985915493
2024-06-26 15:59:00,78.25,,84.27631578947368,76.32957746478874
2024-06-26 16:00:00,78.0,,84.11538461538461,76.26267605633804
2024-06-26 16:01:00,78.0,,83.9625,76.19577464788733
2024-06-26 16:02:00,77.66666666666667,,83.8089430894309,76.12769953051644
2024-06-26 16:03:00,77.33333333333333,,83.6547619047619,76.05845070422536
2024-06-26 16:04:00,77.0,,83.5,75.98802816901409
2024-06-26 16:05:00,76.4,,83.33863636363637,75.91549295774648
2024-06-26 16:06:00,76.0,,83.17555555555556,75.84154929577464
2024-06-26 16:07:00,75.625,,83.01141304347826,75.7662852112676
2024-06-26 16:08:00,75.25,,82.84627659574468,75.68970070422536
2024-06-26 16:09:00,75.0,,82.6828125,75.61223591549296
2024-06-26 16:10:00,74.33333333333333,,82.5124149659864,75.53242370892019
2024-06-26 16:11:00,74.0,,82.34216666666667,75.4549589201878
2024-06-26 16:12:00,74.0,,82.17859477124183,75.3774941314554
2024-06-26 16:13:00,73.5,,82.01169871794872,75.29826877934273
2024-06-26 16:14:00,73.0,,81.84166666666667,75.21728286384977
2024-06-26 16:15:00,73.0,,81.67793209876544,75.13629694835682
2024-06-26 16:16:00,72.5,,81.51106060606061,75.05355046948358
2024-06-26 16:17:00,72.0,,81.34122023809525,74.96904342723006
2024-06-26 16:18:00,72.0,,81.17733918128656,74.88453638497653
2024-06-26 16:19:00,72.0,,81.01910919540231,74.80002934272301
2024-06-26 16:20:00,71.33333333333333,,80.85494350282485,74.71317488262912
2024-06-26 16:21:00,71.0,,80.69069444444445,74.62514671361502
2024-06-26 16:22:00,70.75,,80.3698611111111,74.5362382629108
2024-06-26 16:23:00,70.375,,80.04277777777777,74.44600938967136
2024-06-26 16:24:00,70.0,,79.7136111111111,74.35446009389672
2024-06-26 16:25:00,70.0,,79.39694444444444,74.26291079812206
2024-06-26 16:26:00,70.0,,79.08444444444444,74.17136150234742
2024-06-26 16:27:00,69.66666666666667,,78.77055555555556,74.07863849765259
2024-06-26 16:28:00,69.33333333333333,,78.45527777777778,73.98474178403757
2024-06-26 16:29:00,69.0,,78.1386111111111,73.88967136150235
2024-06-26 16:30:00,68.4,,77.82305555555556,73.7924882629108
2024-06-26 16:31:00,67.93333333333334,,77.50527777777778,73.69366197183099
2024-06-26 16:32:00,67.46666666666667,,77.17972222222222,73.59319248826291
2024-06-26 16:33:00,67.0,,76.8575,73.4931924882629
2024-06-26 16:34:00,67.0,,76.54083333333332,73.39460093896713
2024-06-26 16:35:00,67.0,,76.22416666666666,73.29600938967135
2024-06-26 16:36:00,67.0,,75.9075,73.19741784037558
2024-06-26 16:37:00,66.75,,75.60333333333332,73.09794600938967
2024-06-26 16:38:00,66.0,,75.28666666666666,72.99583333333332
2024-06-26 16:39:00,66.0,,74.98666666666666,72.89372065727699
2024-06-26 16:40:00,65.75,,74.68249999999999,72.7907276995305
2024-06-26 16:41:00,65.5,,74.37416666666667,72.68896713615024
2024-06-26 16:42:00,65.25,,74.06166666666667,72.58773474178405
2024-06-26 16:43:00,65.0,,73.74499999999999,72.48562206572771
2024-06-26 16:44:00,64.0,,73.42277777777778,72.3799882629108
2024-06-26 16:45:00,64.0,,73.10611111111112,72.2743544600939
2024-06-26 16:46:00,64.0,,72.80194444444444,72.168720657277
2024-06-26 16:47:00,64.0,,72.50194444444445,72.0630868544601
2024-06-26 16:48:00,64.0,,72.20194444444445,71.9574530516432
2024-06-26 16:49:00,63.0,,71.88527777777777,71.84829812206573
2024-06-26 16:50:00,63.0,,71.58111111111111,71.73914319248827
2024-06-26 16:51:00,62.75,,71.27694444444445,71.62910798122066
2024-06-26 16:52:00,62.0,,70.96027777777778,71.51643192488264
2024-06-26 16:53:00,62.0,,70.65194444444445,71.40375586854461
2024-06-26 16:54:00,62.0,,70.35194444444444,71.29460093896714
2024-06-26 16:55:00,62.0,,70.05194444444444,71.18544600938968
2024-06-26 16:56:00,61.0,,69.73527777777778,71.07276995305165
2024-06-26 16:57:00,61.0,,69.43527777777778,70.96009389671362
2024-06-26 16:58:00,61.0,,69.13527777777777,70.84829812206573
2024-06-26 16:59:00,60.0,,68.83111111111111,70.7344483568075
2024-06-26 17:00:00,60.0,,68.53111111111112,70.62177230046947
2024-06-26 17:01:00,60.0,,68.23111111111112,70.50909624413146
2024-06-26 17:02:00,60.0,,67.93666666666667,70.39642018779342
2024-06-26 17:03:00,59.0,,67.63111111111111,70.28022300469483
2024-06-26 17:04:00,58.0,,67.31444444444445,70.16402582159624
2024-06-26 17:05:00,58.0,,67.00777777777778,70.04782863849765
2024-06-26 17:06:00,58.0,,66.70777777777778,69.93163145539906
2024-06-26 17:07:00,58.0,,66.41402777777778,69.81543427230046
2024-06-26 17:08:00,58.0,,66.12652777777778,69.70099765258216
2024-06-26 17:09:00,57.25,,65.83069444444445,69.58568075117371
2024-06-26 17:10:00,57.0,,65.54180555555556,69.46948356807512
2024-06-26 17:11:00,57.0,,65.25847222222222,69.35328638497653
2024-06-26 17:12:00,56.5,,64.96680555555557,69.23532863849765
2024-06-26 17:13:00,56.0,,64.6751388888889,69.1156103286385
2024-06-26 17:14:00,56.0,,64.39180555555556,68.99589201877934
2024-06-26 17:15:00,56.0,,64.10847222222223,68.87617370892018
2024-06-26 17:16:00,56.0,,63.83347222222223,68.75645539906102
2024-06-26 17:17:00,55.75,,63.56263888888889,68.63585680751173
2024-06-26 17:18:00,55.3125,,63.284513888888895,68.51371772300469
2024-06-26 17:19:00,54.875,,62.999097222222225,68.3900381455399
2024-06-26 17:20:00,54.4375,,62.7175,68.26481807511736
2024-06-26 17:21:00,54.0,,62.43416666666667,68.13805751173709
2024-06-26 17:22:00,54.0,,62.155,68.0112969483568
2024-06-26 17:23:00,53.25,,61.86958333333334,67.88365610328638
2024-06-26 17:24:00,53.0,,61.58625,67.7568955399061
2024-06-26 17:25:00,53.0,,61.30291666666667,67.63013497652582
2024-06-26 17:26:00,52.0,,61.00291666666667,67.49985328638498
2024-06-26 17:27:00,52.0,,60.70847222222223,67.36957159624413
2024-06-26 17:28:00,52.0,,60.419583333333335,67.23928990610328
2024-06-26 17:29:00,52.0,,60.136250000000004,67.10900821596243
2024-06-26 17:30:00,52.0,,59.86291666666667,66.97960680751173
2024-06-26 17:31:00,52.0,,59.59736111111111,66.85284624413146
2024-06-26 17:32:00,51.0,,59.322916666666664,66.72256455399061
2024-06-26 17:33:00,50.25,,59.04375,66.58964201877934
2024-06-26 17:34:00,50.0,,58.760416666666664,66.45848004694835
2024-06-26 17:35:00,50.0,,58.47708333333333,66.3281983568075
2024-06-26 17:36:00,50.0,,58.19375,66.19791666666666
2024-06-26 17:37:00,49.5,,57.90625,66.0693955399061
2024-06-26 17:38:00,49.0,,57.62291666666667,65.93911384976525
2024-06-26 17:39:00,48.75,,57.33541666666667,65.80883215962442
2024-06-26 17:40:00,48.0,,57.03958333333333,65.67855046948357
2024-06-26 17:41:00,48.0,,56.74791666666667,65.54914906103286
2024-06-26 17:42:00,48.0,,56.46041666666667,65.42238849765258
2024-06-26 17:43:00,47.5,,56.16875,65.29386737089202
2024-06-26 17:44:00,47.0,,55.885416666666664,65.16358568075117
2024-06-26 17:45:00,47.0,,55.60208333333333,65.03330399061032
2024-06-26 17:46:00,47.0,,55.31875,64.90302230046947
2024-06-26 17:47:00,47.0,,55.03541666666667,64.77450117370891
2024-06-26 17:48:00,47.0,,54.75208333333333,64.64774061032864
2024-06-26 17:49:00,46.2,,54.47208333333333,64.51904342723005
2024-06-26 17:50:00,46.0,,54.18875,64.39228286384976
2024-06-26 17:51:00,46.0,,53.90958333333333,64.26552230046948
2024-06-26 17:52:00,46.0,,53.642916666666665,64.1387617370892
2024-06-26 17:53:00,46.0,,53.37625,64.01200117370892
2024-06-26 17:54:00,46.0,,53.10958333333333,63.8887617370892
2024-06-26 17:55:00,46.0,,52.84291666666666,63.765522300469485
2024-06-26 17:56:00,45.666666666666664,,52.58736111111111,63.643750000000004
2024-06-26 17:57:00,45.0,,52.32069444444444,63.520510563380284
2024-06-26 17:58:00,45.0,,52.05402777777777,63.397271126760565
2024-06-26 17:59:00,45.0,,51.80402777777777,63.27579225352113
2024-06-26 18:00:00,44.8,,51.55069444444444,63.155369718309856
2024-06-26 18:01:00,44.0,,51.28402777777777,63.03477112676056
2024-06-26 18:02:00,44.0,,51.01736111111111,62.91505281690141
2024-06-26 18:03:00,44.0,,50.76736111111111,62.795334507042256
2024-06-26 18:04:00,44.0,,50.53402777777777,62.675616197183096
2024-06-26 18:05:00,44.0,,50.30069444444444,62.559419014084504
2024-06-26 18:06:00,44.0,,50.06736111111111,62.44322183098591
2024-06-26 18:07:00,44.0,,49.83402777777778,62.32702464788732
2024-06-26 18:08:00,43.0,,49.58402777777778,62.2087147887324
2024-06-26 18:09:00,43.0,,49.34652777777777,62.09181338028169
2024-06-26 18:10:00,43.0,,49.11319444444444,61.97632042253522
2024-06-26 18:11:00,43.0,,48.87986111111111,61.86223591549296
2024-06-26 18:12:00,43.0,,48.65486111111111,61.74955985915493
2024-06-26 18:13:00,43.0,,48.43819444444444,61.63776408450704
2024-06-26 18:14:00,42.8,,48.21819444444444,61.52790492957746
2024-06-26 18:15:00,42.0,,47.98486111111111,61.415228873239435
2024-06-26 18:16:00,42.0,,47.75152777777778,61.302552816901404
2024-06-26 18:17:00,42.0,,47.52236111111111,61.19339788732394
2024-06-26 18:18:00,42.0,,47.30048611111111,61.084242957746476
2024-06-26 18:19:00,42.0,,47.085902777777775,60.97508802816901
2024-06-26 18:20:00,42.0,,46.87861111111111,60.86945422535211
2024-06-26 18:21:00,42.0,,46.67861111111111,60.76382042253521
2024-06-26 18:22:00,42.0,,46.478611111111114,60.65818661971831
2024-06-26 18:23:00,42.0,,46.291111111111114,60.55519366197183
2024-06-26 18:24:00,42.0,,46.10777777777778,60.45308098591549
2024-06-26 18:25:00,41.0,,45.90777777777778,60.34920774647887
2024-06-26 18:26:00,41.0,,45.724444444444444,60.24709507042253
2024-06-26 18:27:00,41.0,,45.541111111111114,60.144982394366195
2024-06-26 18:28:00,41.0,,45.35777777777778,60.04463028169014
2024-06-26 18:29:00,41.0,,45.17444444444445,59.94603873239436
2024-06-26 18:30:00,41.0,,44.99111111111111,59.84744718309859
2024-06-26 18:31:00,40.25,,44.79527777777778,59.747975352112675
2024-06-26 18:32:00,40.0,,44.61194444444445,59.6493838028169
2024-06-26 18:33:00,40.0,,44.44111111111111,59.550792253521124
2024-06-26 18:34:00,40.0,,44.27444444444445,59.45484154929577
2024-06-26 18:35:00,40.0,,44.10777777777778,59.35977112676056
2024-06-26 18:36:00,40.0,,43.94111111111111,59.26470070422535
2024-06-26 18:37:00,40.0,,43.78277777777778,59.170510563380276
2024-06-26 18:38:00,40.0,,43.632777777777775,59.07896126760563
2024-06-26 18:39:00,40.0,,43.48694444444445,58.98741197183098
2024-06-26 18:40:00,40.0,,43.353611111111114,58.89586267605633
2024-06-26 18:41:00,40.0,,43.22027777777778,58.80519366197183
2024-06-26 18:42:00,40.0,,43.08694444444445,58.71716549295775
2024-06-26 18:43:00,40.0,,42.96194444444445,58.62913732394366
2024-06-26 18:44:00,40.0,,42.84527777777778,58.54110915492957
2024-06-26 18:45:00,40.0,,42.728611111111114,58.45308098591549
2024-06-26 18:46:00,40.0,,42.61194444444445,58.36857394366197
2024-06-26 18:47:00,40.0,,42.49527777777778,58.28406690140845
2024-06-26 18:48:00,39.0,,42.36194444444445,58.19603873239436
2024-06-26 18:49:00,39.0,,42.24194444444445,58.108010563380276
2024-06-26 18:50:00,39.0,,42.12527777777778,58.023503521126756
2024-06-26 18:51:00,39.0,,42.008611111111115,57.940757042253516
2024-06-26 18:52:00,39.0,,41.89194444444445,57.85977112676056
2024-06-26 18:53:00,39.0,,41.77527777777778,57.7787852112676
2024-06-26 18:54:00,39.0,,41.658611111111114,57.69897300469483
2024-06-26 18:55:00,39.0,,41.54194444444445,57.6206279342723
2024-06-26 18:56:00,39.0,,41.43083333333334,57.54316314553991
2024-06-26 18:57:00,39.0,,41.33083333333334,57.465698356807515
2024-06-26 18:58:00,39.0,,41.23083333333334,57.388233568075115
2024-06-26 18:59:00,39.0,,41.13083333333334,57.31076877934272
2024-06-26 19:00:00,39.0,,41.03416666666667,57.23565140845071
2024-06-26 19:01:00,39.0,,40.950833333333335,57.161707746478875
2024-06-26 19:02:00,38.666666666666664,,40.86194444444445,57.08659037558686
2024-06-26 19:03:00,38.0,,40.761944444444445,57.00912558685446
2024-06-26 19:04:00,38.0,,40.661944444444444,56.93518192488263
2024-06-26 19:05:00,38.0,,40.56194444444444,56.86211854460094
2024-06-26 19:06:00,38.0,,40.46194444444445,56.79052230046948
2024-06-26 19:07:00,38.0,,40.36194444444445,56.71728286384976
2024-06-26 19:08:00,38.0,,40.27861111111111,56.646860328638496
2024-06-26 19:09:00,38.0,,40.195277777777775,56.576437793427225
2024-06-26 19:10:00,38.0,,40.11194444444445,56.50601525821596
2024-06-26 19:11:00,38.0,,40.02861111111111,56.43559272300469
2024-06-26 19:12:00,38.0,,39.945277777777775,56.368691314553985
2024-06-26 19:13:00,38.0,,39.86194444444445,56.302670187793424
2024-06-26 19:14:00,38.0,,39.78194444444444,56.23928990610328
2024-06-26 19:15:00,38.0,,39.71527777777778,56.175909624413144
2024-06-26 19:16:00,38.0,,39.64861111111111,56.112529342723
2024-06-26 19:17:00,38.0,,39.58194444444444,56.050909624413144
2024-06-26 19:18:00,38.0,,39.515277777777776,55.99105046948356
2024-06-26 19:19:00,38.0,,39.448611111111106,55.932365023474176
2024-06-26 19:20:00,38.0,,39.38194444444444,55.87602699530516
2024-06-26 19:21:00,38.0,,39.31527777777777,55.819688967136145
2024-06-26 19:22:00,38.0,,39.24861111111111,55.763350938967136
2024-06-26 19:23:00,38.0,,39.18194444444444,55.70701291079812
2024-06-26 19:24:00,37.333333333333336,,39.104166666666664,55.65096830985915
2024-06-26 19:25:00,37.0,,39.0375,55.594630281690144
2024-06-26 19:26:00,37.0,,38.97083333333333,55.53829225352113
2024-06-26 19:27:00,37.0,,38.90416666666667,55.48547535211268
2024-06-26 19:28:00,37.0,,38.8375,55.432658450704224
2024-06-26 19:29:00,37.0,,38.770833333333336,55.379841549295776
2024-06-26 19:30:00,37.0,,38.704166666666666,55.32702464788732
2024-06-26 19:31:00,37.0,,38.65,55.27420774647887
2024-06-26 19:32:00,37.0,,38.6,55.221390845070424
2024-06-26 19:33:00,37.0,,38.55,55.16857394366197
2024-06-26 19:34:00,36.8,,38.49666666666666,55.115052816901404
2024-06-26 19:35:00,36.0,,38.42999999999999,55.061062206572764
2024-06-26 19:36:00,36.0,,38.36333333333333,55.008245305164316
2024-06-26 19:37:00,36.0,,38.29666666666666,54.95824530516432
2024-06-26 19:38:00,36.0,,38.23,54.90894953051643
2024-06-26 19:39:00,36.0,,38.16333333333333,54.85965375586854
2024-06-26 19:40:00,36.0,,38.096666666666664,54.812118544600935
2024-06-26 19:41:00,36.0,,38.029999999999994,54.766343896713614
2024-06-26 19:42:00,36.0,,37.96333333333333,54.72197769953051
2024-06-26 19:43:00,36.0,,37.89666666666666,54.67972417840375
2024-06-26 19:44:00,36.0,,37.83,54.63747065727699
2024-06-26 19:45:00,36.0,,37.76333333333333,54.59521713615023
2024-06-26 19:46:00,36.0,,37.696666666666665,54.555604460093896
2024-06-26 19:47:00,36.0,,37.629999999999995,54.516872065727696
2024-06-26 19:48:00,36.0,,37.58,54.48095657276995
2024-06-26 19:49:00,36.0,,37.529999999999994,54.445745305164316
2024-06-26 19:50:00,36.0,,37.48,54.41053403755868
2024-06-26 19:51:00,36.0,,37.42999999999999,54.37796361502347
2024-06-26 19:52:00,36.0,,37.379999999999995,54.346273474178396
2024-06-26 19:53:00,36.0,,37.33,54.31458333333333
2024-06-26 19:54:00,,,37.30169491525423,54.351030624263835
2024-06-26 19:55:00,,,37.272413793103446,54.38773640661938
2024-06-26 19:56:00,,,37.24210526315789,54.424703440094895
2024-06-26 19:57:00,,,37.21071428571428,54.46461309523809
2024-06-26 19:58:00,,,37.17818181818182,54.50570489844683
2024-06-26 19:59:00,,,37.144444444444446,54.54949040767386
2024-06-26 20:00:00,,,37.10943396226415,54.594795427196146
2024-06-26 20:01:00,,,37.073076923076925,54.64042874396135
2024-06-26 20:02:00,,,37.04183006535948,54.68639393939394
2024-06-26 20:03:00,36.0,,37.00261437908497,54.664575757575754
2024-06-26 20:04:00,36.0,,36.96339869281046,54.64457575757576
2024-06-26 20:05:00,35.666666666666664,,36.917647058823526,54.62518181818182
2024-06-26 20:06:00,35.0,,36.858823529411765,54.55407608695653
2024-06-26 20:07:00,35.0,,36.8,54.48348375451264
2024-06-26 20:08:00,35.0,,36.741176470588236,54.41339928057555
2024-06-26 20:09:00,35.0,,36.68235294117647,54.34381720430108
2024-06-26 20:10:00,35.0,,36.62352941176471,54.27473214285715
2024-06-26 20:11:00,35.0,,36.56470588235294,54.20613879003559
2024-06-26 20:12:00,34.4,,36.49411764705882,54.135904255319154
2024-06-26 20:13:00,34.0,,36.4156862745098,54.06475265017668
2024-06-26 20:14:00,34.0,,36.33725490196078,53.99410211267606
2024-06-26 20:15:00,34.0,,36.258823529411764,53.923947368421054
2024-06-26 20:16:00,34.0,,36.180392156862744,53.854283216783216
2024-06-26 20:17:00,34.0,,36.101960784313725,53.785104529616724
2024-06-26 20:18:00,34.0,,36.023529411764706,53.716406250000006
2024-06-26 20:19:00,34.0,,35.94509803921569,53.648183391003464
2024-06-26 20:20:00,34.0,,35.86666666666667,53.580431034482764
2024-06-26 20:21:00,34.0,,35.78823529411765,53.51314432989691
2024-06-26 20:22:00,34.0,,35.70980392156863,53.446318493150685
2024-06-26 20:23:00,34.0,,35.63137254901961,53.37994880546076
2024-06-26 20:24:00,34.0,,35.566013071895426,53.3140306122449
2024-06-26 20:25:00,34.0,,35.507189542483665,53.2485593220339
2024-06-26 20:26:00,34.0,,35.4483660130719,53.183530405405406
2024-06-26 20:27:00,34.0,,35.389542483660136,53.1189393939394
2024-06-26 20:28:00,34.0,,35.33071895424837,53.054781879194636
2024-06-26 20:29:00,34.0,,35.2718954248366,52.99105351170569
2024-06-26 20:30:00,34.0,,35.21307189542484,52.92775
2024-06-26 20:31:00,34.0,,35.15424836601307,52.86486710963455
2024-06-26 20:32:00,34.0,,35.09542483660131,52.80240066225166
2024-06-26 20:33:00,34.0,,35.03660130718954,52.74034653465347
2024-06-26 20:34:00,33.0,,34.96209150326798,52.67541118421053
2024-06-26 20:35:00,33.0,,34.90326797385621,52.61090163934426
2024-06-26 20:36:00,33.0,,34.84444444444445,52.546813725490196
2024-06-26 20:37:00,33.0,,34.78562091503268,52.48314332247557
2024-06-26 20:38:00,33.0,,34.72679738562092,52.419886363636365
2024-06-26 20:39:00,33.0,,34.66797385620915,52.35703883495146
2024-06-26 20:40:00,33.0,,34.60915032679739,52.29459677419355
2024-06-26 20:41:00,33.0,,34.55032679738562,52.23255627009647
2024-06-26 20:42:00,33.0,,34.49150326797386,52.17091346153846
2024-06-26 20:43:00,33.0,,34.43267973856209,52.109664536741214
2024-06-26 20:44:00,33.0,,34.37385620915033,52.04880573248408
2024-06-26 20:45:00,33.0,,34.315032679738565,51.98833333333334
2024-06-26 20:46:00,33.0,,34.256209150326804,51.928243670886076
2024-06-26 20:47:00,33.0,,34.197385620915036,51.86853312302839
2024-06-26 20:48:00,33.0,,34.138562091503275,51.80919811320755
2024-06-26 20:49:00,32.0,,34.06013071895425,51.74710031347963
2024-06-26 20:50:00,32.0,,33.98169934640523,51.685390625000004
2024-06-26 20:51:00,32.0,,33.90326797385621,51.62406542056075
2024-06-26 20:52:00,32.0,,33.82483660130719,51.563121118012425
2024-06-26 20:53:00,32.0,,33.74640522875817,51.502554179566566
2024-06-26 20:54:00,32.0,,33.712820512820514,51.44236111111111
2024-06-26 20:55:00,32.0,,33.68050314465409,51.382538461538466
2024-06-26 20:56:00,32.0,,33.64938271604939,51.323082822085894
2024-06-26 20:57:00,32.0,,33.619393939393944,51.263990825688076
2024-06-26 20:58:00,32.0,,33.590476190476195,51.20525914634147
2024-06-26 20:59:00,32.0,,33.56257309941521,51.14688449848025
2024-06-26 21:00:00,32.0,,33.53563218390805,51.08886363636364
2024-06-26 21:01:00,32.0,,33.509604519774015,51.03119335347432
2024-06-26 21:02:00,32.0,,33.48444444444445,50.97387048192771
2024-06-26 21:03:00,32.0,,33.41777777777778,50.91689189189189
2024-06-26 21:04:00,32.0,,33.351111111111116,50.86025449101797
2024-06-26 21:05:00,32.0,,33.29,50.8039552238806
2024-06-26 21:06:00,32.0,,33.24,50.74799107142857
2024-06-26 21:07:00,32.0,,33.190000000000005,50.692359050445106
2024-06-26 21:08:00,32.0,,33.14,50.63705621301775
2024-06-26 21:09:00,32.0,,33.09,50.582079646017704
2024-06-26 21:10:00,32.0,,33.04,50.52742647058824
2024-06-26 21:11:00,32.0,,32.99,50.47309384164223
2024-06-26 21:12:00,32.0,,32.95,50.419078947368426
2024-06-26 21:13:00,32.5,,32.925,50.36683673469388
2024-06-26 21:14:00,33.333333333333336,,32.913888888888884,50.317320736434105
2024-06-26 21:15:00,34.0,,32.913888888888884,50.27002415458937
2024-06-26 21:16:00,35.4,,32.937222222222225,50.22704720616571
2024-06-26 21:17:00,36.5,,32.97888888888889,50.187487992315084
2024-06-26 21:18:00,37.25,,33.033055555555556,50.15031130268199
2024-06-26 21:19:00,38.0,,33.09972222222222,50.11549665711557
2024-06-26 21:20:00,39.4,,33.18972222222222,50.08488095238095
2024-06-26 21:21:00,40.0,,33.28972222222222,50.05614909781576
2024-06-26 21:22:00,41.25,,33.410555555555554,49.91726020892687
2024-06-26 21:23:00,42.2,,33.547222222222224,49.78107787274454
2024-06-26 21:24:00,43.333333333333336,,33.702777777777776,49.648836657169994
2024-06-26 21:25:00,44.0,,33.86944444444444,49.52063152896487
2024-06-26 21:26:00,45.25,,34.05694444444444,49.396699905033245
2024-06-26 21:27:00,46.2,,34.26027777777778,49.276187084520416
2024-06-26 21:28:00,47.0,,34.47694444444445,49.158665716999046
2024-06-26 21:29:00,48.0,,34.71027777777778,49.044705603038935
2024-06-26 21:30:00,49.0,,34.96027777777778,48.93549382716049
2024-06-26 21:31:00,50.0,,35.22694444444445,48.830080721747386
2024-06-26 21:32:00,51.0,,35.51027777777778,48.727516619183284
2024-06-26 21:33:00,52.0,,35.81027777777778,48.62970085470085
2024-06-26 21:34:00,53.0,,36.14361111111111,48.53568376068375
2024-06-26 21:35:00,54.0,,36.493611111111115,48.44451566951566
2024-06-26 21:36:00,54.75,,36.85611111111111,48.35548433048432
2024-06-26 21:37:00,55.666666666666664,,37.23388888888889,48.27191358024691
2024-06-26 21:38:00,56.6,,37.62722222222222,48.19100189933523
2024-06-26 21:39:00,58.0,,38.04388888888889,48.11692782526115
2024-06-26 21:40:00,58.5,,38.468888888888884,48.044278252611576
2024-06-26 21:41:00,59.8,,38.91555555555556,47.975332383665716
2024-06-26 21:42:00,60.666666666666664,,39.376666666666665,47.90885565052231
2024-06-26 21:43:00,61.75,,39.85583333333333,47.845465337132
2024-06-26 21:44:00,62.5,,40.3475,47.78611111111111
2024-06-26 21:45:00,63.6,,40.857499999999995,47.73084045584046
2024-06-26 21:46:00,64.66666666666667,,41.38527777777778,47.68074548907882
2024-06-26 21:47:00,65.5,,41.926944444444445,47.63373694207027
2024-06-26 21:48:00,66.25,,42.48111111111111,47.588865147198476
2024-06-26 21:49:00,67.5,,43.07277777777778,47.54755460588794
2024-06-26 21:50:00,68.25,,43.676944444444445,47.5105175688509
2024-06-26 21:51:00,69.5,,44.301944444444445,47.47775403608737
2024-06-26 21:52:00,70.4,,44.94194444444444,47.44755460588794
2024-06-26 21:53:00,71.33333333333333,,45.5975,47.421438746438746
2024-06-26 21:54:00,72.0,,46.26416666666667,47.39864672364672
2024-06-26 21:55:00,73.25,,46.95166666666667,47.379415954415954
2024-06-26 21:56:00,74.2,,47.655,47.36289173789174
2024-06-26 21:57:00,75.33333333333333,,48.37722222222222,47.35244539411206
2024-06-26 21:58:00,76.0,,49.11055555555556,47.34389838556505
2024-06-26 21:59:00,77.25,,49.86472222222222,47.341049382716044
2024-06-26 22:00:00,78.0,,50.631388888888885,47.341049382716044
2024-06-26 22:01:00,79.0,,51.41472222222222,47.34389838556505
2024-06-26 22:02:00,80.0,,52.21472222222222,47.35054605887939
2024-06-26 22:03:00,80.0,,53.01472222222222,47.35814339981006
2024-06-26 22:04:00,80.0,,53.81472222222222,47.36669040835707
2024-06-26 22:05:00,80.0,,54.61472222222222,47.376946818613476
2024-06-26 22:06:00,80.0,,55.41472222222222,47.38834283000949
2024-06-26 22:07:00,80.2,,56.21805555555556,47.40137701804368
2024-06-26 22:08:00,81.0,,57.03472222222222,47.417758784425445
2024-06-26 22:09:00,82.0,,57.86805555555556,47.437701804368466
2024-06-26 22:10:00,83.0,,58.71805555555556,47.46239316239316
2024-06-26 22:11:00,84.0,,59.584722222222226,47.49088319088319
2024-06-26 22:12:00,84.66666666666667,,60.4625,47.521272554605886
2024-06-26 22:13:00,86.0,,61.354166666666664,47.55688509021842
2024-06-26 22:14:00,88.0,,62.265277777777776,47.59962013295347
2024-06-26 22:15:00,88.0,,63.165277777777774,47.64235517568851
2024-06-26 22:16:00,89.0,,64.05861111111112,47.68936372269706
2024-06-26 22:17:00,89.0,,64.93361111111112,47.73779677113011
2024-06-26 22:18:00,90.0,,65.81277777777778,47.78907882241216
2024-06-26 22:19:00,90.0,,66.67944444444444,47.84036087369421
2024-06-26 22:20:00,90.0,,67.52277777777778,47.89354226020893
2024-06-26 22:21:00,90.0,,68.35611111111112,47.94767331433999
2024-06-26 22:22:00,90.0,,69.16861111111112,48.00251661918329
2024-06-26 22:23:00,100.0,,70.13194444444444,48.086918328585
2024-06-26 22:24:00,100.0,,71.07638888888889,48.172388414055085
2024-06-26 22:25:00,100.0,,72.00972222222222,48.25785849952517
2024-06-26 22:26:00,100.0,,72.92222222222222,48.343328584995255
2024-06-26 22:27:00,100.0,,73.81888888888889,48.42974833808167
2024-06-26 22:28:00,100.0,,74.70222222222222,48.51711775878443
2024-06-26 22:29:00,100.0,,75.56888888888889,48.60543684710352
2024-06-26 22:30:00,100.0,,76.41888888888889,48.695465337132006
2024-06-26 22:31:00,100.0,,77.25222222222222,48.78682336182336
2024-06-26 22:32:00,100.0,,78.06888888888889,48.879510921177584
2024-06-26 22:33:00,100.0,,78.86888888888889,48.97352801519468
2024-06-26 22:34:00,100.0,,79.65222222222222,49.06754510921177
2024-06-26 22:35:00,100.0,,80.41888888888889,49.16156220322887
2024-06-26 22:36:00,100.0,,81.17305555555555,49.25557929724596
2024-06-26 22:37:00,100.0,,81.91194444444446,49.3503086419753
2024-06-26 22:38:00,100.0,,82.63527777777777,49.447174738841404
2024-06-26 22:39:00,99.75,,83.33111111111111,49.54332858499525
2024-06-26 22:40:00,99.375,,84.01236111111112,49.63912630579297
2024-06-26 22:41:00,99.0,,84.66569444444444,49.73456790123456
2024-06-26 22:42:00,98.0,,85.28791666666666,49.827872744539405
2024-06-26 22:43:00,98.0,,85.89208333333333,49.9218898385565
2024-06-26 22:44:00,98.0,,86.48375,50.0187559354226
2024-06-26 22:45:00,97.33333333333333,,87.04597222222222,50.113722697056026
2024-06-26 22:46:00,97.0,,87.58486111111111,50.20773979107312
2024-06-26 22:47:00,97.0,,88.1098611111111,50.301756885090214
2024-06-26 22:48:00,97.0,,88.6223611111111,50.395773979107304
2024-06-26 22:49:00,97.0,,89.11402777777776,50.492640075973405
2024-06-26 22:50:00,97.0,,89.59319444444444,50.5895061728395
2024-06-26 22:51:00,97.0,,90.05152777777776,50.68708452041785
2024-06-26 22:52:00,97.0,,90.4948611111111,50.786799620132946
2024-06-26 22:53:00,96.33333333333333,,90.91152777777778,50.88461538461539
2024-06-26 22:54:00,96.0,,91.31152777777778,50.98148148148148
2024-06-26 22:55:00,96.0,,91.69069444444445,51.078347578347575
2024-06-26 22:56:00,96.0,,92.05402777777778,51.17806267806268
2024-06-26 22:57:00,96.0,,92.39847222222222,51.27777777777778
2024-06-26 22:58:00,96.0,,92.73180555555557,51.37749287749288
2024-06-26 22:59:00,96.0,,93.04430555555557,51.48005698005698
2024-06-26 23:00:00,95.0,,93.3276388888889,51.57977207977208
2024-06-26 23:01:00,95.0,,93.59430555555556,51.67948717948718
2024-06-26 23:02:00,95.0,,93.84430555555556,51.77920227920228
2024-06-26 23:03:00,95.0,,94.09430555555556,51.88176638176638
2024-06-26 23:04:00,95.0,,94.34430555555556,51.98717948717949
2024-06-26 23:05:00,95.0,,94.59430555555556,52.092592592592595
2024-06-26 23:06:00,94.5,,94.83597222222222,52.1965811965812
2024-06-26 23:07:00,94.0,,95.06597222222223,52.2991452991453
2024-06-26 23:08:00,94.0,,95.2826388888889,52.401709401709404
2024-06-26 23:09:00,94.0,,95.4826388888889,52.506410256410255
2024-06-26 23:10:00,94.0,,95.66597222222224,52.61182336182336
2024-06-26 23:11:00,94.0,,95.8326388888889,52.71723646723647
2024-06-26 23:12:00,94.0,,95.98819444444445,52.824074074074076
2024-06-26 23:13:00,94.0,,96.12152777777779,52.93233618233618
2024-06-26 23:14:00,94.0,,96.22152777777778,53.04059829059829
2024-06-26 23:15:00,94.0,,96.32152777777779,53.1488603988604
2024-06-26 23:16:00,93.25,,96.39236111111111,53.25498575498575
2024-06-26 23:17:00,93.0,,96.45902777777778,53.361111111111114
2024-06-26 23:18:00,93.0,,96.50902777777779,53.4684829059829
2024-06-26 23:19:00,93.0,,96.55902777777779,53.57710113960114
2024-06-26 23:20:00,93.0,,96.60902777777778,53.68696581196581
2024-06-26 23:21:00,93.0,,96.65902777777778,53.79807692307692
2024-06-26 23:22:00,93.0,,96.70902777777778,53.909188034188034
2024-06-26 23:23:00,93.0,,96.59236111111112,54.0224358974359
2024-06-26 23:24:00,93.0,,96.47569444444444,54.13639601139601
2024-06-26 23:25:00,93.0,,96.35902777777778,54.25035612535613
2024-06-26 23:26:00,93.0,,96.24236111111112,54.36716524216524
2024-06-26 23:27:00,92.25,,96.11319444444445,54.48183760683761
2024-06-26 23:28:00,92.0,,95.97986111111112,54.59579772079772
2024-06-26 23:29:00,92.0,,95.84652777777778,54.70975783475784
2024-06-26 23:30:00,92.0,,95.71319444444445,54.82371794871795
2024-06-26 23:31:00,92.0,,95.57986111111111,54.93767806267806
2024-06-26 23:32:00,92.0,,95.44652777777779,55.05448717948718
2024-06-26 23:33:00,92.0,,95.31319444444445,55.17343304843305
2024-06-26 23:34:00,92.0,,95.17986111111112,55.293091168091166
2024-06-26 23:35:00,91.5,,95.03819444444444,55.41132478632478
2024-06-26 23:36:00,91.375,,94.89444444444445,55.52920227920228
2024-06-26 23:37:00,91.25,,94.74861111111112,55.648148148148145
2024-06-26 23:38:00,91.125,,94.60069444444444,55.76816239316239
2024-06-26 23:39:00,91.0,,94.45486111111111,55.888532763532766
2024-06-26 23:40:00,91.0,,94.31527777777778,56.01103988603989
2024-06-26 23:41:00,91.0,,94.18194444444445,56.13354700854701
2024-06-26 23:42:00,90.66666666666667,,94.05972222222222,56.25510446343779
2024-06-26 23:43:00,90.33333333333333,,93.93194444444445,56.37713675213675
2024-06-26 23:44:00,90.0,,93.79861111111111,56.49964387464387
2024-06-26 23:45:00,90.0,,93.6763888888889,56.622150997150996
2024-06-26 23:46:00,90.0,,93.55972222222223,56.74465811965812
2024-06-26 23:47:00,90.0,,93.44305555555556,56.86716524216524
2024-06-26 23:48:00,90.0,,93.3263888888889,56.989672364672366
2024-06-26 23:49:00,89.83333333333333,,93.20694444444445,57.113983855650524
2024-06-26 23:50:00,89.66666666666667,,93.08472222222223,57.23839031339032
2024-06-26 23:51:00,89.5,,92.95972222222223,57.362321937321944
2024-06-26 23:52:00,89.33333333333333,,92.83194444444445,57.4857787274454
2024-06-26 23:53:00,89.16666666666667,,92.7125,57.60876068376069
2024-06-26 23:54:00,89.0,,92.59583333333333,57.731267806267816
2024-06-26 23:55:00,89.0,,92.47916666666667,57.85377492877494
2024-06-26 23:56:00,89.0,,92.3625,57.97723171889839
2024-06-26 23:57:00,89.0,,92.24583333333334,58.102587844254515
2024-06-26 23:58:00,89.0,,92.12916666666666,58.22794396961064
2024-06-26 23:59:00,89.0,,92.0125,58.35330009496677
2024-06-27 00:00:00,88.6,,91.90583333333332,58.47808641975309
2024-06-27 00:01:00,88.0,,91.78916666666666,58.60344254510922
2024-06-27 00:02:00,88.0,,91.67249999999999,58.72879867046534
2024-06-27 00:03:00,88.0,,91.55583333333333,58.854154795821465
2024-06-27 00:04:00,88.0,,91.43916666666665,58.97951092117759
2024-06-27 00:05:00,88.0,,91.32249999999999,59.10486704653371
2024-06-27 00:06:00,88.0,,91.21416666666666,59.23022317188984
2024-06-27 00:07:00,88.0,,91.11416666666666,59.35557929724597
2024-06-27 00:08:00,88.0,,91.01416666666665,59.4837844254511
2024-06-27 00:09:00,88.0,,90.91416666666666,59.61198955365622
2024-06-27 00:10:00,88.0,,90.81416666666665,59.740194681861354
2024-06-27 00:11:00,87.75,,90.71,59.86768755935423
2024-06-27 00:12:00,87.0,,90.59333333333332,59.99304368471035
2024-06-27 00:13:00,87.0,,90.47666666666666,60.11839981006648
2024-06-27 00:14:00,86.66666666666667,,90.35444444444444,60.24337606837608
2024-06-27 00:15:00,86.33333333333333,,90.22666666666666,60.36968186134853
2024-06-27 00:16:00,86.0,,90.10583333333332,60.49503798670466
2024-06-27 00:17:00,86.0,,89.98916666666666,60.62039411206079
2024-06-27 00:18:00,86.0,,89.87249999999999,60.74575023741691
2024-06-27 00:19:00,86.0,,89.75583333333333,60.871106362773034
2024-06-27 00:20:00,86.0,,89.63916666666665,60.99646248812916
2024-06-27 00:21:00,86.0,,89.5225,61.12181861348528
2024-06-27 00:22:00,86.0,,89.40583333333332,61.24717473884141
2024-06-27 00:23:00,86.0,,89.28916666666666,61.372530864197536
2024-06-27 00:24:00,86.0,,89.17249999999999,61.49788698955366
2024-06-27 00:25:00,86.0,,89.05583333333333,61.62609211775879
2024-06-27 00:26:00,86.0,,88.93916666666665,61.75429724596392
2024-06-27 00:27:00,86.0,,88.835,61.88250237416904
2024-06-27 00:28:00,86.0,,88.73499999999999,62.010707502374174
2024-06-27 00:29:00,86.0,,88.63499999999999,62.138912630579306
2024-06-27 00:30:00,85.0,,88.51833333333333,62.264268755935426
2024-06-27 00:31:00,85.0,,88.40166666666666,62.3917616334283
2024-06-27 00:32:00,85.0,,88.285,62.519966761633434
2024-06-27 00:33:00,84.66666666666667,,88.16277777777778,62.64722222222223
2024-06-27 00:34:00,84.0,,88.02944444444444,62.77257834757835
2024-06-27 00:35:00,84.0,,87.90444444444444,62.89793447293448
2024-06-27 00:36:00,84.0,,87.78152777777777,63.02329059829061
2024-06-27 00:37:00,83.0,,87.64402777777778,63.14579772079773
2024-06-27 00:38:00,83.0,,87.50861111111111,63.268304843304854
2024-06-27 00:39:00,82.75,,87.3711111111111,63.39009971509972
2024-06-27 00:40:00,82.0,,87.22111111111111,63.50975783475784
2024-06-27 00:41:00,81.75,,87.06694444444445,63.628703703703714
2024-06-27 00:42:00,81.5,,86.91416666666667,63.74693732193733
2024-06-27 00:43:00,81.25,,86.76277777777777,63.8644586894587
2024-06-27 00:44:00,81.0,,86.61277777777778,63.981267806267816
2024-06-27 00:45:00,81.0,,86.46277777777777,64.09807692307693
2024-06-27 00:46:00,81.0,,86.31277777777777,64.21488603988605
2024-06-27 00:47:00,80.0,,86.14611111111111,64.32884615384616
2024-06-27 00:48:00,80.0,,85.97944444444444,64.44565527065528
2024-06-27 00:49:00,79.75,,85.81138888888889,64.56175213675215
2024-06-27 00:50:00,79.5,,85.64194444444443,64.67713675213676
2024-06-27 00:51:00,79.25,,85.47111111111111,64.79180911680912
2024-06-27 00:52:00,79.0,,85.2988888888889,64.90576923076924
2024-06-27 00:53:00,79.0,,85.12944444444445,65.01972934472936
2024-06-27 00:54:00,78.66666666666667,,84.95722222222223,65.13273979107312
2024-06-27 00:55:00,78.33333333333333,,84.77944444444444,65.24480056980057
2024-06-27 00:56:00,78.0,,84.59611111111111,65.35591168091169
2024-06-27 00:57:00,78.0,,84.41277777777778,65.4670227920228
2024-06-27 00:58:00,78.0,,84.22944444444444,65.57813390313392
2024-06-27 00:59:00,77.5,,84.03777777777778,65.68782051282052
2024-06-27 01:00:00,77.0,,83.84444444444445,65.79608262108263
2024-06-27 01:01:00,77.0,,83.66111111111111,65.90434472934474
2024-06-27 01:02:00,77.0,,83.47777777777779,66.01355650522318
2024-06-27 01:03:00,77.0,,83.29444444444445,66.12466761633429
2024-06-27 01:04:00,77.0,,83.11111111111111,66.23577872744539
2024-06-27 01:05:00,77.0,,82.92777777777778,66.3468898385565
2024-06-27 01:06:00,77.0,,82.74444444444445,66.45800094966762
2024-06-27 01:07:00,76.25,,82.54861111111111,66.56697530864199
2024-06-27 01:08:00,76.0,,82.34861111111111,66.67523741690408
2024-06-27 01:09:00,76.0,,82.14861111111112,66.78349952516619
2024-06-27 01:10:00,75.75,,81.94444444444444,66.89104938271605
2024-06-27 01:11:00,75.5,,81.74027777777778,66.99788698955366
2024-06-27 01:12:00,75.25,,81.54444444444445,67.10401234567902
2024-06-27 01:13:00,75.0,,81.34444444444445,67.20942545109212
2024-06-27 01:14:00,75.0,,81.15,67.31483855650522
2024-06-27 01:15:00,74.5,,80.95277777777778,67.41882716049383
2024-06-27 01:16:00,74.0,,80.75277777777778,67.52139126305794
2024-06-27 01:17:00,74.0,,80.55277777777778,67.62395536562204
2024-06-27 01:18:00,74.0,,80.35277777777779,67.72651946818614
2024-06-27 01:19:00,74.0,,80.15277777777779,67.82908357075024
2024-06-27 01:20:00,73.0,,79.93611111111112,67.92879867046534
2024-06-27 01:21:00,73.0,,79.71944444444445,68.02851377018044
2024-06-27 01:22:00,72.5,,79.49444444444445,68.12680436847104
2024-06-27 01:23:00,72.0,,79.26111111111112,68.22367046533714
2024-06-27 01:24:00,72.0,,79.02777777777779,68.32243589743591
2024-06-27 01:25:00,72.0,,78.79444444444445,68.42215099715101
2024-06-27 01:26:00,72.0,,78.56111111111112,68.5218660968661
2024-06-27 01:27:00,71.75,,78.32361111111112,68.62086894586895
2024-06-27 01:28:00,71.0,,78.07361111111112,68.71773504273506
2024-06-27 01:29:00,71.0,,77.82361111111112,68.81460113960115
2024-06-27 01:30:00,,,77.70197740112995,68.9055
2024-06-27 01:31:00,,,77.57614942528735,68.99691977077364
2024-06-27 01:32:00,,,77.44590643274854,69.08886494252874
2024-06-27 01:33:00,,,77.31696428571429,69.1813400576369
2024-06-27 01:34:00,,,77.19545454545455,69.27492774566474
2024-06-27 01:35:00,,,77.06944444444444,69.3713768115942
2024-06-27 01:36:00,,,76.93867924528301,69.46838662790698
2024-06-27 01:37:00,,,76.82211538461539,69.56596209912536
2024-06-27 01:38:00,,,76.70098039215686,69.6641081871345
2024-06-27 01:39:00,68.0,,76.41176470588235,69.7576754385965
2024-06-27 01:40:00,68.0,,76.13725490196079,69.85124269005848
2024-06-27 01:41:00,67.5,,75.8578431372549,69.94334795321637
2024-06-27 01:42:00,67.0,,75.57352941176471,70.03399122807018
2024-06-27 01:43:00,66.5,,75.2843137254902,70.12317251461988
2024-06-27 01:44:00,66.0,,74.99019607843137,70.2108918128655
2024-06-27 01:45:00,66.0,,74.69607843137256,70.29861111111111
2024-06-27 01:46:00,66.0,,74.40196078431373,70.38633040935673
2024-06-27 01:47:00,65.83333333333333,,74.12418300653594,70.47356237816764
2024-06-27 01:48:00,65.66666666666667,,73.84313725490196,70.56030701754386
2024-06-27 01:49:00,65.5,,73.56372549019608,70.64656432748538
2024-06-27 01:50:00,65.33333333333333,,73.28594771241829,70.7323343079922
2024-06-27 01:51:00,65.16666666666667,,73.00980392156863,70.81761695906432
2024-06-27 01:52:00,65.0,,72.73529411764706,70.90241228070175
2024-06-27 01:53:00,65.0,,72.46078431372548,70.98720760233918
2024-06-27 01:54:00,65.0,,72.19281045751634,70.96975218658892
2024-06-27 01:55:00,64.0,,71.91176470588235,70.94949127906976
2024-06-27 01:56:00,64.0,,71.63725490196079,70.92934782608695
2024-06-27 01:57:00,64.0,,71.36274509803921,70.90932080924856
2024-06-27 01:58:00,64.0,,71.08823529411765,70.88940922190201
2024-06-27 01:59:00,64.0,,70.82352941176471,70.86961206896552
2024-06-27 02:00:00,63.333333333333336,,70.55555555555554,70.84801814708692
2024-06-27 02:01:00,63.0,,70.28104575163398,70.82559523809523
2024-06-27 02:02:00,62.5,,69.99673202614379,70.80187559354226
2024-06-27 02:03:00,62.0,,69.70261437908496,70.87594966761633
2024-06-27 02:04:00,61.666666666666664,,69.40196078431373,70.94907407407408
2024-06-27 02:05:00,61.333333333333336,,69.09477124183006,71.02219848053181
2024-06-27 02:06:00,61.0,,68.78104575163398,71.09627255460589
2024-06-27 02:07:00,60.75,,68.47712418300652,71.16963437796771
2024-06-27 02:08:00,60.5,,68.17320261437908,71.24228395061729
2024-06-27 02:09:00,60.25,,67.86437908496731,71.3142212725546
2024-06-27 02:10:00,60.0,,67.55555555555554,71.38544634377968
2024-06-27 02:11:00,60.0,,67.2516339869281,71.45667141500475
2024-06-27 02:12:00,59.833333333333336,,66.94934640522875,71.52913105413106
2024-06-27 02:13:00,59.666666666666664,,66.6486928104575,71.6022554605888
2024-06-27 02:14:00,59.5,,66.34477124183006,71.67490503323836
2024-06-27 02:15:00,59.333333333333336,,66.04738562091502,71.74707977207977
2024-06-27 02:16:00,59.166666666666664,,65.75653594771241,71.81877967711301
2024-06-27 02:17:00,59.0,,65.4624183006536,71.89000474833809
2024-06-27 02:18:00,58.8,,65.16437908496732,71.96066001899335
2024-06-27 02:19:00,58.0,,64.85065359477125,72.02903608736942
2024-06-27 02:20:00,58.0,,64.55653594771242,72.09741215574549
2024-06-27 02:21:00,58.0,,64.2624183006536,72.16578822412156
2024-06-27 02:22:00,57.0,,63.95849673202614,72.23131528964862
2024-06-27 02:23:00,57.0,,63.664379084967315,72.29684235517568
2024-06-27 02:24:00,56.75,,63.36535947712418,72.3616571699905
2024-06-27 02:25:00,56.0,,63.0516339869281,72.42433523266857
2024-06-27 02:26:00,,,62.87266666666667,72.53411904761904
2024-06-27 02:27:00,,,62.69149659863945,72.64453199617955
2024-06-27 02:28:00,,,62.51840277777777,72.7555795019157
2024-06-27 02:29:00,,,62.33794326241134,72.86726705091259
2024-06-27 02:30:00,,,62.33794326241134,72.97960019267822
2024-06-27 02:31:00,,,62.33794326241134,73.0925845410628
2024-06-27 02:32:00,56.0,,62.20590277777777,73.15635265700483
2024-06-27 02:33:00,56.0,,62.07925170068027,73.22012077294686
2024-06-27 02:34:00,56.0,,61.95766666666666,73.28678743961352
2024-06-27 02:35:00,,,61.95766666666666,73.40390019379845
2024-06-27 02:36:00,,,61.95766666666666,73.52169582118562
2024-06-27 02:37:00,,,61.95766666666666,73.64018031189083
2024-06-27 02:38:00,,,61.95766666666666,73.7593597262952
2024-06-27 02:39:00,,,61.8343537414966,73.87924019607843
2024-06-27 02:40:00,,,61.70590277777777,73.9998279252704
2024-06-27 02:41:00,,,61.58262411347518,74.1211291913215
2024-06-27 02:42:00,,,61.46485507246376,74.24315034619188
2024-06-27 02:43:00,,,61.35296296296296,74.36589781746031
2024-06-27 02:44:00,,,61.24734848484848,74.48937810945273
2024-06-27 02:45:00,,,61.13682170542636,74.61359780439122
2024-06-27 02:46:00,,,61.021031746031746,74.73856356356356
2024-06-27 02:47:00,,,60.90365853658537,74.86428212851405
2024-06-27 02:48:00,,,60.78458333333333,74.99076032225578
2024-06-27 02:49:00,,,60.66367521367521,75.12103535353535
2024-06-27 02:50:00,,,60.540789473684214,75.25210233029382
2024-06-27 02:51:00,,,60.41576576576576,75.38396849593495
2024-06-27 02:52:00,,,60.28842592592592,75.51664118246687
2024-06-27 02:53:00,,,60.15380952380952,75.65012781186094
2024-06-27 02:54:00,,,60.01127450980392,75.7844358974359
2024-06-27 02:55:00,,,59.890404040404036,75.91957304526748
2024-06-27 02:56:00,,,59.76197916666666,76.05554695562435
2024-06-27 02:57:00,,,59.625268817204294,76.19236542443063
2024-06-27 02:58:00,,,59.47944444444444,76.33003634475597
2024-06-27 02:59:00,,,59.3235632183908,76.46856770833332
2024-06-27 03:00:00,,,59.18035714285714,76.60796760710554
2024-06-27 03:01:00,,,59.038888888888884,76.74824423480084
2024-06-27 03:02:00,,,58.90576923076923,76.88940588853838
2024-06-27 03:03:00,,,58.782,77.03146097046414
2024-06-27 03:04:00,,,58.66180555555555,77.17441798941799
2024-06-27 03:05:00,,,58.54565217391304,77.3182855626327
2024-06-27 03:06:00,,,58.434090909090905,77.46307241746538
2024-06-27 03:07:00,,,58.32380952380952,77.60878739316239
2024-06-27 03:08:00,,,58.214999999999996,77.75543944265809
2024-06-27 03:09:00,,,58.107894736842105,77.9030376344086
2024-06-27 03:10:00,,,58.00277777777777,78.05159115426106
2024-06-27 03:11:00,,,57.88529411764706,78.2011093073593
2024-06-27 03:12:00,,,57.76354166666667,78.35160152008686
2024-06-27 03:13:00,,,57.63666666666666,78.50144335511982
2024-06-27 03:14:00,85.0,,59.336666666666666,78.67028867102397
2024-06-27 03:15:00,85.0,,61.04777777777778,78.83695533769064
2024-06-27 03:16:00,85.0,,62.769999999999996,78.9990468409586
2024-06-27 03:17:00,85.0,,64.50333333333333,79.15754357298475
2024-06-27 03:18:00,84.25,,66.2,79.31113834422658
2024-06-27 03:19:00,84.0,,67.93333333333334,79.4614651416122
2024-06-27 03:20:00,84.0,,69.66666666666667,79.60721677559913
2024-06-27 03:21:00,84.0,,71.4,79.75100762527234
2024-06-27 03:22:00,84.0,,73.2,79.89071350762528
2024-06-27 03:23:00,83.66666666666667,,74.97777777777779,80.02622549019608
2024-06-27 03:24:00,83.33333333333333,,76.75,80.15694444444443
2024-06-27 03:25:00,83.0,,78.55,80.28439542483659
2024-06-27 03:26:00,,,78.55,80.39926229508195
2024-06-27 03:27:00,,,78.55,80.51175986842105
2024-06-27 03:28:00,,,78.55,80.6223597359736
2024-06-27 03:29:00,,,78.55,80.73038079470199
2024-06-27 03:30:00,,,78.55,80.83579734219269
2024-06-27 03:31:00,,,78.55,80.93858333333334
2024-06-27 03:32:00,81.0,,80.21666666666667,81.03858333333334
2024-06-27 03:33:00,81.0,,81.88333333333334,81.13525
2024-06-27 03:34:00,81.0,,83.55,81.22858333333333
2024-06-27 03:35:00,80.0,,83.328125,81.31525
2024-06-27 03:36:00,80.0,,83.13235294117646,81.39941666666667
2024-06-27 03:37:00,80.0,,82.95833333333333,81.48052777777778
2024-06-27 03:38:00,80.0,,82.80263157894737,81.55852777777778
2024-06-27 03:39:00,80.0,,82.6625,81.63186111111112
2024-06-27 03:40:00,80.0,,82.53571428571429,81.70352777777778
2024-06-27 03:41:00,79.66666666666667,,82.40530303030303,81.76975
2024-06-27 03:42:00,79.33333333333334,,82.27173913043478,81.83197222222222
2024-06-27 03:43:00,79.0,,82.13541666666667,81.88947222222222
2024-06-27 03:44:00,79.0,,82.01,81.94447222222222
2024-06-27 03:45:00,79.0,,81.89423076923077,81.99580555555555
2024-06-27 03:46:00,79.0,,81.78703703703704,82.04358333333333
2024-06-27 03:47:00,78.5,,81.66964285714286,82.08691666666667
2024-06-27 03:48:00,78.0,,81.54310344827586,82.12608333333334
2024-06-27 03:49:00,78.0,,81.425,82.16108333333334
2024-06-27 03:50:00,78.0,,81.31451612903226,82.19358333333334
2024-06-27 03:51:00,77.6,,81.1984375,82.22058333333334
2024-06-27 03:52:00,77.0,,81.07121212121211,82.24258333333334
2024-06-27 03:53:00,77.0,,80.9514705882353,82.26147222222222
2024-06-27 03:54:00,76.33333333333333,,80.81952380952382,82.27591666666667
2024-06-27 03:55:00,76.0,,80.68564814814815,82.28508333333333
2024-06-27 03:56:00,76.0,,80.55900900900902,82.29108333333333
2024-06-27 03:57:00,,,80.55900900900902,82.31435340022297
2024-06-27 03:58:00,,,80.55900900900902,82.33554250559284
2024-06-27 03:59:00,,,80.55900900900902,82.35266554433221
2024-06-27 04:00:00,,,80.55900900900902,82.3673704954955
2024-06-27 04:01:00,,,80.55900900900902,82.37878531073447
2024-06-27 04:02:00,,,80.55900900900902,82.38687641723357
2024-06-27 04:03:00,,,80.55900900900902,82.39502275312856
2024-06-27 04:04:00,,,80.55900900900902,82.40322488584475
2024-06-27 04:05:00,,,80.55900900900902,82.4114833906071
2024-06-27 04:06:00,,,80.55900900900902,82.41979885057472
2024-06-27 04:07:00,,,80.55900900900902,82.4274798154556
2024-06-27 04:08:00,,,80.55900900900902,82.4324363425926
2024-06-27 04:09:00,74.0,,80.38640350877193,82.40465856481482
2024-06-27 04:10:00,73.75,,80.21623931623932,82.37254050925927
2024-06-27 04:11:00,73.0,,80.03583333333333,82.33434606481482
2024-06-27 04:12:00,73.0,,79.86422764227642,82.29383680555556
2024-06-27 04:13:00,73.0,,79.70079365079366,82.24869791666667
2024-06-27 04:14:00,73.0,,79.41507936507936,82.19661458333333
2024-06-27 04:15:00,73.0,,79.12936507936509,82.14453125
2024-06-27 04:16:00,72.4,,78.82936507936509,82.08689236111111
2024-06-27 04:17:00,72.0,,78.51984126984128,82.02786458333334
2024-06-27 04:18:00,72.0,,78.22817460317461,81.96536458333334
2024-06-27 04:19:00,72.0,,77.94246031746032,81.90286458333334
2024-06-27 04:20:00,71.66666666666667,,77.64880952380952,81.83920717592592
2024-06-27 04:21:00,71.0,,77.33928571428571,81.7732349537037
2024-06-27 04:22:00,71.0,,77.0297619047619,81.70726273148148
2024-06-27 04:23:00,71.0,,76.72817460317461,81.60656828703704
2024-06-27 04:24:00,70.6,,76.425,81.50448495370371
2024-06-27 04:25:00,70.33333333333333,,76.1234126984127,81.40147569444444
2024-06-27 04:26:00,70.0,,75.98100775193798,81.29730902777777
2024-06-27 04:27:00,70.0,,75.84507575757576,81.19314236111111
2024-06-27 04:28:00,70.0,,75.71518518518519,81.08897569444444
2024-06-27 04:29:00,70.0,,75.59094202898551,80.98480902777777
2024-06-27 04:30:00,69.2,,75.4549645390071,80.87786458333333
2024-06-27 04:31:00,69.0,,75.32048611111111,80.77022569444445
2024-06-27 04:32:00,69.0,,75.07048611111111,80.66258680555556
2024-06-27 04:33:00,68.2,,74.80381944444444,80.5521701388889
2024-06-27 04:34:00,68.0,,74.53298611111111,80.44105902777778
2024-06-27 04:35:00,68.0,,74.28298611111111,80.32994791666667
2024-06-27 04:36:00,68.0,,74.03298611111111,80.21883680555555
2024-06-27 04:37:00,68.0,,73.78298611111111,80.10772569444445
2024-06-27 04:38:00,67.0,,73.51215277777779,79.99314236111111
2024-06-27 04:39:00,67.0,,73.24131944444444,79.87942708333334
2024-06-27 04:40:00,67.0,,72.97048611111111,79.7670138888889
2024-06-27 04:41:00,66.25,,72.69097222222223,79.65329861111111
2024-06-27 04:42:00,66.0,,72.41319444444444,79.54218750000001
2024-06-27 04:43:00,66.0,,72.14236111111111,79.4310763888889
2024-06-27 04:44:00,66.0,,71.87152777777779,79.31996527777778
2024-06-27 04:45:00,65.25,,71.58506944444444,79.2085648148148
2024-06-27 04:46:00,65.0,,71.29340277777779,79.0974537037037
2024-06-27 04:47:00,65.0,,71.01215277777779,78.98634259259259
2024-06-27 04:48:00,65.0,,70.74131944444444,78.87523148148148
2024-06-27 04:49:00,64.25,,70.45486111111111,78.7615162037037
2024-06-27 04:50:00,64.0,,70.16319444444444,78.64693287037036
2024-06-27 04:51:00,64.0,,69.87986111111111,78.53234953703704
2024-06-27 04:52:00,64.0,,69.60902777777778,78.4177662037037
2024-06-27 04:53:00,64.0,,69.33819444444445,78.30549768518517
2024-06-27 04:54:00,64.0,,69.08125,78.19438657407406
2024-06-27 04:55:00,63.0,,68.81041666666667,78.07980324074073
2024-06-27 04:56:00,63.0,,68.53958333333334,77.9652199074074
2024-06-27 04:57:00,62.75,,68.42142857142858,77.8497685185185
2024-06-27 04:58:00,62.0,,68.293,77.73171296296294
2024-06-27 04:59:00,62.0,,68.16960784313726,77.6136574074074
2024-06-27 05:00:00,62.0,,68.05096153846154,77.49907407407406
2024-06-27 05:01:00,62.0,,67.93679245283019,77.38449074074073
2024-06-27 05:02:00,62.0,,67.82685185185186,77.2699074074074
2024-06-27 05:03:00,62.0,,67.72090909090909,77.15532407407406
2024-06-27 05:04:00,61.666666666666664,,67.61279761904761,77.03958333333333
2024-06-27 05:05:00,61.0,,67.496783625731,76.92152777777777
2024-06-27 05:06:00,61.0,,67.38477011494253,76.80520833333333
2024-06-27 05:07:00,60.25,,67.2638418079096,76.68802083333333
2024-06-27 05:08:00,60.0,,67.14277777777778,76.56996527777777
2024-06-27 05:09:00,60.0,,66.90944444444445,76.45190972222221
2024-06-27 05:10:00,60.0,,66.68027777777777,76.33385416666665
2024-06-27 05:11:00,59.75,,66.45944444444444,76.21493055555555
2024-06-27 05:12:00,59.666666666666664,,66.23722222222221,76.09571759259259
2024-06-27 05:13:00,59.0,,66.00388888888888,75.9741898148148
2024-06-27 05:14:00,59.0,,65.77055555555555,75.85266203703704
2024-06-27 05:15:00,58.333333333333336,,65.5261111111111,75.72881944444444
2024-06-27 05:16:00,58.0,,65.28611111111111,75.6064236111111
2024-06-27 05:17:00,58.0,,65.05277777777778,75.48489583333333
2024-06-27 05:18:00,58.0,,64.81944444444444,75.36336805555555
2024-06-27 05:19:00,57.666666666666664,,64.58055555555555,75.24068287037036
2024-06-27 05:20:00,57.0,,64.33611111111111,75.11568287037036
2024-06-27 05:21:00,57.0,,64.10277777777777,74.99068287037036
2024-06-27 05:22:00,56.75,,63.86527777777778,74.8648148148148
2024-06-27 05:23:00,56.0,,63.61527777777778,74.73634259259259
2024-06-27 05:24:00,56.0,,63.371944444444445,74.60787037037036
2024-06-27 05:25:00,56.0,,63.13305555555555,74.47939814814815
2024-06-27 05:26:00,56.0,,62.899722222222216,74.35092592592592
2024-06-27 05:27:00,55.75,,62.66222222222222,74.2241898148148
2024-06-27 05:28:00,55.0,,62.41222222222222,74.09571759259259
2024-06-27 05:29:00,55.0,,62.16222222222222,73.96724537037036
2024-06-27 05:30:00,55.0,,61.925555555555555,73.83877314814815
2024-06-27 05:31:00,54.0,,61.675555555555555,73.7068287037037
2024-06-27 05:32:00,54.0,,61.425555555555555,73.57488425925925
2024-06-27 05:33:00,54.0,,61.18888888888888,73.4429398148148
2024-06-27 05:34:00,54.0,,60.95555555555555,73.31099537037036
2024-06-27 05:35:00,53.25,,60.70972222222222,73.17818287037036
2024-06-27 05:36:00,53.0,,60.45972222222222,73.04493634259259
2024-06-27 05:37:00,52.75,,60.20555555555555,72.91125578703704
2024-06-27 05:38:00,52.5,,59.96388888888888,72.7771412037037
2024-06-27 05:39:00,52.25,,59.71805555555555,72.64259259259259
2024-06-27 05:40:00,52.0,,59.46805555555555,72.50717592592592
2024-06-27 05:41:00,52.0,,59.23055555555555,72.37175925925925
2024-06-27 05:42:00,52.0,,58.99722222222222,72.23750000000001
2024-06-27 05:43:00,51.2,,58.75055555555556,72.10162037037037
2024-06-27 05:44:00,51.0,,58.50055555555556,71.9662037037037
2024-06-27 05:45:00,51.0,,58.26305555555555,71.83078703703704
2024-06-27 05:46:00,51.0,,58.02972222222222,71.69537037037037
2024-06-27 05:47:00,51.0,,57.79638888888889,71.5599537037037
2024-06-27 05:48:00,51.0,,57.56305555555556,71.42453703703704
2024-06-27 05:49:00,50.2,,57.32888888888888,71.28692129629628
2024-06-27 05:50:00,50.0,,57.09555555555555,71.1491898148148
2024-06-27 05:51:00,50.0,,56.86222222222222,71.01203703703703
2024-06-27 05:52:00,50.0,,56.62888888888889,70.87546296296296
2024-06-27 05:53:00,50.0,,56.39555555555555,70.73946759259258
2024-06-27 05:54:00,50.0,,56.16222222222222,70.60405092592592
2024-06-27 05:55:00,49.0,,55.928888888888885,70.46516203703703
2024-06-27 05:56:00,49.0,,55.69555555555555,70.32627314814813
2024-06-27 05:57:00,49.0,,55.466388888888886,70.18738425925925
2024-06-27 05:58:00,48.0,,55.23305555555555,70.04502314814813
2024-06-27 05:59:00,48.0,,54.99972222222222,69.90266203703703
2024-06-27 06:00:00,48.0,,54.76638888888888,69.76168981481482
2024-06-27 06:01:00,48.0,,54.53305555555555,69.62280092592592
2024-06-27 06:02:00,48.0,,54.29972222222222,69.48391203703703
2024-06-27 06:03:00,47.6,,54.05972222222222,69.34363425925926
2024-06-27 06:04:00,47.0,,53.81527777777777,69.20127314814815
2024-06-27 06:05:00,47.0,,53.58194444444444,69.05891203703703
2024-06-27 06:06:00,46.25,,53.33611111111111,68.91394675925926
2024-06-27 06:07:00,46.0,,53.09861111111111,68.76811342592593
2024-06-27 06:08:00,46.0,,52.86527777777778,68.62228009259259
2024-06-27 06:09:00,46.0,,52.63194444444444,68.47644675925926
2024-06-27 06:10:00,45.0,,52.38194444444444,68.3271412037037
2024-06-27 06:11:00,45.0,,52.136111111111106,68.1787037037037
2024-06-27 06:12:00,44.75,,51.8875,68.03200231481482
2024-06-27 06:13:00,44.0,,51.6375,67.88269675925926
2024-06-27 06:14:00,44.0,,51.3875,67.73454861111111
2024-06-27 06:15:00,44.0,,51.14861111111111,67.58755787037038
2024-06-27 06:16:00,44.0,,50.915277777777774,67.44172453703703
2024-06-27 06:17:00,44.0,,50.68194444444444,67.2958912037037
2024-06-27 06:18:00,43.5,,50.44027777777777,67.14832175925926
2024-06-27 06:19:00,43.0,,50.19583333333333,66.9990162037037
2024-06-27 06:20:00,42.75,,49.958333333333336,66.84884259259259
2024-06-27 06:21:00,42.0,,49.708333333333336,66.69606481481482
2024-06-27 06:22:00,42.0,,49.4625,66.54328703703703
2024-06-27 06:23:00,42.0,,49.229166666666664,66.39050925925926
2024-06-27 06:24:00,42.0,,48.99583333333333,66.23773148148149
2024-06-27 06:25:00,42.0,,48.7625,66.0849537037037
2024-06-27 06:26:00,42.0,,48.52916666666667,65.93217592592593
2024-06-27 06:27:00,42.0,,48.3,65.77939814814815
2024-06-27 06:28:00,41.4,,48.07333333333334,65.62453703703703
2024-06-27 06:29:00,41.0,,47.84,65.46828703703703
2024-06-27 06:30:00,41.0,,47.60666666666667,65.31550925925926
2024-06-27 06:31:00,41.0,,47.39,65.16273148148147
2024-06-27 06:32:00,41.0,,47.17333333333333,65.0099537037037
2024-06-27 06:33:00,40.6,,46.95,64.85694444444444
2024-06-27 06:34:00,40.25,,46.72083333333333,64.70503472222222
2024-06-27 06:35:00,40.0,,46.5,64.55225694444444
2024-06-27 06:36:00,40.0,,46.28333333333333,64.39947916666667
2024-06-27 06:37:00,40.0,,46.07083333333333,64.25017361111111
2024-06-27 06:38:00,40.0,,45.8625,64.10086805555555
2024-06-27 06:39:00,40.0,,45.65833333333333,63.95243055555555
2024-06-27 06:40:00,40.0,,45.458333333333336,63.80659722222222
2024-06-27 06:41:00,40.0,,45.25833333333333,63.661631944444444
2024-06-27 06:42:00,40.0,,45.05833333333333,63.51753472222222
2024-06-27 06:43:00,40.0,,44.87166666666666,63.37430555555555
2024-06-27 06:44:00,40.0,,44.688333333333325,63.231944444444444
2024-06-27 06:45:00,40.0,,44.504999999999995,63.08958333333333
2024-06-27 06:46:00,40.0,,44.321666666666665,62.94722222222222
2024-06-27 06:47:00,40.0,,44.13833333333333,62.80833333333333
2024-06-27 06:48:00,39.0,,43.938333333333325,62.66597222222222
2024-06-27 06:49:00,39.0,,43.751666666666665,62.524479166666666
2024-06-27 06:50:00,39.0,,43.568333333333335,62.383854166666666
2024-06-27 06:51:00,39.0,,43.385,62.24409722222222
2024-06-27 06:52:00,39.0,,43.20166666666667,62.10520833333333
2024-06-27 06:53:00,39.0,,43.01833333333333,61.966319444444444
2024-06-27 06:54:00,38.666666666666664,,42.82944444444445,61.827430555555566
2024-06-27 06:55:00,38.2,,42.64944444444445,61.688078703703695
2024-06-27 06:56:00,38.0,,42.46611111111111,61.54918981481481
2024-06-27 06:57:00,38.0,,42.28277777777778,61.41030092592592
2024-06-27 06:58:00,38.0,,42.11611111111111,61.27141203703703
2024-06-27 06:59:00,38.0,,41.949444444444445,61.13425925925925
2024-06-27 07:00:00,38.0,,41.78277777777778,60.99884259259258
2024-06-27 07:01:00,38.0,,41.61611111111111,60.86342592592592
2024-06-27 07:02:00,,,41.507909604519774,60.80720092915214
2024-06-27 07:03:00,,,41.40287356321839,60.750582750582744
2024-06-27 07:04:00,,,41.3046783625731,60.69356725146198
2024-06-27 07:05:00,,,41.20297619047619,60.63615023474178
2024-06-27 07:06:00,,,41.11121212121213,60.578327444051816
2024-06-27 07:07:00,,,41.02067901234568,60.52275413711583
2024-06-27 07:08:00,,,40.92672955974843,60.467674970344
2024-06-27 07:09:00,,,40.829166666666666,60.41220238095237
2024-06-27 07:10:00,,,40.74738562091503,60.357228195937864
2024-06-27 07:11:00,,,40.66233333333333,60.30275779376498
2024-06-27 07:12:00,,,40.57891156462585,60.24879663056557
2024-06-27 07:13:00,,,40.507638888888884,60.19535024154588
2024-06-27 07:14:00,,,40.43333333333333,60.141515151515144
2024-06-27 07:15:00,,,40.35579710144928,60.08911192214111
2024-06-27 07:16:00,,,40.27481481481481,60.03815628815628
2024-06-27 07:17:00,,,40.19015151515151,59.986825980392155
2024-06-27 07:18:00,,,40.11317829457364,59.93511685116851
2024-06-27 07:19:00,,,40.044444444444444,59.883024691358024
2024-06-27 07:20:00,,,39.978455284552844,59.83426270136307
2024-06-27 07:21:00,,,39.92791666666666,59.785136815920396
2024-06-27 07:22:00,,,39.87478632478632,59.73751560549313
2024-06-27 07:23:00,,,39.81885964912281,59.69141604010025
2024-06-27 07:24:00,,,39.75990990990991,59.644968553459115
2024-06-27 07:25:00,,,39.69768518518518,59.59816919191919
2024-06-27 07:26:00,,,39.63190476190476,59.55101394169835
2024-06-27 07:27:00,,,39.562254901960785,59.50445292620865
2024-06-27 07:28:00,,,39.506565656565655,59.460408684546614
2024-06-27 07:29:00,,,39.459895833333334,59.41602564102564
2024-06-27 07:30:00,,,39.410215053763444,59.41602564102564
2024-06-27 07:31:00,,,39.35722222222223,59.41602564102564
2024-06-27 07:32:00,,,39.30057471264368,59.41602564102564
2024-06-27 07:33:00,,,39.25416666666666,59.41602564102564
2024-06-27 07:34:00,,,39.21728395061728,59.41602564102564
2024-06-27 07:35:00,,,39.187179487179485,59.41602564102564
2024-06-27 07:36:00,,,39.154666666666664,59.41602564102564
2024-06-27 07:37:00,,,39.11944444444445,59.41602564102564
2024-06-27 07:38:00,,,39.08115942028986,59.41602564102564
2024-06-27 07:39:00,,,39.03939393939394,59.38288288288288
2024-06-27 07:40:00,,,38.993650793650794,59.349483204134366
2024-06-27 07:41:00,,,38.943333333333335,59.3177691309987
2024-06-27 07:42:00,,,38.887719298245614,59.287760416666664
2024-06-27 07:43:00,,,38.82592592592593,59.25947712418301
2024-06-27 07:44:00,,,38.75686274509804,59.23293963254593
2024-06-27 07:45:00,,,38.67916666666667,59.206192358366266
2024-06-27 07:46:00,,,38.59111111111111,59.179232804232804
2024-06-27 07:47:00,,,38.490476190476194,59.15272244355909
2024-06-27 07:48:00,,,38.45128205128205,59.126666666666665
2024-06-27 07:49:00,,,38.40555555555555,59.10107095046854
2024-06-27 07:50:00,,,38.351515151515144,59.07594086021505
2024-06-27 07:51:00,,,38.28666666666666,59.05128205128205
2024-06-27 07:52:00,,,,59.02710027100271
2024-06-27 07:53:00,,,,59.00272108843537
2024-06-27 07:54:00,,,,58.97814207650273
2024-06-27 07:55:00,,,,58.95747599451303
2024-06-27 07:56:00,,,,58.9366391184573
2024-06-27 07:57:00,,,,58.91562932226832
2024-06-27 07:58:00,,,,58.89444444444444
2024-06-27 07:59:00,,,,58.87308228730823
2024-06-27 08:00:00,,,,58.85434173669467
2024-06-27 08:01:00,,,,58.83684950773558
2024-06-27 08:02:00,,,,58.82132768361581
2024-06-27 08:03:00,,,,58.80780141843971
2024-06-27 08:04:00,,,,58.79558404558404
2024-06-27 08:05:00,,,,58.78469241773962
2024-06-27 08:06:00,,,,58.775143678160916
2024-06-27 08:07:00,,,,58.76659451659451
2024-06-27 08:08:00,,,,58.759057971014485
2024-06-27 08:09:00,,,,58.75254730713245
2024-06-27 08:10:00,,,,58.747076023391806
2024-06-27 08:11:00,,,,58.74155653450807
2024-06-27 08:12:00,,,,58.736725663716804
2024-06-27 08:13:00,,,,58.73259259259259
2024-06-27 08:14:00,,,,58.729166666666664
2024-06-27 08:15:00,,,,58.72645739910313
2024-06-27 08:16:00,,,,58.72447447447447
2024-06-27 08:17:00,,,,58.72322775263951
2024-06-27 08:18:00,,,,58.722878787878784
2024-06-27 08:19:00,,,,58.726179604261795
2024-06-27 08:20:00,,,,58.729510703363914
2024-06-27 08:21:00,,,,58.73287250384024
2024-06-27 08:22:00,,,,58.740895061728395
2024-06-27 08:23:00,,,,58.74899224806202
2024-06-27 08:24:00,,,,58.75833333333333
2024-06-27 08:25:00,,,,58.77128325508607
2024-06-27 08:26:00,,,,58.77128325508607
2024-06-27 08:27:00,,,,58.77128325508607
2024-06-27 08:28:00,,,,58.77128325508607
2024-06-27 08:29:00,,,,58.77128325508607
2024-06-27 08:30:00,,,,58.77128325508607
2024-06-27 08:31:00,,,,58.77128325508607
2024-06-27 08:32:00,,,,58.78435534591195
2024-06-27 08:33:00,,,,58.79755134281201
2024-06-27 08:34:00,,,,58.810873015873014
2024-06-27 08:35:00,,,,58.810873015873014
2024-06-27 08:36:00,,,,58.810873015873014
2024-06-27 08:37:00,,,,58.810873015873014
2024-06-27 08:38:00,,,,58.810873015873014
2024-06-27 08:39:00,,,,58.810873015873014
2024-06-27 08:40:00,,,,58.810873015873014
2024-06-27 08:41:00,,,,58.810873015873014
2024-06-27 08:42:00,,,,58.810873015873014
2024-06-27 08:43:00,,,,58.810873015873014
2024-06-27 08:44:00,,,,58.810873015873014
2024-06-27 08:45:00,,,,58.810873015873014
2024-06-27 08:46:00,,,,58.810873015873014
2024-06-27 08:47:00,,,,58.810873015873014
2024-06-27 08:48:00,,,,58.810873015873014
2024-06-27 08:49:00,,,,58.810873015873014
2024-06-27 08:50:00,,,,58.810873015873014
2024-06-27 08:51:00,,,,58.810873015873014
2024-06-27 08:52:00,,,,58.810873015873014
2024-06-27 08:53:00,,,,58.810873015873014
2024-06-27 08:54:00,,,,58.810873015873014
2024-06-27 08:55:00,,,,58.810873015873014
2024-06-27 08:56:00,,,,58.810873015873014
2024-06-27 08:57:00,,,,58.810873015873014
2024-06-27 08:58:00,,,,58.810873015873014
2024-06-27 08:59:00,,,,58.810873015873014
2024-06-27 09:00:00,,,,58.810873015873014
2024-06-27 09:01:00,,,,58.810873015873014
2024-06-27 09:02:00,,,,58.810873015873014
2024-06-27 09:03:00,,,,58.810873015873014
2024-06-27 09:04:00,,,,58.810873015873014
2024-06-27 09:05:00,,,,58.810873015873014
2024-06-27 09:06:00,,,,58.810873015873014
2024-06-27 09:07:00,,,,58.810873015873014
2024-06-27 09:08:00,,,,58.810873015873014
2024-06-27 09:09:00,,,,58.810873015873014
2024-06-27 09:10:00,,,,58.810873015873014
2024-06-27 09:11:00,,,,58.810873015873014
2024-06-27 09:12:00,,,,58.810873015873014
2024-06-27 09:13:00,,,,58.810873015873014
2024-06-27 09:14:00,,,,58.68556618819777
2024-06-27 09:15:00,,,,58.55905448717949
2024-06-27 09:16:00,,,,58.431320450885664
2024-06-27 09:17:00,,,,58.30234627831715
2024-06-27 09:18:00,,,,58.175772357723574
2024-06-27 09:19:00,,,,58.04918300653595
2024-06-27 09:20:00,,,,57.92134646962233
2024-06-27 09:21:00,,,,57.79224422442244
2024-06-27 09:22:00,,,,57.661857379767824
2024-06-27 09:23:00,,,,57.531833333333324
2024-06-27 09:24:00,,,,57.40217755443886
2024-06-27 09:25:00,,,,57.27289562289562
2024-06-27 09:26:00,,,,57.27289562289562
2024-06-27 09:27:00,,,,57.27289562289562
2024-06-27 09:28:00,,,,57.27289562289562
2024-06-27 09:29:00,,,,57.27289562289562
2024-06-27 09:30:00,,,,57.27289562289562
2024-06-27 09:31:00,,,,57.27289562289562
2024-06-27 09:32:00,,,,57.15245346869712
2024-06-27 09:33:00,,,,57.03078231292517
2024-06-27 09:34:00,,,,56.90786324786325
2024-06-27 09:35:00,,,,56.78883161512027
2024-06-27 09:36:00,,,,56.66856649395509
2024-06-27 09:37:00,,,,56.54704861111111
2024-06-27 09:38:00,,,,56.42425828970331
2024-06-27 09:39:00,,,,56.30017543859649
2024-06-27 09:40:00,,,,56.174779541446206
2024-06-27 09:41:00,,,,56.04982269503545
2024-06-27 09:42:00,,,,55.925311942959
2024-06-27 09:43:00,,,,55.80125448028674
2024-06-27 09:44:00,,,,55.67585585585585
2024-06-27 09:45:00,,,,55.54909420289855
2024-06-27 09:46:00,,,,55.42094717668488
2024-06-27 09:47:00,,,,55.29413919413919
2024-06-27 09:48:00,,,,55.16869244935543
2024-06-27 09:49:00,,,,55.04185185185185
2024-06-27 09:50:00,,,,54.91359404096834
2024-06-27 09:51:00,,,,54.786142322097376
2024-06-27 09:52:00,,,,54.66064030131826
2024-06-27 09:53:00,,,,54.53371212121212
2024-06-27 09:54:00,,,,54.40914285714285
2024-06-27 09:55:00,,,,54.28505747126436
2024-06-27 09:56:00,,,,54.15953757225433
2024-06-27 09:57:00,,,,54.15953757225433
2024-06-27 09:58:00,,,,54.15953757225433
2024-06-27 09:59:00,,,,54.15953757225433
2024-06-27 10:00:00,38.0,,,54.06666666666667
2024-06-27 10:01:00,38.0,,,53.97485714285715
2024-06-27 10:02:00,38.0,,,53.88409090909091
2024-06-27 10:03:00,,,,53.88409090909091
2024-06-27 10:04:00,,,,53.88409090909091
2024-06-27 10:05:00,,,,53.88409090909091
2024-06-27 10:06:00,,,,53.88409090909091
2024-06-27 10:07:00,,,,53.88409090909091
2024-06-27 10:08:00,,,,53.88409090909091
2024-06-27 10:09:00,,,,53.76914285714286
2024-06-27 10:10:00,,,,53.654310344827586
2024-06-27 10:11:00,,,,53.54248554913295
2024-06-27 10:12:00,,,,53.42936046511628
2024-06-27 10:13:00,,,,53.314912280701755
2024-06-27 10:14:00,,,,53.19911764705883
2024-06-27 10:15:00,,,,53.081952662721896
2024-06-27 10:16:00,,,,52.96696428571429
2024-06-27 10:17:00,,,,52.85299401197605
2024-06-27 10:18:00,,,,52.737650602409644
2024-06-27 10:19:00,,,,52.620909090909095
2024-06-27 10:20:00,,,,52.50477642276424
2024-06-27 10:21:00,,,,52.39130879345604
2024-06-27 10:22:00,,,,52.27644032921812
2024-06-27 10:23:00,,,,52.16014492753624
2024-06-27 10:24:00,,,,52.04489583333334
2024-06-27 10:25:00,,,,51.92987421383648
2024-06-27 10:26:00,,,,51.81550632911392
2024-06-27 10:27:00,,,,51.699681528662424
2024-06-27 10:28:00,,,,51.5823717948718
2024-06-27 10:29:00,,,,51.46354838709678
2024-06-27 10:30:00,,,,51.34837662337663
2024-06-27 10:31:00,,,,51.233006535947716
2024-06-27 10:32:00,,,,51.11611842105263
2024-06-27 10:33:00,,,,51.00298013245033
2024-06-27 10:34:00,,,,50.88966666666667
2024-06-27 10:35:00,,,,50.774832214765105
2024-06-27 10:36:00,,,,50.65844594594595
2024-06-27 10:37:00,,,,50.5404761904762
2024-06-27 10:38:00,,,,50.427739726027404
2024-06-27 10:39:00,,,,50.31344827586207
2024-06-27 10:40:00,,,,50.19756944444445
2024-06-27 10:41:00,,,,50.08531468531469
2024-06-27 10:42:00,,,,49.97323943661972
2024-06-27 10:43:00,,,,49.859574468085114
2024-06-27 10:44:00,,,,49.744285714285716
2024-06-27 10:45:00,,,,49.632733812949645
2024-06-27 10:46:00,,,,49.52137681159421
2024-06-27 10:47:00,,,,49.408394160583946
2024-06-27 10:48:00,,,,49.29375
2024-06-27 10:49:00,,,,49.18296296296297
2024-06-27 10:50:00,,,,49.072388059701495
2024-06-27 10:51:00,,,,48.960150375939854
2024-06-27 10:52:00,,,,48.846212121212126
2024-06-27 10:53:00,,,,48.730534351145046
2024-06-27 10:54:00,,,,48.61307692307693
2024-06-27 10:55:00,,,,48.50155038759691
2024-06-27 10:56:00,,,,48.388281250000006
2024-06-27 10:57:00,,,,48.275196850393705
2024-06-27 10:58:00,,,,48.166269841269845
2024-06-27 10:59:00,,,,48.055600000000005
2024-06-27 11:00:00,,,,47.94314516129033
2024-06-27 11:01:00,,,,47.82886178861789
2024-06-27 11:02:00,,,,47.71270491803279
2024-06-27 11:03:00,,,,47.59462809917356
2024-06-27 11:04:00,,,,47.477361111111115
2024-06-27 11:05:00,,,,47.36372549019608
2024-06-27 11:06:00,,,,47.248163841807916
2024-06-27 11:07:00,,,,47.13703703703704
2024-06-27 11:08:00,,,,47.02614942528736
2024-06-27 11:09:00,,,,46.913333333333334
2024-06-27 11:10:00,,,,46.79853801169591
2024-06-27 11:11:00,,,,46.68392330383481
2024-06-27 11:12:00,,,,46.568005952380965
2024-06-27 11:13:00,,,,46.456006006006014
2024-06-27 11:14:00,,,,46.341969696969706
2024-06-27 11:15:00,,,,46.23195718654435
2024-06-27 11:16:00,,,,46.1229938271605
2024-06-27 11:17:00,,,,46.01199376947041
2024-06-27 11:18:00,,,,45.898899371069184
2024-06-27 11:19:00,,,,45.78682539682541
2024-06-27 11:20:00,,,,45.67900641025642
2024-06-27 11:21:00,,,,45.5690938511327
2024-06-27 11:22:00,,,,45.45947712418302
2024-06-27 11:23:00,,,,45.35511551155116
2024-06-27 11:24:00,,,,45.24866666666668
2024-06-27 11:25:00,,,,45.140067340067354
2024-06-27 11:26:00,,,,45.029251700680284
2024-06-27 11:27:00,,,,44.91872852233678
2024-06-27 11:28:00,,,,44.81371527777779
2024-06-27 11:29:00,,,,44.706491228070185
2024-06-27 11:30:00,,,,44.59698581560285
2024-06-27 11:31:00,,,,44.49587813620073
2024-06-27 11:32:00,,,,44.392572463768126
2024-06-27 11:33:00,,,,44.286996336996346
2024-06-27 11:34:00,,,,44.17907407407408
2024-06-27 11:35:00,,,,44.077153558052444
2024-06-27 11:36:00,,,,43.975757575757584
2024-06-27 11:37:00,,,,43.87490421455939
2024-06-27 11:38:00,,,,43.77461240310078
2024-06-27 11:39:00,,,,43.67490196078432
2024-06-27 11:40:00,,,,43.575793650793656
2024-06-27 11:41:00,,,,43.474297188755024
2024-06-27 11:42:00,,,,43.37032520325204
2024-06-27 11:43:00,,,,43.27366255144034
2024-06-27 11:44:00,,,,43.17708333333334
2024-06-27 11:45:00,,,,43.07805907172997
2024-06-27 11:46:00,,,,42.976495726495735
2024-06-27 11:47:00,,,,42.872294372294384
2024-06-27 11:48:00,,,,42.76535087719299
2024-06-27 11:49:00,,,,42.66622222222224
2024-06-27 11:50:00,,,,42.56711711711713
2024-06-27 11:51:00,,,,42.46529680365298
2024-06-27 11:52:00,,,,42.36064814814816
2024-06-27 11:53:00,,,,42.2530516431925
2024-06-27 11:54:00,,,,42.14238095238097
2024-06-27 11:55:00,,,,42.04299516908214
2024-06-27 11:56:00,,,,41.940686274509815
2024-06-27 11:57:00,,,,41.83532338308459
2024-06-27 11:58:00,,,,41.74191919191921
2024-06-27 11:59:00,,,,41.64564102564104
2024-06-27 12:00:00,,,,41.54635416666668
2024-06-27 12:01:00,,,,41.44391534391536
2024-06-27 12:02:00,,,,41.338172043010765
2024-06-27 12:03:00,,,,41.23551912568307
2024-06-27 12:04:00,,,,41.13944444444446
2024-06-27 12:05:00,,,,41.040112994350295
2024-06-27 12:06:00,,,,40.95028735632185
2024-06-27 12:07:00,,,,40.86169590643276
2024-06-27 12:08:00,,,,40.769940476190484
2024-06-27 12:09:00,,,,40.674848484848496
2024-06-27 12:10:00,,,,40.594753086419765
2024-06-27 12:11:00,,,,40.5116352201258
2024-06-27 12:12:00,,,,40.43012820512821
2024-06-27 12:13:00,,,,40.36013071895426
2024-06-27 12:14:00,,,,40.28733333333335
2024-06-27 12:15:00,,,,40.21156462585036
2024-06-27 12:16:00,,,,40.132638888888906
2024-06-27 12:17:00,,,,40.050354609929094
2024-06-27 12:18:00,,,,39.975362318840595
2024-06-27 12:19:00,,,,39.908148148148165
2024-06-27 12:20:00,,,,39.84356060606063
2024-06-27 12:21:00,,,,39.793410852713194
2024-06-27 12:22:00,,,,39.740873015873035
2024-06-27 12:23:00,,,,39.6857723577236
2024-06-27 12:24:00,,,,39.627916666666685
2024-06-27 12:25:00,,,,39.567094017094036
2024-06-27 12:26:00,,,,39.503070175438616
2024-06-27 12:27:00,,,,39.435585585585606
2024-06-27 12:28:00,,,,39.38101851851854
2024-06-27 12:29:00,,,,39.334761904761926
2024-06-27 12:30:00,,,,39.285784313725514
2024-06-27 12:31:00,,,,39.2338383838384
2024-06-27 12:32:00,,,,39.178645833333356
2024-06-27 12:33:00,,,,39.13279569892476
2024-06-27 12:34:00,,,,39.095555555555585
2024-06-27 12:35:00,,,,
2024-06-27 12:36:00,,,,
2024-06-27 12:37:00,,,,
2024-06-27 12:38:00,,,,
2024-06-27 12:39:00,,,,
2024-06-27 12:40:00,,,,
2024-06-27 12:41:00,,,,
2024-06-27 12:42:00,,,,
2024-06-27 12:43:00,,,,
2024-06-27 12:44:00,,,,
2024-06-27 12:45:00,,,,
2024-06-27 12:46:00,,,,
2024-06-27 12:47:00,,,,
2024-06-27 12:48:00,,,,
2024-06-27 12:49:00,,,,
2024-06-27 12:50:00,,,,
2024-06-27 12:51:00,,,,
2024-06-27 12:52:00,,,,
2024-06-27 12:53:00,,,,
2024-06-27 12:54:00,,,,
2024-06-27 12:55:00,,,,
2024-06-27 12:56:00,,,,
2024-06-27 12:57:00,,,,
2024-06-27 12:58:00,,,,
2024-06-27 12:59:00,,,,
2024-06-27 13:00:00,,,,
2024-06-27 13:01:00,,,,
2024-06-27 13:02:00,,,,
2024-06-27 13:03:00,,,,
2024-06-27 13:04:00,,,,
2024-06-27 13:05:00,,,,
2024-06-27 13:06:00,,,,
2024-06-27 13:07:00,,,,
2024-06-27 13:08:00,,,,
2024-06-27 13:09:00,,,,
2024-06-27 13:10:00,,,,
2024-06-27 13:11:00,,,,
2024-06-27 13:12:00,,,,
2024-06-27 13:13:00,,,,
2024-06-27 13:14:00,,,,
2024-06-27 13:15:00,,,,
2024-06-27 13:16:00,,,,
2024-06-27 13:17:00,,,,
2024-06-27 13:18:00,,,,
2024-06-27 13:19:00,,,,
2024-06-27 13:20:00,,,,
2024-06-27 13:21:00,,,,
2024-06-27 13:22:00,,,,
2024-06-27 13:23:00,,,,
2024-06-27 13:24:00,,,,
2024-06-27 13:25:00,,,,
2024-06-27 13:26:00,,,,
2024-06-27 13:27:00,,,,
2024-06-27 13:28:00,,,,
2024-06-27 13:29:00,,,,
2024-06-27 13:30:00,,,,
2024-06-27 13:31:00,,,,
2024-06-27 13:32:00,,,,
2024-06-27 13:33:00,,,,
2024-06-27 13:34:00,,,,
2024-06-27 13:35:00,,,,
2024-06-27 13:36:00,,,,
2024-06-27 13:37:00,,,,
2024-06-27 13:38:00,,,,
2024-06-27 13:39:00,,,,
2024-06-27 13:40:00,,,,
2024-06-27 13:41:00,,,,
2024-06-27 13:42:00,,,,
2024-06-27 13:43:00,,,,
2024-06-27 13:44:00,,,,
2024-06-27 13:45:00,,,,
2024-06-27 13:46:00,,,,
2024-06-27 13:47:00,,,,
2024-06-27 13:48:00,,,,
2024-06-27 13:49:00,,,,
2024-06-27 13:50:00,,,,
2024-06-27 13:51:00,,,,
2024-06-27 13:52:00,,,,
2024-06-27 13:53:00,,,,
2024-06-27 13:54:00,,,,
2024-06-27 13:55:00,,,,
2024-06-27 13:56:00,,,,
2024-06-27 13:57:00,,,,
2024-06-27 13:58:00,,,,
2024-06-27 13:59:00,,,,
2024-06-27 14:00:00,,,,
2024-06-27 14:01:00,,,,
2024-06-27 14:02:00,,,,
2024-06-27 14:03:00,,,,
2024-06-27 14:04:00,,,,
2024-06-27 14:05:00,,,,
2024-06-27 14:06:00,100.0,,,
2024-06-27 14:07:00,100.0,,,
2024-06-27 14:08:00,100.0,,,
2024-06-27 14:09:00,100.0,,,
2024-06-27 14:10:00,100.0,,,
2024-06-27 14:11:00,100.0,,,
2024-06-27 14:12:00,99.5,,,
2024-06-27 14:13:00,99.0,,,
2024-06-27 14:14:00,99.0,,,
2024-06-27 14:15:00,99.0,,99.65,
2024-06-27 14:16:00,99.0,,99.5909090909091,
2024-06-27 14:17:00,98.25,,99.47916666666667,
2024-06-27 14:18:00,98.0,,99.36538461538461,
2024-06-27 14:19:00,98.0,,99.26785714285714,
2024-06-27 14:20:00,98.0,,99.18333333333334,
2024-06-27 14:21:00,98.0,,99.109375,
2024-06-27 14:22:00,98.0,,99.04411764705883,
2024-06-27 14:23:00,97.5,,98.95833333333333,
2024-06-27 14:24:00,97.0,,98.85526315789474,
2024-06-27 14:25:00,97.0,,98.7625,
2024-06-27 14:26:00,97.0,,98.67857142857143,
2024-06-27 14:27:00,97.0,,98.60227272727273,
2024-06-27 14:28:00,97.0,,98.53260869565217,
2024-06-27 14:29:00,97.0,,98.46875,
2024-06-27 14:30:00,97.0,,98.41,
2024-06-27 14:31:00,97.0,,98.35576923076923,
2024-06-27 14:32:00,97.0,,98.30555555555556,92.275
2024-06-27 14:33:00,97.0,,98.25892857142857,92.4274193548387
2024-06-27 14:34:00,97.0,,98.21551724137932,92.5703125
2024-06-27 14:35:00,96.2,,98.14833333333333,92.68030303030302
2024-06-27 14:36:00,96.0,,98.07903225806452,92.77794117647058
2024-06-27 14:37:00,96.0,,98.0140625,92.86999999999999
2024-06-27 14:38:00,96.0,,97.9530303030303,92.95694444444445
2024-06-27 14:39:00,96.0,,97.89558823529411,93.03918918918919
2024-06-27 14:40:00,96.0,,97.84142857142857,93.1171052631579
2024-06-27 14:41:00,96.0,,97.79027777777777,93.19102564102563
2024-06-27 14:42:00,96.0,,97.74189189189188,93.26124999999999
2024-06-27 14:43:00,96.0,,97.69605263157894,93.3280487804878
2024-06-27 14:44:00,96.0,,97.6525641025641,93.39166666666667
2024-06-27 14:45:00,96.0,,97.61125,93.45232558139534
2024-06-27 14:46:00,96.0,,97.57195121951219,93.51022727272726
2024-06-27 14:47:00,96.0,,97.5345238095238,93.56555555555555
2024-06-27 14:48:00,96.0,,97.49883720930232,93.61847826086957
2024-06-27 14:49:00,96.0,,97.46477272727272,93.6691489361702
2024-06-27 14:50:00,96.0,,97.43222222222222,93.71770833333333
2024-06-27 14:51:00,96.0,,97.40108695652174,93.7642857142857
2024-06-27 14:52:00,96.0,,97.37127659574467,93.809
2024-06-27 14:53:00,96.0,,97.34270833333333,93.85196078431372
2024-06-27 14:54:00,96.0,,97.31530612244897,93.89326923076922
2024-06-27 14:55:00,95.75,,97.28399999999999,93.92830188679245
2024-06-27 14:56:00,95.0,,97.2392156862745,93.94814814814815
2024-06-27 14:57:00,95.0,,97.19615384615385,93.96727272727273
2024-06-27 14:58:00,95.0,,97.15471698113207,93.98571428571428
2024-06-27 14:59:00,95.0,,97.1148148148148,94.00350877192982
2024-06-27 15:00:00,95.0,,97.07636363636364,94.0206896551724
2024-06-27 15:01:00,95.0,,97.03928571428571,94.03728813559322
2024-06-27 15:02:00,95.0,,97.00350877192982,94.05333333333333
2024-06-27 15:03:00,95.0,,96.96896551724137,94.06885245901638
2024-06-27 15:04:00,95.0,,96.93559322033899,94.08387096774193
2024-06-27 15:05:00,95.0,,96.90333333333334,94.0984126984127
2024-06-27 15:06:00,95.0,,96.82,94.1125
2024-06-27 15:07:00,95.0,,96.73666666666666,94.12615384615384
2024-06-27 15:08:00,94.4,,96.64333333333335,94.13030303030304
2024-06-27 15:09:00,94.0,,96.54333333333334,94.12835820895523
2024-06-27 15:10:00,94.0,,96.44333333333334,94.12647058823529
2024-06-27 15:11:00,94.0,,96.34333333333333,94.12463768115943
2024-06-27 15:12:00,94.0,,96.25166666666668,94.12285714285714
2024-06-27 15:13:00,94.0,,96.16833333333334,94.12112676056339
2024-06-27 15:14:00,94.0,,96.08500000000001,94.11944444444445
2024-06-27 15:15:00,94.0,,96.00166666666668,94.11780821917809
2024-06-27 15:16:00,94.0,,95.91833333333334,94.11621621621622
2024-06-27 15:17:00,94.0,,95.84750000000001,94.11466666666666
2024-06-27 15:18:00,94.0,,95.78083333333333,94.11315789473684
2024-06-27 15:19:00,93.25,,95.70166666666667,94.10194805194806
2024-06-27 15:20:00,93.0,,95.61833333333334,94.08782051282051
2024-06-27 15:21:00,93.0,,95.53500000000001,94.0740506329114
2024-06-27 15:22:00,93.0,,95.45166666666667,94.060625
2024-06-27 15:23:00,93.0,,95.37666666666668,94.04753086419754
2024-06-27 15:24:00,93.0,,95.31,94.03475609756099
2024-06-27 15:25:00,92.8,,95.24,94.01987951807229
2024-06-27 15:26:00,92.25,,95.16083333333333,93.99880952380951
2024-06-27 15:27:00,92.0,,95.0775,93.97529411764705
2024-06-27 15:28:00,92.0,,94.99416666666666,93.95232558139534
2024-06-27 15:29:00,92.0,,94.91083333333333,93.92988505747125
2024-06-27 15:30:00,92.0,,94.8275,93.90795454545454
2024-06-27 15:31:00,92.0,,94.74416666666666,93.88651685393258
2024-06-27 15:32:00,92.0,,94.66083333333333,93.86555555555555
2024-06-27 15:33:00,91.0,,94.56083333333332,93.83406593406593
2024-06-27 15:34:00,91.0,,94.46083333333333,93.80326086956521
2024-06-27 15:35:00,91.0,,94.37416666666667,93.77311827956989
2024-06-27 15:36:00,91.0,,94.29083333333332,93.74361702127659
2024-06-27 15:37:00,90.5,,94.19916666666667,93.70947368421052
2024-06-27 15:38:00,90.0,,94.09916666666666,93.67083333333333
2024-06-27 15:39:00,90.0,,93.99916666666667,93.63298969072164
2024-06-27 15:40:00,90.0,,93.89916666666666,93.59591836734694
2024-06-27 15:41:00,90.0,,93.79916666666666,93.55959595959595
2024-06-27 15:42:00,90.0,,93.69916666666667,93.524
2024-06-27 15:43:00,89.0,,93.5825,93.47920792079208
2024-06-27 15:44:00,89.0,,93.46583333333334,93.43529411764706
2024-06-27 15:45:00,88.8,,93.34583333333333,93.39029126213593
2024-06-27 15:46:00,88.0,,93.2125,93.33846153846154
2024-06-27 15:47:00,88.0,,93.07916666666667,93.28761904761906
2024-06-27 15:48:00,88.0,,92.94583333333334,93.2377358490566
2024-06-27 15:49:00,87.66666666666667,,92.80694444444445,93.18566978193147
2024-06-27 15:50:00,87.0,,92.65694444444445,93.1283950617284
2024-06-27 15:51:00,87.0,,92.50694444444444,93.07217125382263
2024-06-27 15:52:00,86.75,,92.35277777777779,93.01469696969697
2024-06-27 15:53:00,86.0,,92.18611111111112,92.9515015015015
2024-06-27 15:54:00,86.0,,92.01944444444445,92.88943452380953
2024-06-27 15:55:00,86.0,,91.85694444444445,92.82846607669616
2024-06-27 15:56:00,86.0,,91.70694444444445,92.76856725146199
2024-06-27 15:57:00,86.0,,91.55694444444445,92.70971014492754
2024-06-27 15:58:00,86.0,,91.40694444444445,92.65186781609195
2024-06-27 15:59:00,86.0,,91.25694444444444,92.59501424501424
2024-06-27 16:00:00,86.0,,91.10694444444445,93.00527065527065
2024-06-27 16:01:00,86.0,,90.95694444444445,93.41552706552707
2024-06-27 16:02:00,86.0,,90.80694444444445,93.82578347578348
2024-06-27 16:03:00,85.8,,90.65361111111112,93.75776836158191
2024-06-27 16:04:00,85.6,,90.49694444444444,93.68921568627451
2024-06-27 16:05:00,85.4,,90.33694444444446,93.62013888888889
2024-06-27 16:06:00,85.2,,90.17361111111111,93.55055096418732
2024-06-27 16:07:00,85.0,,90.00694444444444,93.48046448087432
2024-06-27 16:08:00,85.0,,89.85027777777778,93.41151761517615
2024-06-27 16:09:00,85.0,,89.70027777777777,93.34368279569892
2024-06-27 16:10:00,84.0,,89.53361111111111,93.26893333333334
2024-06-27 16:11:00,84.0,,89.36694444444444,93.19537037037037
2024-06-27 16:12:00,84.0,,89.20027777777777,93.1229658792651
2024-06-27 16:13:00,84.0,,89.03361111111111,93.05169270833333
2024-06-27 16:14:00,84.0,,88.86694444444444,92.98152454780362
2024-06-27 16:15:00,84.0,,88.70027777777777,92.9124358974359
2024-06-27 16:16:00,83.75,,88.52944444444444,92.84249363867684
2024-06-27 16:17:00,83.0,,88.34611111111111,92.7679292929293
2024-06-27 16:18:00,83.0,,88.16277777777778,92.69448621553884
2024-06-27 16:19:00,,,88.07655367231638,92.69448621553884
2024-06-27 16:20:00,,,87.99166666666666,92.69448621553884
2024-06-27 16:21:00,,,87.90380116959064,92.69448621553884
2024-06-27 16:22:00,,,87.81279761904761,92.69448621553884
2024-06-27 16:23:00,,,87.71848484848485,92.69448621553884
2024-06-27 16:24:00,,,87.62067901234568,92.69448621553884
2024-06-27 16:25:00,,,87.52295597484277,92.69448621553884
2024-06-27 16:26:00,,,87.43205128205129,92.69448621553884
2024-06-27 16:27:00,,,87.34248366013072,92.69448621553884
2024-06-27 16:28:00,,,87.24933333333334,92.69448621553884
2024-06-27 16:29:00,,,87.15238095238097,92.69448621553884
2024-06-27 16:30:00,,,87.0513888888889,92.69448621553884
2024-06-27 16:31:00,,,86.94609929078014,92.69448621553884
2024-06-27 16:32:00,,,86.83623188405797,92.69448621553884
2024-06-27 16:33:00,,,86.7437037037037,92.69448621553884
2024-06-27 16:34:00,,,86.64696969696969,92.69448621553884
2024-06-27 16:35:00,,,86.54573643410853,92.69448621553884
2024-06-27 16:36:00,,,86.43968253968254,92.69448621553884
2024-06-27 16:37:00,,,86.34065040650407,92.69448621553884
2024-06-27 16:38:00,,,86.24916666666667,92.69448621553884
2024-06-27 16:39:00,,,86.15299145299146,92.69448621553884
2024-06-27 16:40:00,,,86.05175438596491,92.69448621553884
2024-06-27 16:41:00,,,85.94504504504505,92.69448621553884
2024-06-27 16:42:00,,,85.8324074074074,92.69448621553884
2024-06-27 16:43:00,,,85.74190476190476,92.69448621553884
2024-06-27 16:44:00,,,85.64607843137254,92.69448621553884
2024-06-27 16:45:00,,,85.55050505050507,92.69448621553884
2024-06-27 16:46:00,,,85.47395833333334,92.69448621553884
2024-06-27 16:47:00,,,85.39247311827958,92.69448621553884
2024-06-27 16:48:00,,,85.30555555555557,92.69448621553884
2024-06-27 16:49:00,,,85.22413793103448,92.69448621553884
2024-06-27 16:50:00,,,85.16071428571429,92.69448621553884
2024-06-27 16:51:00,,,85.0925925925926,92.69448621553884
2024-06-27 16:52:00,,,85.02884615384616,92.69448621553884
2024-06-27 16:53:00,,,84.99,92.69448621553884
2024-06-27 16:54:00,,,84.94791666666667,92.69448621553884
2024-06-27 16:55:00,,,84.90217391304348,92.69448621553884
2024-06-27 16:56:00,,,84.85227272727273,92.69448621553884
2024-06-27 16:57:00,,,84.79761904761905,92.69448621553884
2024-06-27 16:58:00,,,84.7375,92.69448621553884
2024-06-27 16:59:00,,,84.67105263157895,92.69448621553884
2024-06-27 17:00:00,,,84.59722222222223,92.69448621553884
2024-06-27 17:01:00,,,84.51470588235294,92.69448621553884
2024-06-27 17:02:00,,,84.421875,92.69448621553884
2024-06-27 17:03:00,,,84.33,92.69448621553884
2024-06-27 17:04:00,,,84.23928571428573,92.69448621553884
2024-06-27 17:05:00,,,84.15,92.69448621553884
2024-06-27 17:06:00,,,84.06250000000001,92.69448621553884
2024-06-27 17:07:00,,,83.97727272727273,92.69448621553884
2024-06-27 17:08:00,,,83.87500000000001,92.69448621553884
2024-06-27 17:09:00,,,,92.69448621553884
2024-06-27 17:10:00,,,,92.69448621553884
2024-06-27 17:11:00,,,,92.69448621553884
2024-06-27 17:12:00,,,,92.69448621553884
2024-06-27 17:13:00,,,,92.69448621553884
2024-06-27 17:14:00,,,,92.69448621553884
2024-06-27 17:15:00,68.0,,,92.51019900497512
2024-06-27 17:16:00,68.0,,,92.32864197530864
2024-06-27 17:17:00,67.0,,,92.14240196078431
2024-06-27 17:18:00,67.0,,,91.9588807785888
2024-06-27 17:19:00,67.0,,,91.7780193236715
2024-06-27 17:20:00,66.5,,,91.59616306954436
2024-06-27 17:21:00,66.0,,,91.41333333333334
2024-06-27 17:22:00,66.0,,,91.23309692671396
2024-06-27 17:23:00,66.0,,,91.05539906103286
2024-06-27 17:24:00,65.25,,66.675,90.87494172494172
2024-06-27 17:25:00,65.0,,66.52272727272727,90.69525462962963
2024-06-27 17:26:00,65.0,,66.39583333333333,90.5180459770115
2024-06-27 17:27:00,64.5,,66.25,90.3398401826484
2024-06-27 17:28:00,64.0,,66.08928571428571,90.16065759637188
2024-06-27 17:29:00,64.0,,65.95,89.9838963963964
2024-06-27 17:30:00,64.0,,65.828125,89.80950782997763
2024-06-27 17:31:00,63.0,,65.66176470588235,89.63077777777778
2024-06-27 17:32:00,63.0,,65.51388888888889,89.45441501103753
2024-06-27 17:33:00,62.666666666666664,,65.3640350877193,89.2781798245614
2024-06-27 17:34:00,62.0,,65.19583333333334,89.09989106753812
2024-06-27 17:35:00,62.0,,65.0436507936508,88.92391774891775
2024-06-27 17:36:00,62.0,,64.90530303030303,88.75021505376344
2024-06-27 17:37:00,61.75,,64.76811594202898,88.57713675213675
2024-06-27 17:38:00,61.0,,64.61111111111111,88.40148619957537
2024-06-27 17:39:00,61.0,,64.46666666666667,88.22805907172996
2024-06-27 17:40:00,60.5,,64.31410256410257,88.05366876310272
2024-06-27 17:41:00,60.0,,64.15432098765433,87.87833333333333
2024-06-27 17:42:00,60.0,,64.00595238095238,87.70517598343685
2024-06-27 17:43:00,60.0,,63.867816091954026,87.53415637860083
2024-06-27 17:44:00,59.0,,63.705555555555556,87.35910020449897
2024-06-27 17:45:00,59.0,,63.553763440860216,87.18617886178862
2024-06-27 17:46:00,58.0,,63.380208333333336,87.00929292929293
2024-06-27 17:47:00,58.0,,63.21717171717171,86.83453815261043
2024-06-27 17:48:00,58.0,,63.06372549019608,86.66187624750499
2024-06-27 17:49:00,57.25,,62.897619047619045,86.48680555555555
2024-06-27 17:50:00,57.0,,62.73379629629629,86.31232741617357
2024-06-27 17:51:00,57.0,,62.578828828828826,86.13990196078431
2024-06-27 17:52:00,56.0,,62.40570175438596,85.96364522417154
2024-06-27 17:53:00,56.0,,62.24145299145299,85.78943798449612
2024-06-27 17:54:00,56.0,,62.08541666666666,85.61724470134874
2024-06-27 17:55:00,56.0,,61.93699186991869,85.447030651341
2024-06-27 17:56:00,55.0,,61.77182539682539,85.27304761904762
2024-06-27 17:57:00,55.0,,61.61434108527131,85.10104166666666
2024-06-27 17:58:00,55.0,,61.46401515151515,84.93097928436912
2024-06-27 17:59:00,55.0,,61.32037037037037,84.7628277153558
2024-06-27 18:00:00,55.0,,61.18297101449275,84.59655493482309
2024-06-27 18:01:00,55.0,,61.05141843971631,84.43212962962963
2024-06-27 18:02:00,54.8,,60.92118055555556,84.26841620626152
2024-06-27 18:03:00,54.0,,60.779931972789115,84.10210622710623
2024-06-27 18:04:00,54.0,,60.644333333333336,83.93761384335156
2024-06-27 18:05:00,54.0,,60.5140522875817,83.77490942028986
2024-06-27 18:06:00,53.333333333333336,,60.37596153846154,83.61036036036036
2024-06-27 18:07:00,53.0,,60.236792452830194,83.44578853046595
2024-06-27 18:08:00,52.0,,60.08425925925926,83.27762923351159
2024-06-27 18:09:00,52.0,,59.93727272727273,83.11125886524822
2024-06-27 18:10:00,52.0,,59.79553571428572,82.94664902998235
2024-06-27 18:11:00,51.5,,59.650000000000006,82.7811403508772
2024-06-27 18:12:00,51.0,,59.50086206896552,82.61474694589877
2024-06-27 18:13:00,50.666666666666664,,59.351129943502826,82.44835069444444
2024-06-27 18:14:00,50.33333333333333,,59.200833333333335,82.28195164075993
2024-06-27 18:15:00,50.0,,58.90083333333334,82.11554982817869
2024-06-27 18:16:00,49.75,,58.59666666666667,81.94957264957264
2024-06-27 18:17:00,49.0,,58.29666666666667,81.781462585034
2024-06-27 18:18:00,48.8,,57.99333333333333,81.61404399323182
2024-06-27 18:19:00,48.0,,57.67666666666666,81.44427609427609
2024-06-27 18:20:00,48.0,,57.36833333333333,81.27621440536014
2024-06-27 18:21:00,48.0,,57.068333333333335,81.10983333333334
2024-06-27 18:22:00,48.0,,56.76833333333333,80.94510779436153
2024-06-27 18:23:00,47.0,,56.45166666666667,80.77706270627063
2024-06-27 18:24:00,47.0,,56.1475,80.61067323481117
2024-06-27 18:25:00,46.5,,55.839166666666664,80.44346405228758
2024-06-27 18:26:00,46.0,,55.5225,80.27544715447155
2024-06-27 18:27:00,46.0,,55.214166666666664,80.10906148867313
2024-06-27 18:28:00,46.0,,54.91416666666667,79.94428341384864
2024-06-27 18:29:00,45.2,,54.600833333333334,79.77724358974359
2024-06-27 18:30:00,45.0,,54.28416666666667,79.61084529505582
2024-06-27 18:31:00,45.0,,53.98416666666667,79.44603174603175
2024-06-27 18:32:00,44.8,,53.68083333333333,79.28183254344393
2024-06-27 18:33:00,44.0,,53.36972222222222,79.11540880503145
2024-06-27 18:34:00,,,53.22344632768362,79.11540880503145
2024-06-27 18:35:00,,,53.07212643678161,79.11540880503145
2024-06-27 18:36:00,,,52.91549707602339,79.11540880503145
2024-06-27 18:37:00,,,52.757738095238096,79.11540880503145
2024-06-27 18:38:00,,,52.60787878787879,79.11540880503145
2024-06-27 18:39:00,,,52.45246913580247,79.11540880503145
2024-06-27 18:40:00,,,52.30062893081761,79.11540880503145
2024-06-27 18:41:00,,,52.15256410256411,79.11540880503145
2024-06-27 18:42:00,,,51.99869281045752,79.11540880503145
2024-06-27 18:43:00,,,51.83866666666667,79.11540880503145
2024-06-27 18:44:00,,,51.692517006802724,79.11540880503145
2024-06-27 18:45:00,,,51.54027777777778,79.11540880503145
2024-06-27 18:46:00,,,51.40283687943263,79.11540880503145
2024-06-27 18:47:00,,,51.25942028985507,79.11540880503145
2024-06-27 18:48:00,,,51.10962962962963,79.11540880503145
2024-06-27 18:49:00,,,50.970075757575756,79.11540880503145
2024-06-27 18:50:00,,,50.82984496124031,79.11540880503145
2024-06-27 18:51:00,,,50.68293650793651,79.11540880503145
2024-06-27 18:52:00,,,50.55325203252033,79.11540880503145
2024-06-27 18:53:00,,,50.41708333333333,79.11540880503145
2024-06-27 18:54:00,,,50.27393162393162,79.11540880503145
2024-06-27 18:55:00,,,50.123245614035085,79.11540880503145
2024-06-27 18:56:00,,,49.99144144144144,79.11540880503145
2024-06-27 18:57:00,,,49.85231481481481,79.11540880503145
2024-06-27 18:58:00,,,49.70523809523809,79.11540880503145
2024-06-27 18:59:00,,,49.549509803921566,79.11540880503145
2024-06-27 19:00:00,,,49.38434343434343,79.11540880503145
2024-06-27 19:01:00,,,49.20885416666666,79.11540880503145
2024-06-27 19:02:00,,,49.02849462365591,79.11540880503145
2024-06-27 19:03:00,,,48.86277777777777,79.11540880503145
2024-06-27 19:04:00,,,48.68563218390804,79.11540880503145
2024-06-27 19:05:00,,,48.49583333333333,79.11540880503145
2024-06-27 19:06:00,,,48.31666666666666,79.11540880503145
2024-06-27 19:07:00,,,48.13653846153846,79.11540880503145
2024-06-27 19:08:00,,,47.982,79.11540880503145
2024-06-27 19:09:00,,,47.81458333333333,79.11540880503145
2024-06-27 19:10:00,,,47.63260869565217,79.11540880503145
2024-06-27 19:11:00,,,47.45681818181818,79.11540880503145
2024-06-27 19:12:00,,,47.28809523809524,79.11540880503145
2024-06-27 19:13:00,,,47.11916666666666,79.11540880503145
2024-06-27 19:14:00,,,46.949999999999996,79.11540880503145
2024-06-27 19:15:00,,,46.78055555555555,79.11540880503145
2024-06-27 19:16:00,,,46.60588235294117,79.11540880503145
2024-06-27 19:17:00,,,46.45625,79.11540880503145
2024-06-27 19:18:00,,,46.29999999999999,79.11540880503145
2024-06-27 19:19:00,,,46.17857142857142,79.11540880503145
2024-06-27 19:20:00,,,46.03846153846153,79.11540880503145
2024-06-27 19:21:00,,,45.87499999999999,79.11540880503145
2024-06-27 19:22:00,,,45.68181818181818,79.11540880503145
2024-06-27 19:23:00,,,45.55,79.11540880503145
2024-06-27 19:24:00,,,,79.11540880503145
2024-06-27 19:25:00,,,,79.11540880503145
2024-06-27 19:26:00,,,,79.11540880503145
2024-06-27 19:27:00,,,,79.11540880503145
2024-06-27 19:28:00,,,,79.11540880503145
2024-06-27 19:29:00,,,,79.11540880503145
2024-06-27 19:30:00,,,,79.11540880503145
2024-06-27 19:31:00,,,,79.11540880503145
2024-06-27 19:32:00,,,,79.11540880503145
2024-06-27 19:33:00,,,,79.11540880503145
2024-06-27 19:34:00,,,,79.11540880503145
2024-06-27 19:35:00,,,,79.11540880503145
2024-06-27 19:36:00,,,,79.11540880503145
2024-06-27 19:37:00,,,,79.11540880503145
2024-06-27 19:38:00,,,,79.11540880503145
2024-06-27 19:39:00,,,,79.11540880503145
2024-06-27 19:40:00,,,,79.11540880503145
2024-06-27 19:41:00,89.0,,,79.16181533646322
2024-06-27 19:42:00,89.0,,,79.20778816199378
2024-06-27 19:43:00,89.0,,,79.25333333333333
2024-06-27 19:44:00,89.0,,,79.29845679012345
2024-06-27 19:45:00,88.5,,,79.34086021505377
2024-06-27 19:46:00,88.0,,,79.38058103975536
2024-06-27 19:47:00,87.66666666666667,,,79.41841704718418
2024-06-27 19:48:00,87.33333333333333,,,79.45439393939394
2024-06-27 19:49:00,87.0,,,79.48853695324284
2024-06-27 19:50:00,87.0,,88.15,79.52237237237237
2024-06-27 19:51:00,86.0,,87.95454545454545,79.55142002989537
2024-06-27 19:52:00,86.0,,87.79166666666667,79.58020833333333
2024-06-27 19:53:00,86.0,,87.65384615384616,79.60874074074074
2024-06-27 19:54:00,86.0,,87.53571428571429,79.63702064896755
2024-06-27 19:55:00,85.33333333333333,,87.38888888888889,79.66211453744494
2024-06-27 19:56:00,85.0,,87.23958333333333,79.68552631578947
2024-06-27 19:57:00,84.5,,87.07843137254902,79.70655021834061
2024-06-27 19:58:00,84.0,,86.9074074074074,79.72521739130434
2024-06-27 19:59:00,84.0,,86.75438596491227,79.74372294372294
2024-06-27 20:00:00,84.0,,86.61666666666666,79.76206896551724
2024-06-27 20:01:00,84.0,,86.4920634920635,79.78025751072961
2024-06-27 20:02:00,84.0,,86.37878787878788,79.79829059829059
2024-06-27 20:03:00,84.0,,86.27536231884058,79.81617021276595
2024-06-27 20:04:00,84.0,,86.18055555555556,79.83389830508474
2024-06-27 20:05:00,83.66666666666667,,86.08,79.85007032348804
2024-06-27 20:06:00,83.0,,85.96153846153847,79.77834036568214
2024-06-27 20:07:00,83.0,,85.85185185185185,79.70661040787623
2024-06-27 20:08:00,82.75,,85.74107142857143,79.63382559774965
2024-06-27 20:09:00,82.0,,85.61206896551724,79.55787623066104
2024-06-27 20:10:00,82.0,,85.49166666666666,79.48192686357244
2024-06-27 20:11:00,82.0,,85.37903225806451,79.40597749648383
2024-06-27 20:12:00,81.66666666666667,,85.26302083333333,79.33073136427568
2024-06-27 20:13:00,81.0,,85.13383838383838,79.25478199718707
2024-06-27 20:14:00,81.0,,85.01225490196077,79.17883263009846
2024-06-27 20:15:00,80.25,,84.87619047619047,79.09971870604782
2024-06-27 20:16:00,80.0,,84.74074074074073,79.01954992967651
2024-06-27 20:17:00,80.0,,84.61261261261261,78.94254571026724
2024-06-27 20:18:00,80.0,,84.49122807017544,78.86659634317863
2024-06-27 20:19:00,80.0,,84.37606837606837,78.79064697609002
2024-06-27 20:20:00,79.0,,84.24166666666666,78.71047819971871
2024-06-27 20:21:00,79.0,,84.11382113821138,78.6303094233474
2024-06-27 20:22:00,78.75,,83.98611111111111,78.54908579465543
2024-06-27 20:23:00,78.0,,83.8468992248062,78.46680731364276
2024-06-27 20:24:00,78.0,,83.71401515151514,78.38663853727145
2024-06-27 20:25:00,,,83.71401515151514,78.30776836158192
2024-06-27 20:26:00,,,83.71401515151514,78.22822695035461
2024-06-27 20:27:00,,,83.71401515151514,78.1480056980057
2024-06-27 20:28:00,,,83.71401515151514,78.06709585121602
2024-06-27 20:29:00,,,83.71401515151514,77.98548850574713
2024-06-27 20:30:00,,,83.71401515151514,77.9031746031746
2024-06-27 20:31:00,,,83.71401515151514,77.82014492753623
2024-06-27 20:32:00,76.0,,83.54259259259258,77.72884057971015
2024-06-27 20:33:00,75.25,,83.3623188405797,77.63427536231885
2024-06-27 20:34:00,75.0,,83.18439716312056,77.53862318840581
2024-06-27 20:35:00,74.2,,82.99722222222222,77.44297101449274
2024-06-27 20:36:00,74.0,,82.81360544217688,77.3473188405797
2024-06-27 20:37:00,74.0,,82.63733333333333,77.25166666666667
2024-06-27 20:38:00,73.8,,82.46405228758171,77.15514492753624
2024-06-27 20:39:00,73.0,,82.28205128205128,77.05514492753623
2024-06-27 20:40:00,72.8,,82.10314465408804,76.95427536231884
2024-06-27 20:41:00,72.0,,81.78238993710691,76.84992753623189
2024-06-27 20:42:00,71.66666666666667,,81.45534591194968,76.7441304347826
2024-06-27 20:43:00,71.33333333333333,,81.12201257861635,76.63688405797102
2024-06-27 20:44:00,71.0,,80.78238993710691,76.5281884057971
2024-06-27 20:45:00,70.66666666666667,,80.44591194968554,76.41804347826086
2024-06-27 20:46:00,70.33333333333333,,80.1125786163522,76.30644927536233
2024-06-27 20:47:00,70.0,,79.77924528301885,76.19340579710145
2024-06-27 20:48:00,70.0,,79.45220125786163,76.08036231884059
2024-06-27 20:49:00,70.0,,79.13144654088049,75.96731884057971
2024-06-27 20:50:00,70.0,,78.81069182389936,75.85427536231884
2024-06-27 20:51:00,69.6,,78.50125786163522,75.73949275362318
2024-06-27 20:52:00,69.0,,78.18050314465408,75.62210144927536
2024-06-27 20:53:00,69.0,,77.85974842767295,75.50471014492753
2024-06-27 20:54:00,68.8,,77.53522012578617,75.38644927536231
2024-06-27 20:55:00,68.0,,77.20817610062893,75.26579710144927
2024-06-27 20:56:00,67.75,,76.88270440251573,75.1473188405797
2024-06-27 20:57:00,67.5,,76.56194968553459,75.0277536231884
2024-06-27 20:58:00,67.25,,76.24591194968554,74.90710144927536
2024-06-27 20:59:00,67.0,,75.92515723270441,74.78536231884057
2024-06-27 21:00:00,67.0,,75.60440251572327,74.6636231884058
2024-06-27 21:01:00,66.8,,75.27987421383648,74.54101449275363
2024-06-27 21:02:00,66.6,,74.95157232704403,74.41753623188406
2024-06-27 21:03:00,66.4,,74.6194968553459,74.29318840579711
2024-06-27 21:04:00,66.2,,74.28364779874214,74.16797101449275
2024-06-27 21:05:00,66.0,,73.95031446540881,74.041884057971
2024-06-27 21:06:00,66.0,,73.62955974842768,73.91579710144927
2024-06-27 21:07:00,65.66666666666667,,73.30251572327045,73.78826086956522
2024-06-27 21:08:00,65.33333333333333,,72.97389937106918,73.66188405797102
2024-06-27 21:09:00,65.0,,72.65314465408805,73.53579710144928
2024-06-27 21:10:00,65.0,,72.33238993710692,73.40971014492754
2024-06-27 21:11:00,64.4,,72.0003144654088,73.28101449275363
2024-06-27 21:12:00,64.0,,71.66698113207548,73.15057971014494
2024-06-27 21:13:00,64.0,,71.34622641509435,73.02014492753624
2024-06-27 21:14:00,64.0,,71.02547169811321,72.88971014492755
2024-06-27 21:15:00,64.0,,70.71886792452831,72.75927536231885
2024-06-27 21:16:00,63.8,,70.41320754716982,72.62797101449276
2024-06-27 21:17:00,63.0,,70.09245283018868,72.4931884057971
2024-06-27 21:18:00,63.0,,69.77169811320755,72.35840579710145
2024-06-27 21:19:00,63.0,,69.45094339622642,72.22688405797102
2024-06-27 21:20:00,62.0,,69.13018867924528,72.09210144927536
2024-06-27 21:21:00,62.0,,68.80943396226415,71.95731884057972
2024-06-27 21:22:00,62.0,,68.4933962264151,71.82253623188406
2024-06-27 21:23:00,62.0,,68.19150943396227,71.68775362318841
2024-06-27 21:24:00,61.666666666666664,,67.88333333333333,71.55152173913045
2024-06-27 21:25:00,61.0,,67.75586419753087,71.41326086956522
2024-06-27 21:26:00,61.0,,67.6330303030303,71.27739130434782
2024-06-27 21:27:00,60.8,,67.5110119047619,71.14173913043479
2024-06-27 21:28:00,60.0,,67.37923976608187,71.00260869565217
2024-06-27 21:29:00,60.0,,67.25201149425287,70.86347826086957
2024-06-27 21:30:00,60.0,,67.12909604519774,70.72434782608696
2024-06-27 21:31:00,59.75,,67.00611111111111,70.58413043478261
2024-06-27 21:32:00,59.0,,66.72277777777778,70.44065217391305
2024-06-27 21:33:00,58.75,,66.44777777777777,70.3004347826087
2024-06-27 21:34:00,58.5,,66.17277777777778,70.15913043478261
2024-06-27 21:35:00,58.25,,65.90694444444445,70.01673913043479
2024-06-27 21:36:00,58.0,,65.64027777777777,69.87326086956521
2024-06-27 21:37:00,57.333333333333336,,65.3625,69.7290579710145
2024-06-27 21:38:00,56.8,,65.07916666666667,69.58471014492754
2024-06-27 21:39:00,56.0,,64.79583333333333,69.43688405797101
2024-06-27 21:40:00,56.0,,64.51583333333333,69.2890579710145
2024-06-27 21:41:00,56.0,,64.24916666666667,69.14123188405797
2024-06-27 21:42:00,55.25,,63.97555555555555,68.99014492753624
2024-06-27 21:43:00,55.0,,63.70333333333333,68.84231884057971
2024-06-27 21:44:00,55.0,,63.43666666666666,68.6944927536232
2024-06-27 21:45:00,54.416666666666664,,63.16583333333334,68.54499999999999
2024-06-27 21:46:00,53.833333333333336,,62.89083333333333,68.39644927536231
2024-06-27 21:47:00,53.25,,62.611666666666665,68.24536231884058
2024-06-27 21:48:00,53.0,,62.32833333333333,68.0931884057971
2024-06-27 21:49:00,52.666666666666664,,62.03944444444445,67.94101449275362
2024-06-27 21:50:00,52.0,,61.739444444444445,67.78884057971014
2024-06-27 21:51:00,52.0,,61.446111111111115,67.63666666666666
2024-06-27 21:52:00,51.75,,61.158611111111114,67.48449275362319
2024-06-27 21:53:00,51.0,,60.85861111111112,67.3323188405797
2024-06-27 21:54:00,51.0,,60.56194444444444,67.18014492753623
2024-06-27 21:55:00,50.4,,60.268611111111106,67.02536231884058
2024-06-27 21:56:00,50.0,,59.97277777777777,66.86884057971015
2024-06-27 21:57:00,50.0,,59.68111111111111,66.71231884057971
2024-06-27 21:58:00,49.55,,59.386111111111106,66.55384057971014
2024-06-27 21:59:00,49.1,,59.087777777777774,66.39340579710145
2024-06-27 22:00:00,48.650000000000006,,58.78194444444444,66.23101449275362
2024-06-27 22:01:00,48.2,,58.471944444444446,66.06666666666666
2024-06-27 22:02:00,48.0,,58.16194444444444,65.90144927536232
2024-06-27 22:03:00,48.0,,57.85527777777778,65.73710144927537
2024-06-27 22:04:00,48.0,,57.55194444444444,65.5736231884058
2024-06-27 22:05:00,47.0,,57.235277777777775,65.40666666666667
2024-06-27 22:06:00,46.6,,56.911944444444444,65.23884057971014
2024-06-27 22:07:00,46.0,,56.58416666666667,65.06927536231883
2024-06-27 22:08:00,46.0,,56.261944444444445,64.89971014492754
2024-06-27 22:09:00,46.0,,55.945277777777775,64.73014492753623
2024-06-27 22:10:00,46.0,,55.62861111111111,64.56492753623188
2024-06-27 22:11:00,45.0,,55.305277777777775,64.39536231884058
2024-06-27 22:12:00,45.0,,54.98861111111111,64.22579710144927
2024-06-27 22:13:00,45.0,,54.67194444444444,64.05623188405796
2024-06-27 22:14:00,45.0,,54.35527777777778,63.88666666666666
2024-06-27 22:15:00,45.0,,54.03861111111111,63.71710144927536
2024-06-27 22:16:00,44.666666666666664,,53.719722222222224,63.54717391304348
2024-06-27 22:17:00,44.0,,53.403055555555554,63.37760869565218
2024-06-27 22:18:00,44.0,,53.08638888888889,63.20804347826087
2024-06-27 22:19:00,44.0,,52.76972222222222,63.12489177489178
2024-06-27 22:20:00,44.0,,52.469722222222224,63.04245689655173
2024-06-27 22:21:00,44.0,,52.16972222222223,62.96072961373391
2024-06-27 22:22:00,44.0,,51.86972222222222,62.87970085470086
2024-06-27 22:23:00,44.0,,51.569722222222225,62.79936170212766
2024-06-27 22:24:00,44.0,,51.27527777777778,62.71970338983051
2024-06-27 22:25:00,43.666666666666664,,50.98638888888889,62.639310829817155
2024-06-27 22:26:00,43.0,,50.68638888888889,62.556792717086836
2024-06-27 22:27:00,42.0,,50.37305555555555,62.4707810320781
2024-06-27 22:28:00,42.0,,50.073055555555555,62.38548611111111
2024-06-27 22:29:00,42.0,,49.77305555555555,62.300899031811895
2024-06-27 22:30:00,42.0,,49.473055555555554,62.217011019283746
2024-06-27 22:31:00,42.0,,49.17722222222222,62.133813443072704
2024-06-27 22:32:00,41.666666666666664,,48.888333333333335,62.049931693989066
2024-06-27 22:33:00,41.0,,48.5925,61.964013605442176
2024-06-27 22:34:00,41.0,,48.30083333333334,61.878794037940374
2024-06-27 22:35:00,41.0,,48.013333333333335,61.7942645074224
2024-06-27 22:36:00,40.5,,47.72166666666667,61.708400537634404
2024-06-27 22:37:00,40.0,,47.43277777777778,61.62121820615796
2024-06-27 22:38:00,40.0,,47.152777777777786,61.53473333333333
2024-06-27 22:39:00,40.0,,46.88611111111111,61.448937583001324
2024-06-27 22:40:00,40.0,,46.61944444444445,61.36382275132275
2024-06-27 22:41:00,40.0,,46.35277777777778,61.27938076416337
2024-06-27 22:42:00,40.0,,46.09861111111112,61.19560367454068
2024-06-27 22:43:00,39.0,,45.83194444444445,61.108562091503266
2024-06-27 22:44:00,39.0,,45.56527777777778,61.02220052083333
2024-06-27 22:45:00,39.0,,45.30833333333333,60.936511024643316
2024-06-27 22:46:00,39.0,,45.06111111111112,60.85148578811369
2024-06-27 22:47:00,39.0,,44.82361111111111,60.76711711711712
2024-06-27 22:48:00,38.2,,44.57694444444444,60.680320512820515
2024-06-27 22:49:00,38.0,,44.332499999999996,60.59342273307791
2024-06-27 22:50:00,38.0,,44.09916666666666,60.50718829516539
2024-06-27 22:51:00,38.0,,43.86583333333333,60.421609632446135
2024-06-27 22:52:00,38.0,,43.63666666666666,60.33667929292929
2024-06-27 22:53:00,38.0,,43.419999999999995,60.25238993710692
2024-06-27 22:54:00,38.0,,43.20333333333333,60.1687343358396
2024-06-27 22:55:00,38.0,,42.99666666666667,60.08570536828964
2024-06-27 22:56:00,38.0,,42.79666666666667,60.003296019900496
2024-06-27 22:57:00,38.0,,42.59666666666667,59.92149938042132
2024-06-27 22:58:00,38.0,,42.40416666666667,59.840308641975305
2024-06-27 22:59:00,37.0,,42.2025,59.756027060270604
2024-06-27 23:00:00,37.0,,42.00833333333333,59.67236519607843
2024-06-27 23:01:00,37.0,,41.82166666666667,59.58931623931624
2024-06-27 23:02:00,37.0,,41.638333333333335,59.506873479318735
2024-06-27 23:03:00,36.5,,41.44666666666667,59.423212121212124
2024-06-27 23:04:00,36.75,,41.25916666666667,59.34106280193237
2024-06-27 23:05:00,36.0,,41.075833333333335,59.25679903730445
2024-06-27 23:06:00,36.0,,40.899166666666666,59.17314148681054
2024-06-27 23:07:00,36.0,,40.732499999999995,59.09008363201911
2024-06-27 23:08:00,36.0,,40.56583333333333,59.00761904761904
2024-06-27 23:09:00,36.0,,40.399166666666666,58.92574139976274
2024-06-27 23:10:00,36.0,,40.232499999999995,58.844444444444434
2024-06-27 23:11:00,36.0,,40.082499999999996,58.763722025912834
2024-06-27 23:12:00,36.0,,39.9325,58.683568075117364
2024-06-27 23:13:00,36.0,,39.7825,58.603976608187125
2024-06-27 23:14:00,36.0,,39.6325,58.52494172494172
2024-06-27 23:15:00,36.0,,39.482499999999995,58.413053613053606
2024-06-27 23:16:00,35.25,,39.32555555555555,58.29854312354312
2024-06-27 23:17:00,35.0,,39.175555555555555,58.186655011655006
2024-06-27 23:18:00,35.0,,39.025555555555556,58.07476689976689
2024-06-27 23:19:00,35.0,,38.87555555555556,57.96287878787878
2024-06-27 23:20:00,35.0,,38.72555555555555,57.85273892773892
2024-06-27 23:21:00,35.0,,38.57555555555555,57.74434731934731
2024-06-27 23:22:00,35.0,,38.425555555555555,57.635955710955706
2024-06-27 23:23:00,35.0,,38.275555555555556,57.52756410256409
2024-06-27 23:24:00,35.0,,38.12555555555556,57.421794871794866
2024-06-27 23:25:00,34.5,,37.97277777777778,57.315151515151506
2024-06-27 23:26:00,34.0,,37.82277777777778,57.206759906759906
2024-06-27 23:27:00,34.0,,37.68944444444445,57.10011655011655
2024-06-27 23:28:00,34.0,,37.556111111111115,56.995221445221446
2024-06-27 23:29:00,34.0,,37.42277777777778,56.89032634032634
2024-06-27 23:30:00,34.0,,37.28944444444445,56.78543123543123
2024-06-27 23:31:00,33.25,,37.14361111111111,56.68141025641025
2024-06-27 23:32:00,33.0,,36.99916666666666,56.57651515151515
2024-06-27 23:33:00,33.0,,36.86583333333333,56.47278554778555
2024-06-27 23:34:00,33.0,,36.732499999999995,56.37138694638695
2024-06-27 23:35:00,33.0,,36.59916666666666,56.26998834498835
2024-06-27 23:36:00,32.75,,36.47,56.16771561771562
2024-06-27 23:37:00,32.0,,36.336666666666666,56.06369463869464
2024-06-27 23:38:00,32.0,,36.20333333333333,55.96229603729604
2024-06-27 23:39:00,32.0,,36.07,55.860897435897435
2024-06-27 23:40:00,32.0,,35.93666666666666,55.76124708624709
2024-06-27 23:41:00,32.0,,35.80333333333333,55.66334498834499
2024-06-27 23:42:00,32.0,,35.669999999999995,55.565442890442895
2024-06-27 23:43:00,32.0,,35.55333333333333,55.467540792540795
2024-06-27 23:44:00,32.0,,35.43666666666666,55.3731351981352
2024-06-27 23:45:00,31.5,,35.31166666666666,55.276981351981355
2024-06-27 23:46:00,31.0,,35.17833333333333,55.18257575757576
2024-06-27 23:47:00,31.0,,35.044999999999995,55.08817016317016
2024-06-27 23:48:00,31.0,,34.925,54.99376456876457
2024-06-27 23:49:00,31.0,,34.80833333333333,54.901981351981355
2024-06-27 23:50:00,31.0,,34.69166666666667,54.81107226107226
2024-06-27 23:51:00,31.0,,34.575,54.72016317016317
2024-06-27 23:52:00,31.0,,34.458333333333336,54.63275058275058
2024-06-27 23:53:00,31.0,,34.34166666666667,54.545337995337995
2024-06-27 23:54:00,31.0,,34.225,54.45792540792541
2024-06-27 23:55:00,31.0,,34.108333333333334,54.37051282051282
2024-06-27 23:56:00,30.0,,33.975,54.283100233100235
2024-06-27 23:57:00,30.0,,33.84166666666667,54.19568764568765
2024-06-27 23:58:00,30.0,,33.708333333333336,54.10827505827506
2024-06-27 23:59:00,30.0,,33.59166666666667,54.020862470862475
2024-06-28 00:00:00,30.0,,33.475,53.93344988344988
2024-06-28 00:01:00,30.0,,33.358333333333334,53.846037296037295
2024-06-28 00:02:00,30.0,,33.24166666666667,53.759324009324004
2024-06-28 00:03:00,30.0,,33.13333333333333,53.675407925407924
2024-06-28 00:04:00,30.0,,33.020833333333336,53.59149184149184
2024-06-28 00:05:00,30.0,,32.920833333333334,53.50757575757576
2024-06-28 00:06:00,30.0,,32.82083333333333,53.425990675990676
2024-06-28 00:07:00,30.0,,32.72083333333333,53.345571095571096
2024-06-28 00:08:00,30.0,,32.62083333333333,53.26864801864802
2024-06-28 00:09:00,30.0,,32.520833333333336,53.19172494172494
2024-06-28 00:10:00,30.0,,32.420833333333334,53.11480186480187
2024-06-28 00:11:00,30.0,,32.32083333333333,53.03962703962704
2024-06-28 00:12:00,30.0,,32.22083333333333,52.96620046620047
2024-06-28 00:13:00,30.0,,32.12083333333333,52.89393939393939
2024-06-28 00:14:00,30.0,,32.020833333333336,52.82284382284382
2024-06-28 00:15:00,30.0,,31.920833333333334,52.752913752913756
2024-06-28 00:16:00,30.0,,31.833333333333332,52.68385780885781
2024-06-28 00:17:00,30.0,,31.75,52.61742424242424
2024-06-28 00:18:00,30.0,,31.666666666666668,52.55168997668998
2024-06-28 00:19:00,30.0,,31.583333333333332,52.48875291375291
2024-06-28 00:20:00,29.333333333333332,,31.488888888888887,52.42348484848485
2024-06-28 00:21:00,29.0,,31.38888888888889,52.35705128205128
2024-06-28 00:22:00,29.0,,31.288888888888888,52.290617715617714
2024-06-28 00:23:00,29.0,,31.188888888888886,52.227680652680654
2024-06-28 00:24:00,29.0,,31.08888888888889,52.16474358974359
2024-06-28 00:25:00,29.0,,30.99722222222222,52.10355477855478
2024-06-28 00:26:00,29.0,,30.913888888888888,52.04411421911422
2024-06-28 00:27:00,29.0,,30.830555555555556,51.98467365967366
2024-06-28 00:28:00,29.0,,30.74722222222222,51.9252331002331
2024-06-28 00:29:00,29.0,,30.663888888888888,51.868589743589745
2024-06-28 00:30:00,29.0,,30.580555555555556,51.81264568764569
2024-06-28 00:31:00,29.0,,30.50972222222222,51.75670163170164
2024-06-28 00:32:00,29.0,,30.443055555555553,51.701456876456874
2024-06-28 00:33:00,29.0,,30.376388888888886,51.64900932400933
2024-06-28 00:34:00,29.0,,30.30972222222222,51.570092915214865
2024-06-28 00:35:00,29.0,,30.243055555555554,51.49172453703704
2024-06-28 00:36:00,29.0,,30.180555555555554,51.4138985005767
2024-06-28 00:37:00,29.0,,30.130555555555553,51.336609195402296
2024-06-28 00:38:00,29.0,,30.080555555555556,51.25985108820161
2024-06-28 00:39:00,29.0,,30.030555555555555,51.18361872146119
2024-06-28 00:40:00,29.0,,29.980555555555554,51.10790671217293
2024-06-28 00:41:00,29.0,,29.930555555555554,51.032709750566895
2024-06-28 00:42:00,29.0,,29.880555555555553,50.95802259887006
2024-06-28 00:43:00,29.0,,29.830555555555556,50.88384009009009
2024-06-28 00:44:00,29.0,,29.780555555555555,50.810157126823796
2024-06-28 00:45:00,29.0,,29.738888888888887,50.73696868008948
2024-06-28 00:46:00,29.0,,29.705555555555556,50.664269788182835
2024-06-28 00:47:00,29.0,,29.67222222222222,50.592055555555554
2024-06-28 00:48:00,29.0,,29.63888888888889,50.5203211517165
2024-06-28 00:49:00,29.0,,29.605555555555554,50.449061810154525
2024-06-28 00:50:00,29.0,,29.57222222222222,50.37827282728273
2024-06-28 00:51:00,29.0,,29.538888888888888,50.30794956140351
2024-06-28 00:52:00,29.0,,29.505555555555553,50.23808743169399
2024-06-28 00:53:00,29.0,,29.47222222222222,50.16868191721133
2024-06-28 00:54:00,29.0,,29.438888888888886,50.09972855591748
2024-06-28 00:55:00,29.0,,29.405555555555555,50.031222943722945
2024-06-28 00:56:00,29.0,,29.38888888888889,49.96316073354908
2024-06-28 00:57:00,29.0,,29.37222222222222,49.895537634408605
2024-06-28 00:58:00,29.0,,29.355555555555554,49.828349410503755
2024-06-28 00:59:00,29.0,,29.33888888888889,49.76159188034188
2024-06-28 01:00:00,29.0,,29.32222222222222,49.69526091586795
2024-06-28 01:01:00,29.0,,29.305555555555554,49.62935244161359
2024-06-28 01:02:00,29.0,,29.288888888888888,49.56386243386243
2024-06-28 01:03:00,29.0,,29.272222222222222,49.498786919831225
2024-06-28 01:04:00,29.0,,29.255555555555553,49.43412197686646
2024-06-28 01:05:00,28.2,,29.225555555555555,49.36734800838574
2024-06-28 01:06:00,28.0,,29.19222222222222,49.300365726227795
2024-06-28 01:07:00,,,29.178531073446326,49.300365726227795
2024-06-28 01:08:00,,,29.164367816091954,49.300365726227795
2024-06-28 01:09:00,,,29.14970760233918,49.300365726227795
2024-06-28 01:10:00,,,29.13452380952381,49.300365726227795
2024-06-28 01:11:00,,,29.118787878787877,49.300365726227795
2024-06-28 01:12:00,,,29.10246913580247,49.300365726227795
2024-06-28 01:13:00,,,29.085534591194968,49.300365726227795
2024-06-28 01:14:00,,,29.067948717948717,49.300365726227795
2024-06-28 01:15:00,,,29.04967320261438,49.300365726227795
2024-06-28 01:16:00,,,29.030666666666665,49.300365726227795
2024-06-28 01:17:00,,,29.010884353741496,49.300365726227795
2024-06-28 01:18:00,,,28.990277777777777,49.300365726227795
2024-06-28 01:19:00,,,28.968794326241134,49.300365726227795
2024-06-28 01:20:00,,,28.960869565217394,49.300365726227795
2024-06-28 01:21:00,,,28.96,49.300365726227795
2024-06-28 01:22:00,,,28.95909090909091,49.300365726227795
2024-06-28 01:23:00,,,28.95813953488372,49.300365726227795
2024-06-28 01:24:00,,,28.95714285714286,49.300365726227795
2024-06-28 01:25:00,,,28.95609756097561,49.300365726227795
2024-06-28 01:26:00,,,28.955000000000002,49.300365726227795
2024-06-28 01:27:00,,,28.953846153846154,49.300365726227795
2024-06-28 01:28:00,,,28.95263157894737,49.300365726227795
2024-06-28 01:29:00,,,28.951351351351352,49.300365726227795
2024-06-28 01:30:00,,,28.950000000000003,49.300365726227795
2024-06-28 01:31:00,,,28.948571428571427,49.300365726227795
2024-06-28 01:32:00,,,28.94705882352941,49.300365726227795
2024-06-28 01:33:00,,,28.94545454545454,49.300365726227795
2024-06-28 01:34:00,,,28.943749999999998,49.300365726227795
2024-06-28 01:35:00,,,28.941935483870967,49.300365726227795
2024-06-28 01:36:00,,,28.939999999999998,49.300365726227795
2024-06-28 01:37:00,,,28.937931034482755,49.300365726227795
2024-06-28 01:38:00,,,28.935714285714283,49.300365726227795
2024-06-28 01:39:00,,,28.93333333333333,49.300365726227795
2024-06-28 01:40:00,,,28.93076923076923,49.300365726227795
2024-06-28 01:41:00,,,28.927999999999997,49.175524109014674
2024-06-28 01:42:00,,,28.924999999999997,49.04989484752891
2024-06-28 01:43:00,,,28.92173913043478,48.923470464135015
2024-06-28 01:44:00,,,28.918181818181814,48.79624338624338
2024-06-28 01:45:00,,,28.91428571428571,48.669798301486196
2024-06-28 01:46:00,,,28.909999999999997,48.54414270500532
2024-06-28 01:47:00,,,28.905263157894733,48.418749999999996
2024-06-28 01:48:00,,,28.899999999999995,48.293622722400855
2024-06-28 01:49:00,,,28.89411764705882,48.16876344086021
2024-06-28 01:50:00,,,28.887499999999996,48.04309600862999
2024-06-28 01:51:00,,,28.879999999999995,47.9198593073593
2024-06-28 01:52:00,,,28.871428571428567,47.7958197611292
2024-06-28 01:53:00,,,28.861538461538455,47.67096949891067
2024-06-28 01:54:00,,,28.849999999999994,47.54530054644808
2024-06-28 01:55:00,,,28.83636363636363,47.42099780701754
2024-06-28 01:56:00,,,28.819999999999993,47.29697469746975
2024-06-28 01:57:00,,,,47.17378587196468
2024-06-28 01:58:00,,,,47.05143964562569
2024-06-28 01:59:00,,,,46.92827777777778
2024-06-28 02:00:00,,,,46.80429208472687
2024-06-28 02:01:00,,,,46.67947427293065
2024-06-28 02:02:00,,,,46.553815937149274
2024-06-28 02:03:00,,,,46.42730855855856
2024-06-28 02:04:00,,,,46.29994350282486
2024-06-28 02:05:00,,,,46.17284580498866
2024-06-28 02:06:00,,,,46.0471558589306
2024-06-28 02:07:00,,,,45.92060502283105
2024-06-28 02:08:00,,,,45.794043528064144
2024-06-28 02:09:00,,,,45.66919540229885
2024-06-28 02:10:00,,,,45.543483275663206
2024-06-28 02:11:00,,,,45.41689814814814
2024-06-28 02:12:00,,,,45.290592334494775
2024-06-28 02:13:00,,,,45.165734265734265
2024-06-28 02:14:00,,,,45.04
2024-06-28 02:15:00,,,,44.91602112676056
2024-06-28 02:16:00,,,,44.79204946996466
2024-06-28 02:17:00,,,,44.667198581560285
2024-06-28 02:18:00,,,,44.5414590747331
2024-06-28 02:19:00,,,,44.41482142857143
2024-06-28 02:20:00,,,,44.29086021505376
2024-06-28 02:21:00,,,,44.1660071942446
2024-06-28 02:22:00,,,,44.04115523465704
2024-06-28 02:23:00,,,,43.91811594202898
2024-06-28 02:24:00,,,,43.79418181818182
2024-06-28 02:25:00,,,,43.79418181818182
2024-06-28 02:26:00,,,,43.79418181818182
2024-06-28 02:27:00,,,,43.79418181818182
2024-06-28 02:28:00,,,,43.79418181818182
2024-06-28 02:29:00,,,,43.79418181818182
2024-06-28 02:30:00,,,,43.79418181818182
2024-06-28 02:31:00,,,,43.79418181818182
2024-06-28 02:32:00,,,,43.676642335766424
2024-06-28 02:33:00,,,,43.56098901098901
2024-06-28 02:34:00,,,,43.445404411764706
2024-06-28 02:35:00,,,,43.33191881918819
2024-06-28 02:36:00,,,,43.21833333333333
2024-06-28 02:37:00,,,,43.1039033457249
2024-06-28 02:38:00,,,,42.98936567164179
2024-06-28 02:39:00,,,,42.87696629213483
2024-06-28 02:40:00,,,,42.76447368421053
2024-06-28 02:41:00,,,,42.654150943396225
2024-06-28 02:42:00,,,,42.54425505050505
2024-06-28 02:43:00,,,,42.434790874524715
2024-06-28 02:44:00,28.0,,,42.2712927756654
2024-06-28 02:45:00,,,,42.16291348600509
2024-06-28 02:46:00,,,,42.05498084291188
2024-06-28 02:47:00,,,,41.9475
2024-06-28 02:48:00,,,,41.83918918918919
2024-06-28 02:49:00,,,,41.730038759689926
2024-06-28 02:50:00,,,,41.62003891050584
2024-06-28 02:51:00,,,,41.5107421875
2024-06-28 02:52:00,,,,41.40294117647059
2024-06-28 02:53:00,,,,41.294291338582674
2024-06-28 02:54:00,,,,41.18557312252964
2024-06-28 02:55:00,,,,41.079166666666666
2024-06-28 02:56:00,,,,40.97290836653386
2024-06-28 02:57:00,,,,40.8668
2024-06-28 02:58:00,,,,40.76084337349397
2024-06-28 02:59:00,,,,40.65504032258064
2024-06-28 03:00:00,,,,40.54838056680161
2024-06-28 03:01:00,,,,40.44166666666666
2024-06-28 03:02:00,,,,40.33489795918367
2024-06-28 03:03:00,,,,40.228073770491804
2024-06-28 03:04:00,,,,40.121193415637855
2024-06-28 03:05:00,,,,40.014256198347105
2024-06-28 03:06:00,,,,39.906431535269704
2024-06-28 03:07:00,,,,39.79909722222222
2024-06-28 03:08:00,,,,39.69225941422594
2024-06-28 03:09:00,,,,39.58592436974789
2024-06-28 03:10:00,,,,39.47869198312236
2024-06-28 03:11:00,,,,39.37309322033898
2024-06-28 03:12:00,,,,39.26829787234042
2024-06-28 03:13:00,,,,39.16260683760684
2024-06-28 03:14:00,,,,39.05600858369098
2024-06-28 03:15:00,,,,38.94849137931034
2024-06-28 03:16:00,,,,38.84090909090909
2024-06-28 03:17:00,,,,38.73586956521739
2024-06-28 03:18:00,,,,38.629912663755455
2024-06-28 03:19:00,,,,38.52302631578947
2024-06-28 03:20:00,,,,38.419603524229075
2024-06-28 03:21:00,,,,38.315265486725664
2024-06-28 03:22:00,,,,38.21
2024-06-28 03:23:00,,,,38.103794642857146
2024-06-28 03:24:00,,,,37.99813153961136
2024-06-28 03:25:00,,,,37.89451951951951
2024-06-28 03:26:00,,,,37.78996983408747
2024-06-28 03:27:00,,,,37.68537878787878
2024-06-28 03:28:00,,,,37.583485540334856
2024-06-28 03:29:00,,,,37.48065749235474
2024-06-28 03:30:00,,,,37.376881720430106
2024-06-28 03:31:00,,,,37.2733024691358
2024-06-28 03:32:00,,,,37.1722480620155
2024-06-28 03:33:00,,,,37.071417445482865
2024-06-28 03:34:00,,,,36.970813771517996
2024-06-28 03:35:00,,,,36.870440251572326
2024-06-28 03:36:00,,,,36.77030015797788
2024-06-28 03:37:00,,,,36.672380952380955
2024-06-28 03:38:00,,,,36.576076555023924
2024-06-28 03:39:00,,,,36.482692307692304
2024-06-28 03:40:00,,,,36.38840579710145
2024-06-28 03:41:00,,,,36.293203883495146
2024-06-28 03:42:00,,,,36.20073170731707
2024-06-28 03:43:00,,,,36.10857843137255
2024-06-28 03:44:00,,,,36.01551724137931
2024-06-28 03:45:00,,,,35.92442244224422
2024-06-28 03:46:00,,,,35.83532338308458
2024-06-28 03:47:00,,,,35.74825
2024-06-28 03:48:00,,,,35.66155778894472
2024-06-28 03:49:00,,,,35.575673400673395
2024-06-28 03:50:00,,,,35.49230118443316
2024-06-28 03:51:00,,,,35.408078231292514
2024-06-28 03:52:00,,,,35.3242735042735
2024-06-28 03:53:00,,,,35.243470790378005
2024-06-28 03:54:00,,,,35.16183074265975
2024-06-28 03:55:00,,,,35.08246527777778
2024-06-28 03:56:00,,,,35.0043630017452
2024-06-28 03:57:00,,,,34.925438596491226
2024-06-28 03:58:00,,,,34.84805996472663
2024-06-28 03:59:00,,,,34.77225177304964
2024-06-28 04:00:00,,,,34.69803921568627
2024-06-28 04:01:00,,,,34.62544802867383
2024-06-28 04:02:00,,,,34.553153153153154
2024-06-28 04:03:00,,,,34.48007246376812
2024-06-28 04:04:00,,,,34.40619307832422
2024-06-28 04:05:00,,,,34.336996336996336
2024-06-28 04:06:00,,,,34.26924493554328
2024-06-28 04:07:00,,,,34.20407407407407
2024-06-28 04:08:00,,,,34.138175046554935
2024-06-28 04:09:00,,,,34.07153558052434
2024-06-28 04:10:00,,,,34.00414312617702
2024-06-28 04:11:00,,,,33.94166666666666
2024-06-28 04:12:00,,,,33.878476190476185
2024-06-28 04:13:00,,,,33.81455938697318
2024-06-28 04:14:00,,,,33.74990366088632
2024-06-28 04:15:00,,,,33.68449612403101
2024-06-28 04:16:00,,,,33.62027290448343
2024-06-28 04:17:00,,,,33.55921568627451
2024-06-28 04:18:00,,,,33.4974358974359
2024-06-28 04:19:00,,,,33.43492063492064
2024-06-28 04:20:00,,,,33.37165668662674
2024-06-28 04:21:00,,,,33.30763052208835
2024-06-28 04:22:00,,,,33.242828282828285
2024-06-28 04:23:00,,,,33.177235772357726
2024-06-28 04:24:00,,,,33.11083844580777
2024-06-28 04:25:00,,,,33.04567901234568
2024-06-28 04:26:00,,,,32.98385093167702
2024-06-28 04:27:00,,,,32.927499999999995
2024-06-28 04:28:00,,,,32.870440251572326
2024-06-28 04:29:00,,,,32.8126582278481
2024-06-28 04:30:00,,,,32.75414012738853
2024-06-28 04:31:00,,,,32.694871794871794
2024-06-28 04:32:00,,,,32.636989247311824
2024-06-28 04:33:00,,,,32.58268398268398
2024-06-28 04:34:00,,,,32.5276688453159
2024-06-28 04:35:00,,,,32.4719298245614
2024-06-28 04:36:00,,,,32.41876379690949
2024-06-28 04:37:00,,,,32.368222222222215
2024-06-28 04:38:00,,,,32.317002237136464
2024-06-28 04:39:00,,,,32.265090090090084
2024-06-28 04:40:00,,,,32.21247165532879
2024-06-28 04:41:00,,,,32.15913242009132
2024-06-28 04:42:00,,,,32.10505747126437
2024-06-28 04:43:00,,,,32.05717592592592
2024-06-28 04:44:00,,,,32.0086247086247
2024-06-28 04:45:00,,,,31.959389671361496
2024-06-28 04:46:00,,,,31.909456264775407
2024-06-28 04:47:00,,,,31.85880952380952
2024-06-28 04:48:00,,,,31.813189448441243
2024-06-28 04:49:00,,,,31.768357487922703
2024-06-28 04:50:00,,,,31.722871046228708
2024-06-28 04:51:00,,,,31.676715686274505
2024-06-28 04:52:00,,,,31.62987654320987
2024-06-28 04:53:00,,,,31.582338308457707
2024-06-28 04:54:00,,,,31.53408521303258
2024-06-28 04:55:00,,,,31.485101010101005
2024-06-28 04:56:00,,,,31.435368956742998
2024-06-28 04:57:00,,,,31.384871794871792
2024-06-28 04:58:00,,,,31.333591731266146
2024-06-28 04:59:00,,,,31.289322916666663
2024-06-28 05:00:00,,,,31.244356955380574
2024-06-28 05:01:00,,,,31.198677248677246
2024-06-28 05:02:00,,,,31.152266666666662
2024-06-28 05:03:00,,,,31.109139784946233
2024-06-28 05:04:00,,,,31.063279132791322
2024-06-28 05:05:00,,,,31.02281420765027
2024-06-28 05:06:00,,,,30.981680440771346
2024-06-28 05:07:00,,,,30.939861111111107
2024-06-28 05:08:00,,,,30.897338935574226
2024-06-28 05:09:00,,,,30.854096045197736
2024-06-28 05:10:00,,,,30.810113960113956
2024-06-28 05:11:00,,,,30.765373563218386
2024-06-28 05:12:00,,,,30.719855072463766
2024-06-28 05:13:00,,,,30.673538011695904
2024-06-28 05:14:00,,,,30.626401179941
2024-06-28 05:15:00,,,,30.578422619047615
2024-06-28 05:16:00,,,,30.536336336336333
2024-06-28 05:17:00,,,,30.495757575757573
2024-06-28 05:18:00,,,,30.45443425076452
2024-06-28 05:19:00,,,,30.41234567901234
2024-06-28 05:20:00,,,,30.36947040498442
2024-06-28 05:21:00,,,,30.325786163522007
2024-06-28 05:22:00,,,,30.281269841269836
2024-06-28 05:23:00,,,,30.23589743589743
2024-06-28 05:24:00,,,,30.189644012944978
2024-06-28 05:25:00,,,,30.147385620915028
2024-06-28 05:26:00,,,,30.109240924092404
2024-06-28 05:27:00,,,,30.070333333333327
2024-06-28 05:28:00,,,,30.030639730639727
2024-06-28 05:29:00,,,,29.990136054421765
2024-06-28 05:30:00,,,,29.9487972508591
2024-06-28 05:31:00,,,,29.914409722222217
2024-06-28 05:32:00,,,,29.8819298245614
2024-06-28 05:33:00,,,,29.84875886524822
2024-06-28 05:34:00,,,,29.81487455197132
2024-06-28 05:35:00,,,,29.7802536231884
2024-06-28 05:36:00,,,,29.747619047619043
2024-06-28 05:37:00,,,,29.722592592592587
2024-06-28 05:38:00,,,,29.697003745318348
2024-06-28 05:39:00,,,,29.670833333333327
2024-06-28 05:40:00,,,,29.644061302681987
2024-06-28 05:41:00,,,,29.61666666666666
2024-06-28 05:42:00,,,,29.588627450980386
2024-06-28 05:43:00,,,,29.55992063492063
2024-06-28 05:44:00,,,,29.530522088353408
2024-06-28 05:45:00,,,,29.506504065040644
2024-06-28 05:46:00,,,,29.488065843621392
2024-06-28 05:47:00,,,,29.46916666666666
2024-06-28 05:48:00,,,,29.449789029535857
2024-06-28 05:49:00,,,,29.429914529914523
2024-06-28 05:50:00,,,,29.409523809523805
2024-06-28 05:51:00,,,,29.388596491228064
2024-06-28 05:52:00,,,,29.367111111111104
2024-06-28 05:53:00,,,,29.345045045045037
2024-06-28 05:54:00,,,,29.32237442922374
2024-06-28 05:55:00,,,,29.299074074074067
2024-06-28 05:56:00,,,,29.289201877934264
2024-06-28 05:57:00,,,,29.279047619047613
2024-06-28 05:58:00,,,,29.268599033816418
2024-06-28 05:59:00,,,,29.257843137254895
2024-06-28 06:00:00,,,,29.24676616915422
2024-06-28 06:01:00,,,,29.23535353535353
2024-06-28 06:02:00,,,,29.223589743589738
2024-06-28 06:03:00,,,,29.211458333333326
2024-06-28 06:04:00,,,,29.198941798941792
2024-06-28 06:05:00,,,,29.186021505376335
2024-06-28 06:06:00,,,,29.172677595628407
2024-06-28 06:07:00,,,,29.15888888888888
2024-06-28 06:08:00,,,,29.144632768361575
2024-06-28 06:09:00,,,,29.129885057471256
2024-06-28 06:10:00,,,,29.114619883040927
2024-06-28 06:11:00,,,,29.098809523809514
2024-06-28 06:12:00,,,,29.082424242424235
2024-06-28 06:13:00,,,,29.065432098765424
2024-06-28 06:14:00,,,,29.047798742138355
2024-06-28 06:15:00,,,,29.02948717948717
2024-06-28 06:16:00,,,,29.01045751633986
2024-06-28 06:17:00,,,,28.990666666666655
2024-06-28 06:18:00,,,,28.970068027210875
2024-06-28 06:19:00,,,,28.948611111111102
2024-06-28 06:20:00,,,,28.940425531914887
2024-06-28 06:21:00,,,,28.9391304347826
2024-06-28 06:22:00,,,,28.937777777777768
2024-06-28 06:23:00,,,,28.936363636363627
2024-06-28 06:24:00,,,,28.934883720930223
2024-06-28 06:25:00,,,,28.933333333333323
2024-06-28 06:26:00,,,,28.931707317073162
2024-06-28 06:27:00,,,,28.92999999999999
2024-06-28 06:28:00,,,,28.928205128205118
2024-06-28 06:29:00,,,,28.926315789473673
2024-06-28 06:30:00,,,,28.924324324324314
2024-06-28 06:31:00,,,,28.92222222222221
2024-06-28 06:32:00,,,,28.919999999999984
2024-06-28 06:33:00,,,,28.917647058823515
2024-06-28 06:34:00,,,,28.9151515151515
2024-06-28 06:35:00,,,,28.912499999999984
2024-06-28 06:36:00,,,,28.90967741935482
2024-06-28 06:37:00,,,,28.90666666666665
2024-06-28 06:38:00,,,,
2024-06-28 06:39:00,,,,
2024-06-28 06:40:00,,,,
2024-06-28 06:41:00,,,,
2024-06-28 06:42:00,,,,
2024-06-28 06:43:00,,,,
2024-06-28 06:44:00,100.0,,,
2024-06-28 06:45:00,100.0,,,
2024-06-28 06:46:00,100.0,,,
2024-06-28 06:47:00,100.0,,,
2024-06-28 06:48:00,100.0,,,
2024-06-28 06:49:00,100.0,,,
2024-06-28 06:50:00,100.0,,,
2024-06-28 06:51:00,100.0,,,
2024-06-28 06:52:00,100.0,,,
2024-06-28 06:53:00,100.0,,100.0,
2024-06-28 06:54:00,100.0,,100.0,
2024-06-28 06:55:00,100.0,,100.0,
2024-06-28 06:56:00,100.0,,100.0,
2024-06-28 06:57:00,100.0,,100.0,
2024-06-28 06:58:00,100.0,,100.0,
2024-06-28 06:59:00,100.0,,100.0,
2024-06-28 07:00:00,100.0,,100.0,
2024-06-28 07:01:00,99.75,,99.98611111111111,
2024-06-28 07:02:00,99.0,,99.9342105263158,
2024-06-28 07:03:00,99.0,,99.8875,
2024-06-28 07:04:00,99.0,,99.8452380952381,
2024-06-28 07:05:00,99.0,,99.80681818181819,
2024-06-28 07:06:00,99.0,,99.77173913043478,
2024-06-28 07:07:00,99.0,,99.73958333333333,
2024-06-28 07:08:00,99.0,,99.71,
2024-06-28 07:09:00,99.0,,99.6826923076923,
2024-06-28 07:10:00,99.0,,99.6574074074074,
2024-06-28 07:11:00,99.0,,99.63392857142857,
2024-06-28 07:12:00,99.0,,99.61206896551724,97.225
2024-06-28 07:13:00,99.0,,99.59166666666667,97.28225806451613
2024-06-28 07:14:00,99.0,,99.5725806451613,97.3359375
2024-06-28 07:15:00,99.0,,99.5546875,97.38636363636364
2024-06-28 07:16:00,99.0,,99.53787878787878,97.43382352941177
2024-06-28 07:17:00,99.0,,99.5220588235294,97.47857142857143
2024-06-28 07:18:00,99.0,,99.50714285714285,97.52083333333333
2024-06-28 07:19:00,99.0,,99.49305555555556,97.5608108108108
2024-06-28 07:20:00,99.0,,99.47972972972973,97.59868421052632
2024-06-28 07:21:00,99.0,,99.46710526315789,97.63461538461539
2024-06-28 07:22:00,99.0,,99.4551282051282,97.66875
2024-06-28 07:23:00,99.0,,99.44375,97.70121951219512
2024-06-28 07:24:00,,,99.44375,97.70121951219512
2024-06-28 07:25:00,,,99.44375,97.70121951219512
2024-06-28 07:26:00,,,99.44375,97.70121951219512
2024-06-28 07:27:00,,,99.44375,97.70121951219512
2024-06-28 07:28:00,,,99.44375,97.70121951219512
2024-06-28 07:29:00,,,99.44375,97.70121951219512
2024-06-28 07:30:00,,,99.44375,97.70121951219512
2024-06-28 07:31:00,,,99.44375,97.70121951219512
2024-06-28 07:32:00,,,99.44375,97.70121951219512
2024-06-28 07:33:00,,,99.44375,97.70121951219512
2024-06-28 07:34:00,,,99.44375,97.70121951219512
2024-06-28 07:35:00,,,99.44375,97.70121951219512
2024-06-28 07:36:00,,,99.44375,97.70121951219512
2024-06-28 07:37:00,,,99.44375,97.70121951219512
2024-06-28 07:38:00,,,99.44375,97.70121951219512
2024-06-28 07:39:00,,,99.44375,97.70121951219512
2024-06-28 07:40:00,,,99.44375,97.70121951219512
2024-06-28 07:41:00,,,99.44375,97.70121951219512
2024-06-28 07:42:00,,,99.44375,97.70121951219512
2024-06-28 07:43:00,,,99.44375,97.70121951219512
2024-06-28 07:44:00,99.0,,99.41875,97.73214285714286
2024-06-28 07:45:00,99.0,,99.39375,97.76162790697674
2024-06-28 07:46:00,99.0,,99.36875,97.78977272727273
2024-06-28 07:47:00,99.0,,99.34375,97.81666666666666
2024-06-28 07:48:00,99.0,,99.31875,97.84239130434783
2024-06-28 07:49:00,99.0,,99.29375,97.86702127659575
2024-06-28 07:50:00,98.66666666666667,,99.26041666666666,97.88368055555556
2024-06-28 07:51:00,98.0,,99.21041666666666,97.88605442176872
2024-06-28 07:52:00,98.0,,99.16041666666666,97.88833333333334
2024-06-28 07:53:00,98.0,,99.11041666666667,97.890522875817
2024-06-28 07:54:00,98.0,,99.06041666666667,97.8926282051282
2024-06-28 07:55:00,,,99.03632478632478,97.8926282051282
2024-06-28 07:56:00,,,99.0109649122807,97.8926282051282
2024-06-28 07:57:00,,,98.98423423423424,97.8926282051282
2024-06-28 07:58:00,,,98.95601851851852,97.8926282051282
2024-06-28 07:59:00,,,98.92619047619047,97.8926282051282
2024-06-28 08:00:00,,,98.89460784313725,97.8926282051282
2024-06-28 08:01:00,,,98.86868686868686,97.8926282051282
2024-06-28 08:02:00,,,98.86458333333333,97.8926282051282
2024-06-28 08:03:00,,,98.86021505376344,97.8926282051282
2024-06-28 08:04:00,,,98.85555555555555,97.8926282051282
2024-06-28 08:05:00,,,98.85057471264368,97.8926282051282
2024-06-28 08:06:00,,,98.84523809523809,97.8926282051282
2024-06-28 08:07:00,,,98.8395061728395,97.8926282051282
2024-06-28 08:08:00,,,98.83333333333333,97.8926282051282
2024-06-28 08:09:00,,,98.82666666666665,97.8926282051282
2024-06-28 08:10:00,,,98.81944444444444,97.8926282051282
2024-06-28 08:11:00,,,98.81159420289855,97.8926282051282
2024-06-28 08:12:00,,,98.8030303030303,97.8926282051282
2024-06-28 08:13:00,,,98.79365079365078,97.8926282051282
2024-06-28 08:14:00,,,98.78333333333333,97.8926282051282
2024-06-28 08:15:00,,,98.7719298245614,97.8926282051282
2024-06-28 08:16:00,,,98.75925925925925,97.8926282051282
2024-06-28 08:17:00,,,98.74509803921568,97.8926282051282
2024-06-28 08:18:00,,,98.72916666666666,97.8926282051282
2024-06-28 08:19:00,,,98.7111111111111,97.8926282051282
2024-06-28 08:20:00,,,98.69047619047618,97.8926282051282
2024-06-28 08:21:00,,,98.66666666666666,97.8926282051282
2024-06-28 08:22:00,,,98.63888888888887,97.8926282051282
2024-06-28 08:23:00,,,98.6060606060606,97.8926282051282
2024-06-28 08:24:00,,,98.6060606060606,97.8926282051282
2024-06-28 08:25:00,,,98.6060606060606,97.8926282051282
2024-06-28 08:26:00,,,98.6060606060606,97.8926282051282
2024-06-28 08:27:00,,,98.6060606060606,97.8926282051282
2024-06-28 08:28:00,,,98.6060606060606,97.8926282051282
2024-06-28 08:29:00,,,98.6060606060606,97.8926282051282
2024-06-28 08:30:00,,,98.6060606060606,97.8926282051282
2024-06-28 08:31:00,,,98.6060606060606,97.8926282051282
2024-06-28 08:32:00,,,98.6060606060606,97.8926282051282
2024-06-28 08:33:00,,,98.6060606060606,97.8926282051282
2024-06-28 08:34:00,,,98.6060606060606,97.8926282051282
2024-06-28 08:35:00,,,98.6060606060606,97.8926282051282
2024-06-28 08:36:00,,,98.6060606060606,97.8926282051282
2024-06-28 08:37:00,,,98.6060606060606,97.8926282051282
2024-06-28 08:38:00,,,98.6060606060606,97.8926282051282
2024-06-28 08:39:00,,,98.6060606060606,97.8926282051282
2024-06-28 08:40:00,,,98.6060606060606,97.8926282051282
2024-06-28 08:41:00,,,98.6060606060606,97.8926282051282
2024-06-28 08:42:00,,,98.6060606060606,97.8926282051282
2024-06-28 08:43:00,,,98.6060606060606,97.8926282051282
2024-06-28 08:44:00,,,98.56666666666665,99.26307189542484
2024-06-28 08:45:00,,,,99.26307189542484
2024-06-28 08:46:00,,,,99.26307189542484
2024-06-28 08:47:00,,,,99.26307189542484
2024-06-28 08:48:00,,,,99.26307189542484
2024-06-28 08:49:00,,,,99.26307189542484
2024-06-28 08:50:00,,,,99.26307189542484
2024-06-28 08:51:00,,,,99.26307189542484
2024-06-28 08:52:00,,,,99.26307189542484
2024-06-28 08:53:00,,,,99.26307189542484
2024-06-28 08:54:00,,,,99.26307189542484
2024-06-28 08:55:00,,,,99.26307189542484
2024-06-28 08:56:00,,,,99.26307189542484
2024-06-28 08:57:00,,,,99.26307189542484
2024-06-28 08:58:00,98.0,,,99.23878205128206
2024-06-28 08:59:00,98.0,,,99.21540880503146
2024-06-28 09:00:00,98.0,,,99.19290123456791
2024-06-28 09:01:00,98.0,,,99.17121212121212
2024-06-28 09:02:00,98.0,,,99.15029761904762
2024-06-28 09:03:00,97.5,,,99.12134502923978
2024-06-28 09:04:00,97.0,,,99.08477011494253
2024-06-28 09:05:00,97.0,,,99.0494350282486
2024-06-28 09:06:00,97.0,,,99.01527777777778
2024-06-28 09:07:00,97.0,,97.55,98.98224043715848
2024-06-28 09:08:00,96.0,,97.4090909090909,98.93413978494624
2024-06-28 09:09:00,96.0,,97.29166666666667,98.88756613756614
2024-06-28 09:10:00,96.0,,97.1923076923077,98.84244791666667
2024-06-28 09:11:00,96.0,,97.10714285714286,98.79871794871795
2024-06-28 09:12:00,96.0,,97.03333333333333,98.75631313131314
2024-06-28 09:13:00,96.0,,96.96875,98.71517412935324
2024-06-28 09:14:00,96.0,,96.91176470588235,98.67524509803923
2024-06-28 09:15:00,96.0,,96.86111111111111,98.63647342995169
2024-06-28 09:16:00,96.0,,96.8157894736842,98.59880952380952
2024-06-28 09:17:00,96.0,,96.775,98.56220657276995
2024-06-28 09:18:00,96.0,,96.73809523809524,98.52662037037038
2024-06-28 09:19:00,96.0,,96.70454545454545,98.4920091324201
2024-06-28 09:20:00,96.0,,96.67391304347827,98.45833333333334
2024-06-28 09:21:00,96.0,,96.64583333333333,98.42555555555556
2024-06-28 09:22:00,96.0,,96.62,98.39364035087719
2024-06-28 09:23:00,96.0,,96.59615384615384,98.36255411255412
2024-06-28 09:24:00,96.0,,96.57407407407408,98.33226495726497
2024-06-28 09:25:00,96.0,,96.55357142857143,98.30274261603375
2024-06-28 09:26:00,96.0,,96.53448275862068,98.27395833333334
2024-06-28 09:27:00,96.0,,96.51666666666667,98.24588477366255
2024-06-28 09:28:00,96.0,,96.5,98.21849593495935
2024-06-28 09:29:00,96.0,,96.484375,98.1917670682731
2024-06-28 09:30:00,96.0,,96.46969696969697,98.1656746031746
2024-06-28 09:31:00,96.0,,96.45588235294117,98.14019607843136
2024-06-28 09:32:00,96.0,,96.44285714285714,98.11531007751937
2024-06-28 09:33:00,96.0,,96.43055555555556,98.09099616858236
2024-06-28 09:34:00,96.0,,96.41891891891892,98.06723484848484
2024-06-28 09:35:00,96.0,,96.40789473684211,98.0440074906367
2024-06-28 09:36:00,96.0,,96.3974358974359,98.02129629629628
2024-06-28 09:37:00,95.25,,96.36875,97.99084249084248
2024-06-28 09:38:00,95.0,,96.33536585365853,97.95833333333333
2024-06-28 09:39:00,95.0,,96.30357142857143,97.92652329749103
2024-06-28 09:40:00,95.0,,96.27325581395348,97.89539007092198
2024-06-28 09:41:00,95.0,,96.24431818181819,97.86491228070174
2024-06-28 09:42:00,95.0,,96.21666666666667,97.83506944444444
2024-06-28 09:43:00,94.2,,96.17282608695652,97.79759450171821
2024-06-28 09:44:00,94.0,,96.12659574468084,97.75884353741496
2024-06-28 09:45:00,94.0,,96.08229166666666,97.72087542087542
2024-06-28 09:46:00,94.0,,96.03979591836735,97.68366666666667
2024-06-28 09:47:00,94.0,,95.999,97.64719471947195
2024-06-28 09:48:00,94.0,,95.95980392156862,97.61143790849674
2024-06-28 09:49:00,94.0,,95.92211538461538,97.57637540453075
2024-06-28 09:50:00,94.0,,95.88584905660377,97.54198717948718
2024-06-28 09:51:00,94.0,,95.85092592592592,97.50825396825397
2024-06-28 09:52:00,94.0,,95.81727272727272,97.4751572327044
2024-06-28 09:53:00,94.0,,95.78482142857142,97.44267912772585
2024-06-28 09:54:00,94.0,,95.75350877192982,97.4108024691358
2024-06-28 09:55:00,94.0,,95.72327586206896,97.37951070336392
2024-06-28 09:56:00,94.0,,95.69406779661017,97.34878787878787
2024-06-28 09:57:00,94.0,,95.66583333333332,97.31861861861861
2024-06-28 09:58:00,94.0,,95.59916666666666,97.2889880952381
2024-06-28 09:59:00,94.0,,95.5325,97.25988200589971
2024-06-28 10:00:00,94.0,,95.46583333333334,97.2312865497076
2024-06-28 10:01:00,94.0,,95.39916666666666,97.2031884057971
2024-06-28 10:02:00,94.0,,95.3325,97.17557471264368
2024-06-28 10:03:00,93.8,,95.27083333333333,97.14672364672364
2024-06-28 10:04:00,93.0,,95.20416666666667,97.11158192090394
2024-06-28 10:05:00,93.0,,95.1375,97.07703081232492
2024-06-28 10:06:00,93.0,,95.07083333333334,97.04305555555555
2024-06-28 10:07:00,93.0,,95.00416666666666,97.00964187327823
2024-06-28 10:08:00,93.0,,94.95416666666667,96.97677595628414
2024-06-28 10:09:00,93.0,,94.90416666666667,96.94444444444444
2024-06-28 10:10:00,93.0,,94.85416666666667,96.91263440860214
2024-06-28 10:11:00,93.0,,94.80416666666666,96.88133333333333
2024-06-28 10:12:00,93.0,,94.75416666666666,96.8505291005291
2024-06-28 10:13:00,93.0,,94.70416666666667,96.82020997375328
2024-06-28 10:14:00,93.0,,94.65416666666667,96.79036458333333
2024-06-28 10:15:00,93.0,,94.60416666666667,96.7609819121447
2024-06-28 10:16:00,92.75,,94.55,96.7301282051282
2024-06-28 10:17:00,92.5,,94.49166666666666,96.69783715012723
2024-06-28 10:18:00,92.25,,94.42916666666666,96.66414141414141
2024-06-28 10:19:00,92.0,,94.3625,96.62907268170426
2024-06-28 10:20:00,92.0,,94.29583333333333,96.59452736318407
2024-06-28 10:21:00,92.0,,94.22916666666667,96.56049382716049
2024-06-28 10:22:00,92.0,,94.1625,96.52696078431372
2024-06-28 10:23:00,92.0,,94.09583333333333,96.49391727493916
2024-06-28 10:24:00,92.0,,94.02916666666667,96.46135265700482
2024-06-28 10:25:00,92.0,,93.9625,96.42925659472422
2024-06-28 10:26:00,92.0,,93.89583333333333,96.39761904761905
2024-06-28 10:27:00,92.0,,93.82916666666667,96.36643026004728
2024-06-28 10:28:00,92.0,,93.7625,96.33568075117371
2024-06-28 10:29:00,92.0,,93.69583333333334,96.3053613053613
2024-06-28 10:30:00,92.0,,93.62916666666666,96.27546296296296
2024-06-28 10:31:00,92.0,,93.5625,96.24597701149425
2024-06-28 10:32:00,92.0,,93.49583333333334,96.21689497716895
2024-06-28 10:33:00,92.0,,93.42916666666666,96.18820861678005
2024-06-28 10:34:00,92.0,,93.3625,96.1599099099099
2024-06-28 10:35:00,92.0,,93.29583333333333,96.13199105145414
2024-06-28 10:36:00,92.0,,93.22916666666667,96.10444444444444
2024-06-28 10:37:00,91.66666666666667,,93.16944444444445,96.07505518763797
2024-06-28 10:38:00,91.0,,93.10277777777779,96.04166666666667
2024-06-28 10:39:00,91.0,,93.03611111111111,96.0087145969499
2024-06-28 10:40:00,91.0,,92.96944444444445,95.97619047619048
2024-06-28 10:41:00,91.0,,92.90277777777779,95.94408602150538
2024-06-28 10:42:00,91.0,,92.83611111111112,95.91239316239317
2024-06-28 10:43:00,91.0,,92.78277777777778,95.88110403397027
2024-06-28 10:44:00,91.0,,92.73277777777778,95.85021097046413
2024-06-28 10:45:00,91.0,,92.68277777777779,95.81970649895179
2024-06-28 10:46:00,91.0,,92.63277777777779,95.78958333333334
2024-06-28 10:47:00,91.0,,92.58277777777779,95.75983436853002
2024-06-28 10:48:00,91.0,,92.53277777777778,95.73045267489712
2024-06-28 10:49:00,91.0,,92.48277777777778,95.70143149284254
2024-06-28 10:50:00,91.0,,92.43277777777779,95.67276422764228
2024-06-28 10:51:00,91.0,,92.38277777777779,95.64444444444445
2024-06-28 10:52:00,91.0,,92.33277777777779,95.61646586345383
2024-06-28 10:53:00,91.0,,92.28277777777778,95.58882235528942
2024-06-28 10:54:00,91.0,,92.23277777777778,95.56150793650794
2024-06-28 10:55:00,91.0,,92.18277777777779,95.534516765286
2024-06-28 10:56:00,90.0,,92.11611111111112,95.50196078431372
2024-06-28 10:57:00,90.0,,92.04944444444445,95.46978557504873
2024-06-28 10:58:00,90.0,,91.98277777777778,95.43798449612403
2024-06-28 10:59:00,90.0,,91.91611111111112,95.40655105973025
2024-06-28 11:00:00,90.0,,91.84944444444446,95.37547892720306
2024-06-28 11:01:00,90.0,,91.78277777777778,95.3447619047619
2024-06-28 11:02:00,90.0,,91.71611111111112,95.31439393939394
2024-06-28 11:03:00,90.0,,91.65277777777779,95.28436911487758
2024-06-28 11:04:00,90.0,,91.60277777777779,95.25468164794007
2024-06-28 11:05:00,90.0,,91.55277777777778,95.22532588454375
2024-06-28 11:06:00,90.0,,91.50277777777778,95.1962962962963
2024-06-28 11:07:00,90.0,,91.45277777777778,95.16758747697973
2024-06-28 11:08:00,90.0,,91.40277777777779,95.13919413919413
2024-06-28 11:09:00,90.0,,91.35277777777779,95.1111111111111
2024-06-28 11:10:00,90.0,,91.30277777777778,95.08333333333333
2024-06-28 11:11:00,90.0,,91.25277777777778,95.05585585585585
2024-06-28 11:12:00,89.25,,91.19027777777778,95.02464157706092
2024-06-28 11:13:00,89.0,,91.12361111111112,94.99242424242424
2024-06-28 11:14:00,89.0,,91.05694444444445,94.96054964539006
2024-06-28 11:15:00,89.0,,90.99027777777778,94.92901234567901
2024-06-28 11:16:00,89.0,,90.92777777777778,94.89780701754385
2024-06-28 11:17:00,89.0,,90.86944444444445,94.86692844677137
2024-06-28 11:18:00,89.0,,90.81527777777778,94.83637152777777
2024-06-28 11:19:00,89.0,,90.76527777777778,94.80613126079447
2024-06-28 11:20:00,89.0,,90.71527777777779,94.7762027491409
2024-06-28 11:21:00,,,90.69350282485877,94.7762027491409
2024-06-28 11:22:00,,,90.67097701149426,94.7762027491409
2024-06-28 11:23:00,,,90.64766081871346,94.7762027491409
2024-06-28 11:24:00,,,90.62351190476191,94.7762027491409
2024-06-28 11:25:00,,,90.59848484848486,94.7762027491409
2024-06-28 11:26:00,,,90.57253086419753,94.7762027491409
2024-06-28 11:27:00,,,90.54559748427674,94.7762027491409
2024-06-28 11:28:00,,,90.5176282051282,94.7762027491409
2024-06-28 11:29:00,89.0,,90.4599358974359,94.74658119658119
2024-06-28 11:30:00,88.66666666666667,,90.39583333333333,94.71556122448979
2024-06-28 11:31:00,88.0,,90.31891025641025,94.68147208121827
2024-06-28 11:32:00,88.0,,90.24198717948717,94.64772727272727
2024-06-28 11:33:00,88.0,,90.1650641025641,94.6143216080402
2024-06-28 11:34:00,88.0,,90.08814102564102,94.58125
2024-06-28 11:35:00,88.0,,90.01121794871794,94.54850746268657
2024-06-28 11:36:00,88.0,,89.93429487179486,94.51608910891089
2024-06-28 11:37:00,88.0,,89.86378205128204,94.48399014778325
2024-06-28 11:38:00,88.0,,89.80608974358974,94.45220588235294
2024-06-28 11:39:00,88.0,,89.74839743589743,94.42073170731707
2024-06-28 11:40:00,88.0,,89.69070512820511,94.38956310679612
2024-06-28 11:41:00,88.0,,89.6330128205128,94.3586956521739
2024-06-28 11:42:00,88.0,,89.5753205128205,94.328125
2024-06-28 11:43:00,88.0,,89.51762820512819,94.29784688995215
2024-06-28 11:44:00,87.33333333333333,,89.44711538461539,94.26468253968254
2024-06-28 11:45:00,87.0,,89.3701923076923,94.23025276461294
2024-06-28 11:46:00,86.25,,89.27884615384616,94.19261006289308
2024-06-28 11:47:00,86.0,,89.1826923076923,94.15414710485132
2024-06-28 11:48:00,86.0,,89.08653846153847,94.11604361370716
2024-06-28 11:49:00,86.0,,88.99038461538461,94.0782945736434
2024-06-28 11:50:00,85.0,,88.875,94.03626543209876
2024-06-28 11:51:00,85.0,,88.75961538461539,93.99462365591397
2024-06-28 11:52:00,85.0,,88.64423076923077,93.95336391437309
2024-06-28 11:53:00,85.0,,88.52884615384616,93.9124809741248
2024-06-28 11:54:00,85.0,,88.41346153846153,93.87196969696969
2024-06-28 11:55:00,85.0,,88.29807692307692,93.83182503770739
2024-06-28 11:56:00,85.0,,88.20192307692308,93.79204204204204
2024-06-28 11:57:00,85.0,,88.10576923076923,93.7526158445441
2024-06-28 11:58:00,85.0,,88.00961538461539,93.71354166666666
2024-06-28 11:59:00,84.6,,87.90576923076922,93.67303703703705
2024-06-28 12:00:00,84.0,,87.79038461538461,93.6302359882006
2024-06-28 12:01:00,84.0,,87.67499999999998,93.58781204111601
2024-06-28 12:02:00,84.0,,87.55961538461537,93.54576023391813
2024-06-28 12:03:00,84.0,,87.44423076923076,93.50407569141194
2024-06-28 12:04:00,84.0,,87.32884615384614,93.4627536231884
2024-06-28 12:05:00,84.0,,87.21346153846153,93.42178932178932
2024-06-28 12:06:00,84.0,,87.09807692307692,93.38117816091955
2024-06-28 12:07:00,84.0,,86.9826923076923,93.3409155937053
2024-06-28 12:08:00,84.0,,86.86730769230768,93.30099715099716
2024-06-28 12:09:00,84.0,,86.75192307692306,93.26141843971632
2024-06-28 12:10:00,84.0,,86.63653846153845,93.22217514124294
2024-06-28 12:11:00,84.0,,86.52115384615384,93.18326300984529
2024-06-28 12:12:00,84.0,,86.4201923076923,93.14467787114846
2024-06-28 12:13:00,84.0,,86.32403846153845,93.10641562064157
2024-06-28 12:14:00,84.0,,86.22788461538461,93.06847222222223
2024-06-28 12:15:00,84.0,,86.13173076923076,93.03084370677732
2024-06-28 12:16:00,83.2,,86.0201923076923,92.99022038567495
2024-06-28 12:17:00,83.0,,85.90480769230768,92.94910836762689
2024-06-28 12:18:00,82.25,,85.77499999999999,92.90525956284154
2024-06-28 12:19:00,82.0,,85.6403846153846,92.86074829931974
2024-06-28 12:20:00,82.0,,85.50576923076922,92.81659891598916
2024-06-28 12:21:00,82.0,,85.43962264150942,92.77280701754387
2024-06-28 12:22:00,82.0,,85.37592592592591,92.7293682795699
2024-06-28 12:23:00,81.75,,85.30999999999999,92.68527443105756
2024-06-28 12:24:00,81.0,,85.2330357142857,92.63853333333334
2024-06-28 12:25:00,81.0,,85.15877192982455,92.5921646746348
2024-06-28 12:26:00,81.0,,85.08706896551723,92.54616402116403
2024-06-28 12:27:00,81.0,,85.01779661016948,92.50052700922267
2024-06-28 12:28:00,81.0,,84.95083333333332,92.45524934383202
2024-06-28 12:29:00,80.25,,84.80499999999999,92.40738562091504
2024-06-28 12:30:00,80.0,,84.66055555555555,92.35891927083334
2024-06-28 12:31:00,80.0,,84.52722222222222,92.31083009079119
2024-06-28 12:32:00,80.0,,84.39388888888888,92.26311369509044
2024-06-28 12:33:00,80.0,,84.26055555555556,92.21576576576577
2024-06-28 12:34:00,79.33333333333333,,84.11611111111112,92.16621794871796
2024-06-28 12:35:00,79.0,,83.96611111111112,92.11577266922095
2024-06-28 12:36:00,79.0,,83.81611111111111,92.06571246819338
2024-06-28 12:37:00,78.33333333333333,,83.655,92.01349809885932
2024-06-28 12:38:00,78.0,,83.48833333333333,91.96041666666666
2024-06-28 12:39:00,78.0,,83.32166666666667,91.9077358490566
2024-06-28 12:40:00,78.0,,83.155,91.85545112781955
2024-06-28 12:41:00,78.0,,82.98833333333333,91.80355805243445
2024-06-28 12:42:00,78.0,,82.82166666666667,91.75205223880597
2024-06-28 12:43:00,77.5,,82.64666666666668,91.69907063197026
2024-06-28 12:44:00,77.0,,82.47444444444444,91.61356877323419
2024-06-28 12:45:00,77.0,,82.30777777777777,91.52806691449814
2024-06-28 12:46:00,77.0,,82.1536111111111,91.44256505576207
2024-06-28 12:47:00,77.0,,82.0036111111111,91.35706319702602
2024-06-28 12:48:00,76.75,,81.84944444444444,91.27063197026023
2024-06-28 12:49:00,76.0,,81.68277777777777,91.1814126394052
2024-06-28 12:50:00,76.0,,81.53277777777777,91.09219330855018
2024-06-28 12:51:00,76.0,,81.38277777777778,91.00297397769516
2024-06-28 12:52:00,75.75,,81.2286111111111,90.9128252788104
2024-06-28 12:53:00,75.0,,81.06194444444444,90.81988847583642
2024-06-28 12:54:00,75.0,,80.89527777777776,90.72695167286246
2024-06-28 12:55:00,75.25,,80.73277777777777,90.63494423791822
2024-06-28 12:56:00,75.25,,80.57027777777778,90.54293680297397
2024-06-28 12:57:00,75.0,,80.4036111111111,90.45
2024-06-28 12:58:00,74.25,,80.22444444444444,90.3542750929368
2024-06-28 12:59:00,74.0,,80.04777777777778,90.25762081784386
2024-06-28 13:00:00,74.0,,79.88111111111111,90.16096654275093
2024-06-28 13:01:00,74.0,,79.71444444444445,90.06524163568773
2024-06-28 13:02:00,74.0,,79.54777777777778,89.97230483271375
2024-06-28 13:03:00,73.75,,79.37694444444445,89.87843866171004
2024-06-28 13:04:00,73.0,,79.19361111111111,89.7817843866171
2024-06-28 13:05:00,73.0,,79.01027777777777,89.68513011152416
2024-06-28 13:06:00,73.0,,78.82694444444445,89.58847583643123
2024-06-28 13:07:00,73.0,,78.64361111111111,89.49182156133828
2024-06-28 13:08:00,73.0,,78.46027777777778,89.39516728624535
2024-06-28 13:09:00,72.5,,78.26861111111111,89.29665427509293
2024-06-28 13:10:00,72.0,,78.06861111111111,89.19628252788104
2024-06-28 13:11:00,72.0,,77.86861111111111,89.09591078066914
2024-06-28 13:12:00,72.0,,77.66861111111112,88.99553903345725
2024-06-28 13:13:00,71.5,,77.46027777777778,88.89330855018586
2024-06-28 13:14:00,71.0,,77.24361111111111,88.78921933085502
2024-06-28 13:15:00,71.0,,77.02694444444445,88.68513011152416
2024-06-28 13:16:00,71.0,,76.82361111111112,88.5810408921933
2024-06-28 13:17:00,70.0,,76.60694444444445,88.47323420074349
2024-06-28 13:18:00,70.0,,76.40277777777779,88.36542750929368
2024-06-28 13:19:00,70.0,,76.20277777777778,88.25762081784386
2024-06-28 13:20:00,70.0,,76.00277777777778,88.14981412639405
2024-06-28 13:21:00,70.0,,75.80277777777778,88.04200743494424
2024-06-28 13:22:00,70.0,,75.60277777777779,87.93420074349442
2024-06-28 13:23:00,70.0,,75.40694444444445,87.8263940520446
2024-06-28 13:24:00,69.25,,75.21111111111112,87.75759259259259
2024-06-28 13:25:00,69.0,,75.01111111111112,87.68837638376384
2024-06-28 13:26:00,69.0,,74.81111111111112,87.61966911764705
2024-06-28 13:27:00,68.25,,74.59861111111111,87.54871794871795
2024-06-28 13:28:00,68.0,,74.38194444444444,87.47737226277371
2024-06-28 13:29:00,68.0,,74.17777777777778,87.40654545454545
2024-06-28 13:30:00,68.0,,73.97777777777779,87.33623188405797
2024-06-28 13:31:00,68.0,,73.77777777777779,87.26642599277979
2024-06-28 13:32:00,68.0,,73.57777777777778,87.19712230215828
2024-06-28 13:33:00,67.25,,73.36527777777778,87.12562724014337
2024-06-28 13:34:00,67.0,,73.15972222222221,87.05375
2024-06-28 13:35:00,67.0,,72.95972222222221,86.982384341637
2024-06-28 13:36:00,66.5,,72.75138888888888,86.90975177304965
2024-06-28 13:37:00,66.0,,72.54583333333333,86.83586572438162
2024-06-28 13:38:00,66.0,,72.34583333333333,86.7625
2024-06-28 13:39:00,65.0,,72.12916666666666,86.6861403508772
2024-06-28 13:40:00,65.0,,71.9125,86.61031468531468
2024-06-28 13:41:00,64.83333333333334,,71.69305555555555,86.53443670150988
2024-06-28 13:42:00,64.66666666666667,,71.47083333333333,86.45850694444444
2024-06-28 13:43:00,64.0,,71.24583333333334,86.38079584775086
2024-06-28 13:44:00,64.0,,71.02916666666667,86.25968858131488
2024-06-28 13:45:00,64.0,,70.8125,86.13858131487889
2024-06-28 13:46:00,63.5,,70.5875,86.01574394463668
2024-06-28 13:47:00,63.0,,70.35416666666667,85.89117647058823
2024-06-28 13:48:00,62.5,,70.11666666666666,85.76487889273356
2024-06-28 13:49:00,62.0,,69.88333333333334,85.63685121107267
2024-06-28 13:50:00,62.0,,69.65,85.50997693194924
2024-06-28 13:51:00,61.666666666666664,,69.41111111111111,85.38425605536332
2024-06-28 13:52:00,61.333333333333336,,69.17083333333333,85.2573817762399
2024-06-28 13:53:00,61.0,,68.9375,85.129354094579
2024-06-28 13:54:00,60.666666666666664,,68.69861111111112,85.00017301038062
2024-06-28 13:55:00,60.333333333333336,,68.45,84.91511494252873
2024-06-28 13:56:00,60.0,,68.19583333333334,84.8294959908362
2024-06-28 13:57:00,60.0,,67.94583333333334,84.74446347031963
2024-06-28 13:58:00,60.0,,67.70833333333333,84.66001137656427
2024-06-28 13:59:00,59.5,,67.46666666666667,84.57443310657595
2024-06-28 14:00:00,59.0,,67.21666666666667,84.48774011299435
2024-06-28 14:01:00,58.75,,66.9625,84.40078828828828
2024-06-28 14:02:00,58.0,,66.69583333333334,84.31189674523007
2024-06-28 14:03:00,58.0,,66.43333333333334,84.22360178970916
2024-06-28 14:04:00,58.333333333333336,,66.1888888888889,84.13701226309922
2024-06-28 14:05:00,58.0,,65.9388888888889,84.04988888888889
2024-06-28 14:06:00,58.0,,65.6888888888889,83.96334440753046
2024-06-28 14:07:00,58.0,,65.4388888888889,83.87737306843268
2024-06-28 14:08:00,58.0,,65.1888888888889,83.7919691969197
2024-06-28 14:09:00,57.25,,64.93472222222222,83.7046600877193
2024-06-28 14:10:00,57.0,,64.68472222222222,83.61710382513661
2024-06-28 14:11:00,57.0,,64.43472222222222,83.53011982570806
2024-06-28 14:12:00,56.25,,64.17222222222223,83.44125950054288
2024-06-28 14:13:00,56.5,,63.922222222222224,83.35378787878788
2024-06-28 14:14:00,56.111111111111114,,63.67407407407408,83.26562387630348
2024-06-28 14:15:00,55.72222222222222,,63.41944444444445,83.17677419354838
2024-06-28 14:16:00,55.333333333333336,,63.15833333333333,83.08724544480171
2024-06-28 14:17:00,55.0,,62.90833333333333,82.99722222222222
2024-06-28 14:18:00,55.0,,62.65833333333333,82.90777422790202
2024-06-28 14:19:00,54.5,,62.4,82.81730360934182
2024-06-28 14:20:00,54.0,,62.13333333333333,82.7258201058201
2024-06-28 14:21:00,54.0,,61.86666666666667,82.63491561181434
2024-06-28 14:22:00,54.0,,61.6,82.54458464773921
2024-06-28 14:23:00,54.0,,61.333333333333336,82.454821802935
2024-06-28 14:24:00,53.0,,61.0625,82.36248693834901
2024-06-28 14:25:00,53.0,,60.795833333333334,82.27072916666665
2024-06-28 14:26:00,53.0,,60.52916666666667,82.17954309449635
2024-06-28 14:27:00,52.2,,60.26166666666667,82.08643892339545
2024-06-28 14:28:00,52.0,,59.995000000000005,81.99329205366357
2024-06-28 14:29:00,52.0,,59.72833333333334,81.90072016460906
2024-06-28 14:30:00,52.0,,59.46166666666667,81.80871794871794
2024-06-28 14:31:00,52.0,,59.19500000000001,81.71728016359918
2024-06-28 14:32:00,52.0,,58.928333333333335,81.62640163098878
2024-06-28 14:33:00,51.25,,58.66166666666667,81.5337906504065
2024-06-28 14:34:00,51.0,,58.395,81.44098277608916
2024-06-28 14:35:00,51.0,,58.12833333333334,81.34873737373736
2024-06-28 14:36:00,51.0,,57.870000000000005,81.25704934541793
2024-06-28 14:37:00,51.0,,57.620000000000005,81.16591365461846
2024-06-28 14:38:00,50.333333333333336,,57.35888888888889,81.07332332332332
2024-06-28 14:39:00,50.0,,57.10888888888889,80.98028942115768
2024-06-28 14:40:00,50.0,,56.85888888888889,80.88781094527363
2024-06-28 14:41:00,50.0,,56.611666666666665,80.79588293650792
2024-06-28 14:42:00,49.5,,56.35888888888889,80.70301681503462
2024-06-28 14:43:00,49.0,,56.10888888888889,80.60922090729782
2024-06-28 14:44:00,48.666666666666664,,55.85333333333334,80.51499508357915
2024-06-28 14:45:00,48.0,,55.58666666666667,80.41936274509804
2024-06-28 14:46:00,48.0,,55.32833333333334,80.32429130009776
2024-06-28 14:47:00,48.0,,55.07833333333334,80.22977582846003
2024-06-28 14:48:00,47.666666666666664,,54.83111111111111,80.13483965014578
2024-06-28 14:49:00,47.333333333333336,,54.58666666666667,80.03948643410853
2024-06-28 14:50:00,47.0,,54.33666666666667,79.94371980676328
2024-06-28 14:51:00,47.0,,54.09222222222222,79.84850674373796
2024-06-28 14:52:00,47.0,,53.85333333333334,79.75384245917387
2024-06-28 14:53:00,,,53.73220338983052,79.75384245917387
2024-06-28 14:54:00,,,53.61264367816092,79.75384245917387
2024-06-28 14:55:00,,,53.49473684210527,79.75384245917387
2024-06-28 14:56:00,,,53.37857142857143,79.75384245917387
2024-06-28 14:57:00,,,53.258181818181825,79.75384245917387
2024-06-28 14:58:00,,,53.13333333333334,79.70110789980731
2024-06-28 14:59:00,,,53.01320754716981,79.64806763285024
2024-06-28 15:00:00,,,52.89807692307693,79.59471899224806
2024-06-28 15:01:00,,,52.78333333333334,79.5410592808552
2024-06-28 15:02:00,,,52.679,79.48708576998051
2024-06-28 15:03:00,,,52.57040816326531,79.43426197458456
2024-06-28 15:04:00,,,52.45034722222223,79.38259803921568
2024-06-28 15:05:00,,,52.3322695035461,79.33062930186824
2024-06-28 15:06:00,,,52.209057971014495,79.27835305719921
2024-06-28 15:07:00,,,52.080370370370375,79.22576656775469
2024-06-28 15:08:00,,,51.94583333333333,79.17584325396825
2024-06-28 15:09:00,,,51.82248062015504,79.12562189054727
2024-06-28 15:10:00,,,51.69920634920635,79.0750998003992
2024-06-28 15:11:00,,,51.56991869918699,79.02427427427428
2024-06-28 15:12:00,,,51.45291666666667,78.97314257028113
2024-06-28 15:13:00,,,51.32350427350428,78.92170191339375
2024-06-28 15:14:00,,,51.197514619883044,78.8699494949495
2024-06-28 15:15:00,,,51.07522522522523,78.81788247213778
2024-06-28 15:16:00,,,50.956944444444446,78.76549796747967
2024-06-28 15:17:00,,,50.84142857142857,78.71279306829766
2024-06-28 15:18:00,,,50.71911764705882,78.65976482617586
2024-06-28 15:19:00,,,50.60454545454546,78.60641025641026
2024-06-28 15:20:00,,,50.4984375,78.55272633744856
2024-06-28 15:21:00,,,50.38548387096775,78.49871001031991
2024-06-28 15:22:00,,,50.265,78.44435817805383
2024-06-28 15:23:00,,,50.13620689655173,78.38966770508826
2024-06-28 15:24:00,,,50.033928571428575,78.33463541666666
2024-06-28 15:25:00,,,49.92407407407408,78.27925809822361
2024-06-28 15:26:00,,,49.80576923076923,78.2235324947589
2024-06-28 15:27:00,,,49.71000000000001,78.16745531019978
2024-06-28 15:28:00,,,49.61458333333334,78.11102320675106
2024-06-28 15:29:00,,,49.5108695652174,78.0542328042328
2024-06-28 15:30:00,,,49.39772727272728,77.99708067940551
2024-06-28 15:31:00,,,49.27380952380953,77.93956336528221
2024-06-28 15:32:00,,,49.1375,77.88167735042735
2024-06-28 15:33:00,,,49.02631578947369,77.82341907824222
2024-06-28 15:34:00,,,48.91666666666667,77.76478494623656
2024-06-28 15:35:00,,,48.79411764705883,77.70577130528586
2024-06-28 15:36:00,,,48.65625000000001,77.64637445887446
2024-06-28 15:37:00,,,48.50000000000001,77.58903365906623
2024-06-28 15:38:00,,,48.36904761904763,77.53213507625271
2024-06-28 15:39:00,,,48.24358974358975,77.47486338797813
2024-06-28 15:40:00,78.0,,50.3974358974359,77.4191256830601
2024-06-28 15:41:00,78.0,,52.55128205128206,77.36338797814207
2024-06-28 15:42:00,77.66666666666667,,54.71794871794872,77.30655737704917
2024-06-28 15:43:00,77.33333333333334,,56.8974358974359,77.2512568306011
2024-06-28 15:44:00,77.0,,59.07692307692308,77.19551912568305
2024-06-28 15:45:00,76.0,,61.23076923076923,77.13650273224043
2024-06-28 15:46:00,77.0,,63.46153846153846,77.0807650273224
2024-06-28 15:47:00,,,64.75,77.0251096491228
2024-06-28 15:48:00,,,66.30303030303031,76.96908690869087
2024-06-28 15:49:00,,,68.2,76.91269315673289
2024-06-28 15:50:00,,,,76.85592469545958
2024-06-28 15:51:00,,,,76.79877777777777
2024-06-28 15:52:00,,,,76.74124860646599
2024-06-28 15:53:00,75.0,,,76.67770345596432
2024-06-28 15:54:00,74.25,,,76.61164994425863
2024-06-28 15:55:00,74.0,,76.425,76.54476031215161
2024-06-28 15:56:00,74.0,,76.20454545454545,76.47787068004459
2024-06-28 15:57:00,74.0,,76.02083333333333,76.41098104793757
2024-06-28 15:58:00,73.33333333333333,,75.81410256410255,76.34186176142697
2024-06-28 15:59:00,73.0,,75.61309523809523,76.2716276477146
2024-06-28 16:00:00,73.0,,75.43888888888888,76.20139353400222
2024-06-28 16:01:00,72.25,,75.23958333333333,76.12865105908583
2024-06-28 16:02:00,72.0,,75.04901960784314,76.0550724637681
2024-06-28 16:03:00,72.0,,74.87962962962962,75.98216276477146
2024-06-28 16:04:00,72.0,,74.72807017543859,75.91192865105907
2024-06-28 16:05:00,72.0,,74.59166666666667,75.8416945373467
2024-06-28 16:06:00,71.5,,74.44444444444444,75.76978818283165
2024-06-28 16:07:00,71.5,,74.31060606060606,75.6978818283166
2024-06-28 16:08:00,71.0,,74.16666666666666,75.62430323299888
2024-06-28 16:09:00,70.66666666666667,,74.02083333333333,75.54960981047937
2024-06-28 16:10:00,70.0,,73.86,75.4726867335563
2024-06-28 16:11:00,70.0,,73.71153846153847,75.39576365663322
2024-06-28 16:12:00,70.0,,73.57407407407408,75.31884057971014
2024-06-28 16:13:00,70.0,,73.44642857142857,75.24191750278706
2024-06-28 16:14:00,70.0,,73.32758620689656,75.16499442586398
2024-06-28 16:15:00,69.0,,73.18333333333334,75.08472686733556
2024-06-28 16:16:00,68.8,,73.04193548387097,75.0046265328874
2024-06-28 16:17:00,68.0,,72.884375,74.92268673355629
2024-06-28 16:18:00,68.0,,72.73636363636365,74.84158305462653
2024-06-28 16:19:00,68.0,,72.59705882352942,74.76131549609809
2024-06-28 16:20:00,68.0,,72.46571428571428,74.68104793756967
2024-06-28 16:21:00,67.33333333333333,,72.32314814814815,74.59855072463769
2024-06-28 16:22:00,67.0,,72.17927927927927,74.5149386845039
2024-06-28 16:23:00,67.0,,72.04298245614035,74.43132664437013
2024-06-28 16:24:00,66.0,,71.88803418803418,74.34437012263099
2024-06-28 16:25:00,66.0,,71.74083333333333,74.25741360089187
2024-06-28 16:26:00,66.0,,71.60081300813007,74.17045707915273
2024-06-28 16:27:00,65.8,,71.46269841269842,74.08283166109253
2024-06-28 16:28:00,65.25,,71.31821705426357,73.99336677814938
2024-06-28 16:29:00,65.0,,71.17462121212121,73.9030657748049
2024-06-28 16:30:00,64.4,,71.02407407407408,73.8107580824972
2024-06-28 16:31:00,64.0,,70.8713768115942,73.71711259754737
2024-06-28 16:32:00,64.0,,70.72517730496455,73.62346711259754
2024-06-28 16:33:00,64.0,,70.58506944444444,73.5298216276477
2024-06-28 16:34:00,63.666666666666664,,70.4438775510204,73.4350613154961
2024-06-28 16:35:00,63.0,,70.295,73.33807134894091
2024-06-28 16:36:00,63.0,,70.15196078431373,73.24108138238573
2024-06-28 16:37:00,63.0,,70.01442307692308,73.14520624303233
2024-06-28 16:38:00,62.6,,69.87452830188678,73.05022296544035
2024-06-28 16:39:00,62.0,,69.7287037037037,72.95323299888517
2024-06-28 16:40:00,62.0,,69.43240740740741,72.85624303232998
2024-06-28 16:41:00,62.0,,69.1361111111111,72.7592530657748
2024-06-28 16:42:00,62.0,,68.845987654321,72.66226309921962
2024-06-28 16:43:00,62.0,,68.56203703703703,72.56527313266443
2024-06-28 16:44:00,61.0,,68.26574074074074,72.4649386845039
2024-06-28 16:45:00,61.0,,67.98796296296297,72.36460423634337
2024-06-28 16:46:00,60.25,,67.67777777777778,72.26176142697882
2024-06-28 16:47:00,60.0,,67.53818181818181,72.15808249721293
2024-06-28 16:48:00,60.0,,67.40357142857142,72.05440356744704
2024-06-28 16:49:00,60.0,,67.27368421052631,71.95072463768116
2024-06-28 16:50:00,60.0,,67.14827586206897,71.84704570791527
2024-06-28 16:51:00,59.333333333333336,,67.01581920903955,71.74113712374583
2024-06-28 16:52:00,59.0,,66.88222222222223,71.63411371237459
2024-06-28 16:53:00,59.0,,66.61555555555556,71.52709030100335
2024-06-28 16:54:00,58.0,,66.34472222222222,71.41672240802676
2024-06-28 16:55:00,58.0,,66.07805555555555,71.30635451505017
2024-06-28 16:56:00,58.0,,65.81138888888889,71.19933110367894
2024-06-28 16:57:00,58.0,,65.54472222222222,71.0923076923077
2024-06-28 16:58:00,57.0,,65.2725,70.98193979933112
2024-06-28 16:59:00,57.0,,65.00583333333333,70.87157190635452
2024-06-28 17:00:00,56.75,,64.735,70.76036789297659
2024-06-28 17:01:00,56.0,,64.46416666666667,70.64665551839465
2024-06-28 17:02:00,56.0,,64.1975,70.53294314381272
2024-06-28 17:03:00,56.0,,63.93083333333333,70.41923076923078
2024-06-28 17:04:00,56.0,,63.66416666666667,70.30551839464884
2024-06-28 17:05:00,55.0,,63.380833333333335,70.18846153846154
2024-06-28 17:06:00,55.0,,63.10583333333333,70.07140468227425
2024-06-28 17:07:00,55.0,,62.83083333333333,69.95434782608696
2024-06-28 17:08:00,55.0,,62.564166666666665,69.83729096989967
2024-06-28 17:09:00,54.0,,62.28638888888889,69.71688963210703
2024-06-28 17:10:00,54.0,,62.01972222222222,69.59648829431438
2024-06-28 17:11:00,54.0,,61.753055555555555,69.47608695652174
2024-06-28 17:12:00,53.8,,61.48305555555555,69.35752508361205
2024-06-28 17:13:00,53.666666666666664,,61.21083333333333,69.23935340022298
2024-06-28 17:14:00,53.0,,60.9275,69.11895206243034
2024-06-28 17:15:00,53.0,,60.660833333333336,68.9985507246377
2024-06-28 17:16:00,52.5,,60.38916666666667,68.87647714604238
2024-06-28 17:17:00,52.0,,60.122499999999995,68.75273132664438
2024-06-28 17:18:00,52.0,,59.85583333333333,68.62898550724638
2024-06-28 17:19:00,52.0,,59.589166666666664,68.50523968784839
2024-06-28 17:20:00,52.0,,59.3225,68.3814938684504
2024-06-28 17:21:00,51.666666666666664,,59.06138888888889,68.32577777777777
2024-06-28 17:22:00,51.333333333333336,,58.80027777777778,68.26932447397564
2024-06-28 17:23:00,51.0,,58.533611111111114,68.21214128035321
2024-06-28 17:24:00,50.666666666666664,,58.278055555555554,68.15423542354236
2024-06-28 17:25:00,50.333333333333336,,58.01694444444445,68.09561403508773
2024-06-28 17:26:00,50.0,,57.75027777777778,68.03628415300547
2024-06-28 17:27:00,49.333333333333336,,57.47583333333333,67.97516339869281
2024-06-28 17:28:00,49.0,,57.205,67.91335504885994
2024-06-28 17:29:00,48.25,,56.92583333333333,67.78061889250814
2024-06-28 17:30:00,48.0,,56.652499999999996,67.64815418023888
2024-06-28 17:31:00,48.0,,56.38583333333333,67.51786102062975
2024-06-28 17:32:00,48.0,,56.11916666666666,67.38756786102063
2024-06-28 17:33:00,47.75,,55.84833333333333,67.25646036916395
2024-06-28 17:34:00,47.2,,55.57388888888889,67.12356134636265
2024-06-28 17:35:00,47.0,,55.30722222222222,66.99001085776331
2024-06-28 17:36:00,47.0,,55.04055555555556,66.85646036916395
2024-06-28 17:37:00,47.0,,54.77388888888889,66.7229098805646
2024-06-28 17:38:00,46.75,,54.50972222222222,66.5885450597177
2024-06-28 17:39:00,46.0,,54.24305555555556,66.45173724212812
2024-06-28 17:40:00,46.0,,53.97638888888889,66.31492942453855
2024-06-28 17:41:00,46.0,,53.709722222222226,66.17812160694898
2024-06-28 17:42:00,45.4,,53.43305555555556,66.03935939196525
2024-06-28 17:43:00,45.0,,53.14972222222222,65.89929424538545
2024-06-28 17:44:00,45.0,,52.88305555555556,65.76140065146579
2024-06-28 17:45:00,45.0,,52.61638888888889,65.62459283387622
2024-06-28 17:46:00,45.0,,52.36222222222223,65.49022801302931
2024-06-28 17:47:00,44.75,,52.10805555555556,65.35586319218241
2024-06-28 17:48:00,44.0,,51.84138888888889,65.21905537459283
2024-06-28 17:49:00,44.0,,51.57472222222223,65.08224755700326
2024-06-28 17:50:00,44.0,,51.30805555555556,64.9486970684039
2024-06-28 17:51:00,44.0,,51.0525,64.81514657980456
2024-06-28 17:52:00,44.0,,50.8025,64.68159609120521
2024-06-28 17:53:00,44.0,,50.5525,64.54804560260587
2024-06-28 17:54:00,44.0,,50.31916666666667,64.41449511400651
2024-06-28 17:55:00,43.5,,50.0775,64.27931596091206
2024-06-28 17:56:00,43.0,,49.8275,64.14250814332247
2024-06-28 17:57:00,43.0,,49.5775,64.0057003257329
2024-06-28 17:58:00,42.25,,49.33166666666667,63.86644951140065
2024-06-28 17:59:00,42.0,,49.08166666666667,63.72768729641693
2024-06-28 18:00:00,42.0,,48.83583333333333,63.590879478827354
2024-06-28 18:01:00,42.0,,48.6025,63.454071661237776
2024-06-28 18:02:00,42.0,,48.369166666666665,63.3172638436482
2024-06-28 18:03:00,41.25,,48.123333333333335,63.178013029315956
2024-06-28 18:04:00,41.0,,47.873333333333335,63.03794788273615
2024-06-28 18:05:00,41.0,,47.64,62.89788273615635
2024-06-28 18:06:00,41.0,,47.406666666666666,62.75781758957654
2024-06-28 18:07:00,40.25,,47.160833333333336,62.61530944625407
2024-06-28 18:08:00,40.0,,46.910833333333336,62.47198697068403
2024-06-28 18:09:00,40.0,,46.6775,62.328664495114
2024-06-28 18:10:00,40.0,,46.44416666666667,62.18534201954397
2024-06-28 18:11:00,40.0,,46.21083333333333,62.042019543973936
2024-06-28 18:12:00,40.0,,45.98083333333334,61.898697068403905
2024-06-28 18:13:00,40.0,,45.753055555555555,61.75537459283387
2024-06-28 18:14:00,40.0,,45.53638888888889,61.612052117263836
2024-06-28 18:15:00,39.25,,45.30722222222222,61.46628664495113
2024-06-28 18:16:00,39.0,,45.08222222222222,61.32231270358305
2024-06-28 18:17:00,39.0,,44.86555555555556,61.17899022801302
2024-06-28 18:18:00,39.0,,44.64888888888889,61.038110749185655
2024-06-28 18:19:00,39.0,,44.43222222222222,60.898045602605855
2024-06-28 18:20:00,38.5,,44.20722222222222,60.75635179153093
2024-06-28 18:21:00,38.0,,43.97944444444445,60.6130293159609
2024-06-28 18:22:00,38.0,,43.757222222222225,60.46970684039087
2024-06-28 18:23:00,38.0,,43.54055555555556,60.3271986970684
2024-06-28 18:24:00,38.0,,43.32944444444445,60.18713355048859
2024-06-28 18:25:00,38.0,,43.12388888888889,60.04706840390879
2024-06-28 18:26:00,38.0,,42.92388888888889,59.90700325732898
2024-06-28 18:27:00,38.0,,42.73500000000001,59.76693811074917
2024-06-28 18:28:00,38.0,,42.55166666666667,59.62687296416937
2024-06-28 18:29:00,37.0,,42.36416666666667,59.48599348534201
2024-06-28 18:30:00,37.0,,42.18083333333334,59.34592833876221
2024-06-28 18:31:00,37.0,,41.99750000000001,59.2058631921824
2024-06-28 18:32:00,37.0,,41.81416666666667,59.0657980456026
2024-06-28 18:33:00,37.0,,41.635000000000005,58.92573289902279
2024-06-28 18:34:00,37.0,,41.465,58.78783930510314
2024-06-28 18:35:00,37.0,,41.29833333333333,58.65103148751356
2024-06-28 18:36:00,36.75,,41.127500000000005,58.513409337676435
2024-06-28 18:37:00,36.0,,40.94416666666667,58.375515743756786
2024-06-28 18:38:00,36.0,,40.765,58.23870792616721
2024-06-28 18:39:00,36.0,,40.598333333333336,58.10190010857763
2024-06-28 18:40:00,36.0,,40.431666666666665,57.96509229098805
2024-06-28 18:41:00,36.0,,40.265,57.828284473398476
2024-06-28 18:42:00,36.0,,40.108333333333334,57.6914766558089
2024-06-28 18:43:00,36.0,,39.958333333333336,57.556297502714436
2024-06-28 18:44:00,36.0,,39.80833333333333,57.42274701411509
2024-06-28 18:45:00,36.0,,39.65833333333333,57.28919652551574
2024-06-28 18:46:00,36.0,,39.50833333333333,57.155646036916394
2024-06-28 18:47:00,36.0,,39.3625,57.02209554831705
2024-06-28 18:48:00,35.0,,39.2125,56.88610206297503
2024-06-28 18:49:00,35.0,,39.0625,56.75255157437568
2024-06-28 18:50:00,35.0,,38.9125,56.619001085776326
2024-06-28 18:51:00,35.0,,38.7625,56.48545059717698
2024-06-28 18:52:00,35.0,,38.6125,56.35271444082519
2024-06-28 18:53:00,35.0,,38.4625,56.222421281216064
2024-06-28 18:54:00,35.0,,38.3125,56.09212812160695
2024-06-28 18:55:00,35.0,,38.170833333333334,55.96102062975027
2024-06-28 18:56:00,34.75,,38.03333333333333,55.829098805646034
2024-06-28 18:57:00,34.0,,37.88333333333333,55.695548317046686
2024-06-28 18:58:00,34.0,,37.74583333333333,55.56444082519001
2024-06-28 18:59:00,34.0,,37.6125,55.43414766558089
2024-06-28 19:00:00,34.0,,37.479166666666664,55.30385450597177
2024-06-28 19:01:00,34.0,,37.34583333333333,55.173561346362646
2024-06-28 19:02:00,34.0,,37.2125,55.04326818675353
2024-06-28 19:03:00,34.0,,37.09166666666667,54.91378935939196
2024-06-28 19:04:00,34.0,,36.975,54.78675352877307
2024-06-28 19:05:00,34.0,,36.858333333333334,54.65971769815418
2024-06-28 19:06:00,34.0,,36.74166666666667,54.53268186753529
2024-06-28 19:07:00,34.0,,36.6375,54.405646036916394
2024-06-28 19:08:00,34.0,,36.5375,54.2786102062975
2024-06-28 19:09:00,34.0,,36.4375,54.15320304017372
2024-06-28 19:10:00,34.0,,36.3375,54.02942453854506
2024-06-28 19:11:00,34.0,,36.2375,53.905646036916394
2024-06-28 19:12:00,33.6,,36.130833333333335,53.780564603691644
2024-06-28 19:13:00,33.0,,36.01416666666667,53.655157437567865
2024-06-28 19:14:00,33.0,,35.8975,53.5313789359392
2024-06-28 19:15:00,33.0,,35.79333333333333,53.40760043431054
2024-06-28 19:16:00,33.0,,35.693333333333335,53.283821932681875
2024-06-28 19:17:00,33.0,,35.593333333333334,53.163300760043434
2024-06-28 19:18:00,33.0,,35.49333333333333,53.042779587405
2024-06-28 19:19:00,33.0,,35.39333333333333,52.92225841476657
2024-06-28 19:20:00,33.0,,35.30166666666666,52.80173724212813
2024-06-28 19:21:00,32.5,,35.21,52.67958740499458
2024-06-28 19:22:00,32.0,,35.11,52.555808903365914
2024-06-28 19:23:00,32.0,,35.01,52.43203040173725
2024-06-28 19:24:00,32.0,,34.91,52.31069489685125
2024-06-28 19:25:00,32.0,,34.809999999999995,52.19017372421282
2024-06-28 19:26:00,32.0,,34.71,52.06965255157438
2024-06-28 19:27:00,32.0,,34.61,51.95157437567862
2024-06-28 19:28:00,32.0,,34.51,51.83431053203041
2024-06-28 19:29:00,32.0,,34.42666666666666,51.7170466883822
2024-06-28 19:30:00,32.0,,34.343333333333334,51.59978284473399
2024-06-28 19:31:00,32.0,,34.26,51.482519001085784
2024-06-28 19:32:00,32.0,,34.17666666666666,51.36525515743757
2024-06-28 19:33:00,32.0,,34.093333333333334,51.250434310532036
2024-06-28 19:34:00,32.0,,34.010000000000005,51.136427795874056
2024-06-28 19:35:00,,,33.95932203389831,51.08458605664489
2024-06-28 19:36:00,,,33.911206896551725,51.034043715847
2024-06-28 19:37:00,,,33.87456140350877,50.984813596491236
2024-06-28 19:38:00,,,33.83660714285715,50.93525852585259
2024-06-28 19:39:00,,,33.79727272727273,50.88868653421634
2024-06-28 19:40:00,,,33.75648148148149,50.841805094130684
2024-06-28 19:41:00,,,33.71415094339623,50.79516666666667
2024-06-28 19:42:00,,,33.67019230769231,50.748773690078046
2024-06-28 19:43:00,,,33.62450980392157,50.70430648769575
2024-06-28 19:44:00,,,33.577000000000005,50.65953984287318
2024-06-28 19:45:00,,,33.52755102040817,50.614470720720725
2024-06-28 19:46:00,,,33.47604166666667,50.57079096045198
2024-06-28 19:47:00,,,33.42234042553192,50.52851473922903
2024-06-28 19:48:00,,,33.388043478260876,50.48765642775882
2024-06-28 19:49:00,,,33.352222222222224,50.44823059360731
2024-06-28 19:50:00,,,33.31477272727273,50.40853379152349
2024-06-28 19:51:00,,,33.27558139534884,50.36971264367816
2024-06-28 19:52:00,,,33.234523809523814,50.33177623990773
2024-06-28 19:53:00,,,33.19146341463415,50.2947337962963
2024-06-28 19:54:00,,,33.14625,50.25859465737515
2024-06-28 19:55:00,,,33.098717948717955,50.22336829836831
2024-06-28 19:56:00,,,33.05526315789474,50.18906432748538
2024-06-28 19:57:00,,,33.02972972972973,50.15451877934273
2024-06-28 19:58:00,,,33.00277777777778,50.11972909305065
2024-06-28 19:59:00,,,32.97428571428572,50.0864657210402
2024-06-28 20:00:00,,,32.944117647058825,50.05474495848162
2024-06-28 20:01:00,,,32.912121212121214,50.02369047619048
2024-06-28 20:02:00,,,32.878125000000004,49.99510155316607
2024-06-28 20:03:00,,,32.84193548387097,49.966306954436455
2024-06-28 20:04:00,,,32.803333333333335,49.9361010830325
2024-06-28 20:05:00,,,32.762068965517244,49.90688405797102
2024-06-28 20:06:00,,,32.71785714285715,49.87745454545455
2024-06-28 20:07:00,,,32.67037037037038,49.847810218978104
2024-06-28 20:08:00,,,32.619230769230775,49.817948717948724
2024-06-28 20:09:00,,,32.56400000000001,49.790625000000006
2024-06-28 20:10:00,,,32.50416666666667,49.76402214022141
2024-06-28 20:11:00,,,32.43913043478261,49.73722222222223
2024-06-28 20:12:00,,,32.38636363636364,49.713011152416364
2024-06-28 20:13:00,,,32.35714285714286,49.687686567164185
2024-06-28 20:14:00,,,32.325,49.66362879733666
2024-06-28 20:15:00,,,32.289473684210535,49.64085213032582
2024-06-28 20:16:00,,,32.25000000000001,49.6193710691824
2024-06-28 20:17:00,,,32.20588235294118,49.598989898989906
2024-06-28 20:18:00,,,32.15625000000001,49.57845373891002
2024-06-28 20:19:00,,,32.1,49.55966921119594
2024-06-28 20:20:00,,,32.03571428571429,49.54265644955301
2024-06-28 20:21:00,,,32.0,49.52551282051283
2024-06-28 20:22:00,,,32.0,49.508236808236816
2024-06-28 20:23:00,,,32.0,49.49082687338502
2024-06-28 20:24:00,,,32.0,49.47717250324255
2024-06-28 20:25:00,,,,49.46341145833334
2024-06-28 20:26:00,,,,49.44954248366014
2024-06-28 20:27:00,,,,49.43871391076116
2024-06-28 20:28:00,81.5,,,49.554855643044625
2024-06-28 20:29:00,82.0,,,49.67296587926509
2024-06-28 20:30:00,83.0,,,49.79501312335958
2024-06-28 20:31:00,84.0,,,49.920997375328085
2024-06-28 20:32:00,85.0,,,50.05091863517061
2024-06-28 20:33:00,85.0,,,50.18379265091864
2024-06-28 20:34:00,86.0,,,50.32158792650919
2024-06-28 20:35:00,86.75,,,50.462335958005255
2024-06-28 20:36:00,88.0,,,50.60800524934383
2024-06-28 20:37:00,89.0,,85.025,50.75761154855643
2024-06-28 20:38:00,90.0,,85.47727272727273,50.91377952755906
2024-06-28 20:39:00,91.33333333333333,,85.96527777777777,51.0765091863517
2024-06-28 20:40:00,,,85.96527777777777,51.080764163372855
2024-06-28 20:41:00,,,85.96527777777777,51.08505291005291
2024-06-28 20:42:00,,,85.96527777777777,51.091367861885786
2024-06-28 20:43:00,,,85.96527777777777,51.09973333333333
2024-06-28 20:44:00,,,85.96527777777777,51.1095046854083
2024-06-28 20:45:00,,,85.96527777777777,51.122043010752684
2024-06-28 20:46:00,,,85.96527777777777,51.13468286099865
2024-06-28 20:47:00,,,85.96527777777777,51.14742547425474
2024-06-28 20:48:00,,,85.96527777777777,51.161632653061226
2024-06-28 20:49:00,,,85.96527777777777,51.17732240437159
2024-06-28 20:50:00,,,85.96527777777777,51.194513031550066
2024-06-28 20:51:00,,,85.96527777777777,51.21184573002755
2024-06-28 20:52:00,,,85.96527777777777,51.22932226832641
2024-06-28 20:53:00,,,85.96527777777777,51.22932226832641
2024-06-28 20:54:00,,,85.96527777777777,51.22932226832641
2024-06-28 20:55:00,,,85.96527777777777,51.22932226832641
2024-06-28 20:56:00,,,85.96527777777777,51.22932226832641
2024-06-28 20:57:00,,,85.96527777777777,51.22932226832641
2024-06-28 20:58:00,,,85.96527777777777,51.22932226832641
2024-06-28 20:59:00,,,85.96527777777777,51.22932226832641
2024-06-28 21:00:00,,,85.96527777777777,51.22932226832641
2024-06-28 21:01:00,,,85.96527777777777,51.22932226832641
2024-06-28 21:02:00,,,85.96527777777777,51.22932226832641
2024-06-28 21:03:00,,,85.96527777777777,51.22932226832641
2024-06-28 21:04:00,,,85.96527777777777,51.22932226832641
2024-06-28 21:05:00,,,85.96527777777777,51.22932226832641
2024-06-28 21:06:00,100.0,,87.0448717948718,51.430853994490356
2024-06-28 21:07:00,100.0,,87.97023809523809,51.630727023319615
2024-06-28 21:08:00,100.0,,88.77222222222221,51.82896174863388
2024-06-28 21:09:00,100.0,,89.47395833333333,52.02557823129251
2024-06-28 21:10:00,100.0,,90.09313725490196,52.22059620596206
2024-06-28 21:11:00,100.0,,90.64351851851852,52.4140350877193
2024-06-28 21:12:00,100.0,,91.1359649122807,52.60591397849462
2024-06-28 21:13:00,100.0,,91.57916666666667,52.7962516733601
2024-06-28 21:14:00,100.0,,91.98015873015872,52.98506666666667
2024-06-28 21:15:00,,,91.98015873015872,52.98506666666667
2024-06-28 21:16:00,,,91.98015873015872,52.98506666666667
2024-06-28 21:17:00,,,91.98015873015872,52.98506666666667
2024-06-28 21:18:00,,,91.98015873015872,52.98506666666667
2024-06-28 21:19:00,,,91.98015873015872,52.98506666666667
2024-06-28 21:20:00,,,91.98015873015872,52.98506666666667
2024-06-28 21:21:00,,,91.98015873015872,52.98506666666667
2024-06-28 21:22:00,,,91.98015873015872,52.98506666666667
2024-06-28 21:23:00,,,91.98015873015872,52.98506666666667
2024-06-28 21:24:00,,,91.98015873015872,52.98506666666667
2024-06-28 21:25:00,,,91.98015873015872,52.98506666666667
2024-06-28 21:26:00,,,91.98015873015872,52.98506666666667
2024-06-28 21:27:00,,,91.98015873015872,52.98506666666667
2024-06-28 21:28:00,,,92.50416666666666,52.98506666666667
2024-06-28 21:29:00,,,93.05701754385964,52.98506666666667
2024-06-28 21:30:00,,,93.61574074074073,52.98506666666667
2024-06-28 21:31:00,,,94.1813725490196,52.98506666666667
2024-06-28 21:32:00,,,94.75520833333333,52.98506666666667
2024-06-28 21:33:00,,,95.40555555555555,52.98506666666667
2024-06-28 21:34:00,,,96.07738095238095,52.98506666666667
2024-06-28 21:35:00,,,96.7948717948718,52.98506666666667
2024-06-28 21:36:00,,,97.52777777777777,52.98506666666667
2024-06-28 21:37:00,,,98.3030303030303,52.98506666666667
2024-06-28 21:38:00,,,99.13333333333333,52.98506666666667
2024-06-28 21:39:00,,,,52.98506666666667
2024-06-28 21:40:00,,,,52.88460508701473
2024-06-28 21:41:00,,,,52.78333333333333
2024-06-28 21:42:00,,,,52.68259109311741
2024-06-28 21:43:00,,,,52.58238482384824
2024-06-28 21:44:00,,,,52.482721088435376
2024-06-28 21:45:00,,,,52.386338797814204
2024-06-28 21:46:00,,,,52.28504801097394
2024-06-28 21:47:00,,,,52.28504801097394
2024-06-28 21:48:00,,,,52.28504801097394
2024-06-28 21:49:00,,,,52.28504801097394
2024-06-28 21:50:00,,,,52.28504801097394
2024-06-28 21:51:00,,,,52.28504801097394
2024-06-28 21:52:00,,,,52.28504801097394
2024-06-28 21:53:00,,,,52.19118457300275
2024-06-28 21:54:00,,,,52.099654218533885
2024-06-28 21:55:00,,,,52.008402777777775
2024-06-28 21:56:00,,,,51.916387726638774
2024-06-28 21:57:00,,,,51.82359943977591
2024-06-28 21:58:00,,,,51.73284106891701
2024-06-28 21:59:00,,,,51.64272598870056
2024-06-28 22:00:00,,,,51.5518439716312
2024-06-28 22:01:00,,,,51.46339031339031
2024-06-28 22:02:00,,,,51.37525035765379
2024-06-28 22:03:00,,,,51.28635057471264
2024-06-28 22:04:00,,,,51.19668109668109
2024-06-28 22:05:00,,,,51.10623188405797
2024-06-28 22:06:00,100.0,,,51.23014492753623
2024-06-28 22:07:00,100.0,,,51.35405797101449
2024-06-28 22:08:00,100.0,,,51.48014492753623
2024-06-28 22:09:00,99.0,,,51.60333333333333
2024-06-28 22:10:00,99.0,,,51.72942028985507
2024-06-28 22:11:00,99.0,,,51.85550724637681
2024-06-28 22:12:00,99.0,,,51.98159420289855
2024-06-28 22:13:00,99.0,,,52.10768115942029
2024-06-28 22:14:00,99.0,,,52.23376811594203
2024-06-28 22:15:00,99.0,,99.3,52.36420289855072
2024-06-28 22:16:00,98.0,,99.18181818181819,52.491159420289854
2024-06-28 22:17:00,98.0,,99.08333333333333,52.62159420289855
2024-06-28 22:18:00,98.0,,99.0,52.75202898550725
2024-06-28 22:19:00,98.0,,98.92857142857143,52.88246376811595
2024-06-28 22:20:00,98.0,,98.86666666666666,53.01289855072464
2024-06-28 22:21:00,98.0,,98.8125,53.14623188405797
2024-06-28 22:22:00,98.0,,98.76470588235294,53.28101449275362
2024-06-28 22:23:00,98.0,,98.72222222222223,53.41579710144927
2024-06-28 22:24:00,98.0,,98.6842105263158,53.55492753623189
2024-06-28 22:25:00,97.75,,98.6375,53.692971014492755
2024-06-28 22:26:00,97.5,,98.58333333333333,53.829927536231885
2024-06-28 22:27:00,97.0,,98.51136363636364,53.96557971014492
2024-06-28 22:28:00,97.0,,98.44565217391305,54.10362318840579
2024-06-28 22:29:00,97.0,,98.38541666666667,54.2427536231884
2024-06-28 22:30:00,97.0,,98.33,54.384492753623185
2024-06-28 22:31:00,97.0,,98.27884615384616,54.52797101449275
2024-06-28 22:32:00,97.0,,98.23148148148148,54.67144927536231
2024-06-28 22:33:00,97.0,,98.1875,54.81492753623188
2024-06-28 22:34:00,97.0,,98.14655172413794,54.95985507246377
2024-06-28 22:35:00,97.0,,98.10833333333333,55.10768115942029
2024-06-28 22:36:00,97.0,,98.0725806451613,55.25550724637681
2024-06-28 22:37:00,97.0,,98.0390625,55.40333333333333
2024-06-28 22:38:00,97.0,,98.00757575757575,55.552898550724635
2024-06-28 22:39:00,97.0,,97.9779411764706,55.70507246376811
2024-06-28 22:40:00,97.0,,97.95,55.85724637681159
2024-06-28 22:41:00,96.25,,97.90277777777777,56.006159420289855
2024-06-28 22:42:00,96.0,,97.85135135135135,56.153985507246375
2024-06-28 22:43:00,96.0,,97.80263157894737,56.301811594202896
2024-06-28 22:44:00,96.0,,97.75641025641026,56.45398550724637
2024-06-28 22:45:00,96.0,,97.7125,56.60615942028985
2024-06-28 22:46:00,96.0,,97.67073170731707,56.76159420289855
2024-06-28 22:47:00,96.0,,97.63095238095238,56.91811594202898
2024-06-28 22:48:00,96.0,,97.59302325581395,57.074637681159416
2024-06-28 22:49:00,96.0,,97.55681818181819,57.23115942028985
2024-06-28 22:50:00,96.0,,97.52222222222223,57.38768115942029
2024-06-28 22:51:00,96.0,,97.48913043478261,57.54710144927536
2024-06-28 22:52:00,96.0,,97.45744680851064,57.70797101449275
2024-06-28 22:53:00,96.0,,97.42708333333333,57.86884057971014
2024-06-28 22:54:00,96.0,,97.39795918367346,58.03405797101449
2024-06-28 22:55:00,96.0,,97.37,58.199275362318836
2024-06-28 22:56:00,96.0,,97.34313725490196,58.36449275362318
2024-06-28 22:57:00,96.0,,97.3173076923077,58.52971014492753
2024-06-28 22:58:00,96.0,,97.29245283018868,58.699275362318836
2024-06-28 22:59:00,96.0,,97.26851851851852,58.86884057971014
2024-06-28 23:00:00,96.0,,97.24545454545455,59.039492753623186
2024-06-28 23:01:00,95.5,,97.21428571428571,59.211231884057966
2024-06-28 23:02:00,95.0,,97.17543859649123,59.38079710144927
2024-06-28 23:03:00,95.0,,97.13793103448276,59.55036231884058
2024-06-28 23:04:00,95.0,,97.10169491525424,59.71992753623188
2024-06-28 23:05:00,95.0,,97.06666666666666,59.89384057971014
2024-06-28 23:06:00,94.5,,96.975,60.065579710144924
2024-06-28 23:07:00,94.0,,96.875,60.235144927536226
2024-06-28 23:08:00,94.0,,96.775,60.40471014492753
2024-06-28 23:09:00,94.0,,96.69166666666666,60.57862318840579
2024-06-28 23:10:00,94.0,,96.60833333333333,60.75253623188405
2024-06-28 23:11:00,94.0,,96.525,60.926449275362316
2024-06-28 23:12:00,94.0,,96.44166666666666,61.10123188405797
2024-06-28 23:13:00,94.0,,96.35833333333333,61.27659420289855
2024-06-28 23:14:00,94.0,,96.275,61.45485507246377
2024-06-28 23:15:00,93.2,,96.17833333333333,61.62963768115942
2024-06-28 23:16:00,93.0,,96.095,61.805724637681166
2024-06-28 23:17:00,93.0,,96.01166666666667,61.98398550724638
2024-06-28 23:18:00,93.0,,95.92833333333333,62.162246376811595
2024-06-28 23:19:00,93.0,,95.845,62.340507246376816
2024-06-28 23:20:00,93.0,,95.76166666666667,62.51876811594203
2024-06-28 23:21:00,92.0,,95.66166666666666,62.69413043478261
2024-06-28 23:22:00,92.0,,95.56166666666667,62.87094202898551
2024-06-28 23:23:00,92.0,,95.46166666666666,63.04920289855073
2024-06-28 23:24:00,92.0,,95.36166666666666,63.22891304347826
2024-06-28 23:25:00,92.0,,95.26583333333333,63.41007246376812
2024-06-28 23:26:00,91.0,,95.1575,63.58833333333334
2024-06-28 23:27:00,91.0,,95.05749999999999,63.76949275362319
2024-06-28 23:28:00,91.0,,94.9575,63.95210144927536
2024-06-28 23:29:00,91.0,,94.8575,64.13797101449275
2024-06-28 23:30:00,91.0,,94.7575,64.32492753623188
2024-06-28 23:31:00,91.0,,94.6575,64.51188405797102
2024-06-28 23:32:00,91.0,,94.55749999999999,64.69884057971015
2024-06-28 23:33:00,91.0,,94.4575,64.88688405797102
2024-06-28 23:34:00,91.0,,94.3575,65.07731884057971
2024-06-28 23:35:00,91.0,,94.2575,65.2686231884058
2024-06-28 23:36:00,91.0,,94.1575,65.45992753623189
2024-06-28 23:37:00,91.0,,94.05749999999999,65.65123188405796
2024-06-28 23:38:00,90.6,,93.95083333333334,65.84188405797101
2024-06-28 23:39:00,90.0,,93.83416666666668,66.0331884057971
2024-06-28 23:40:00,90.0,,93.7175,66.22449275362318
2024-06-28 23:41:00,90.0,,93.61333333333333,66.41579710144927
2024-06-28 23:42:00,90.0,,93.51333333333334,66.60971014492753
2024-06-28 23:43:00,89.25,,93.40083333333334,66.80210144927537
2024-06-28 23:44:00,89.0,,93.28416666666666,66.99340579710145
2024-06-28 23:45:00,89.0,,93.1675,67.18471014492754
2024-06-28 23:46:00,88.6,,93.04416666666665,67.37427536231884
2024-06-28 23:47:00,88.0,,92.91083333333333,67.5623188405797
2024-06-28 23:48:00,88.0,,92.77749999999999,67.7536231884058
2024-06-28 23:49:00,88.0,,92.64416666666666,67.94492753623187
2024-06-28 23:50:00,88.0,,92.51083333333332,68.13623188405796
2024-06-28 23:51:00,87.33333333333333,,92.36638888888889,68.32463768115942
2024-06-28 23:52:00,87.0,,92.21638888888889,68.51159420289855
2024-06-28 23:53:00,87.0,,92.0663888888889,68.69855072463768
2024-06-28 23:54:00,87.0,,91.91638888888889,68.8855072463768
2024-06-28 23:55:00,87.0,,91.7663888888889,69.07463768115942
2024-06-28 23:56:00,86.0,,91.59972222222223,69.26159420289855
2024-06-28 23:57:00,86.0,,91.43305555555555,69.44855072463768
2024-06-28 23:58:00,86.0,,91.2663888888889,69.63876811594203
2024-06-28 23:59:00,86.0,,91.09972222222223,69.83007246376812
2024-06-29 00:00:00,86.0,,90.93305555555555,70.0213768115942
2024-06-29 00:01:00,86.0,,90.77472222222222,70.21268115942028
2024-06-29 00:02:00,85.66666666666667,,90.61916666666666,70.40253623188406
2024-06-29 00:03:00,85.0,,90.4525,70.5927536231884
2024-06-29 00:04:00,85.0,,90.28583333333333,70.78405797101449
2024-06-29 00:05:00,85.0,,90.11916666666666,70.97536231884058
2024-06-29 00:06:00,84.8,,89.9575,71.16579710144927
2024-06-29 00:07:00,84.0,,89.79083333333332,71.35601449275362
2024-06-29 00:08:00,84.0,,89.62416666666667,71.5473188405797
2024-06-29 00:09:00,84.0,,89.4575,71.73862318840578
2024-06-29 00:10:00,84.0,,89.29083333333332,71.92992753623187
2024-06-29 00:11:00,84.0,,89.12416666666667,72.12123188405796
2024-06-29 00:12:00,83.5,,88.94916666666667,72.31036231884057
2024-06-29 00:13:00,83.0,,88.76583333333333,72.4973188405797
2024-06-29 00:14:00,82.8,,88.57916666666667,72.68340579710146
2024-06-29 00:15:00,82.0,,88.3925,72.86927536231885
2024-06-29 00:16:00,82.0,,88.20916666666668,73.05623188405798
2024-06-29 00:17:00,82.0,,88.02583333333334,73.2431884057971
2024-06-29 00:18:00,82.0,,87.8425,73.43014492753623
2024-06-29 00:19:00,82.0,,87.65916666666666,73.61710144927537
2024-06-29 00:20:00,81.2,,87.4625,73.8027536231884
2024-06-29 00:21:00,81.0,,87.27916666666667,73.98971014492753
2024-06-29 00:22:00,81.0,,87.09583333333333,74.17666666666666
2024-06-29 00:23:00,80.5,,86.90416666666667,74.3614492753623
2024-06-29 00:24:00,80.0,,86.70416666666667,74.54405797101448
2024-06-29 00:25:00,80.0,,86.50416666666666,74.72666666666666
2024-06-29 00:26:00,80.0,,86.32083333333334,74.90927536231884
2024-06-29 00:27:00,80.0,,86.1375,75.091884057971
2024-06-29 00:28:00,80.0,,85.95416666666667,75.27449275362318
2024-06-29 00:29:00,79.0,,85.75416666666666,75.45710144927536
2024-06-29 00:30:00,79.0,,85.55416666666666,75.63971014492753
2024-06-29 00:31:00,79.0,,85.35416666666667,75.8223188405797
2024-06-29 00:32:00,79.0,,85.15416666666667,76.00492753623188
2024-06-29 00:33:00,79.0,,84.95416666666667,76.18753623188405
2024-06-29 00:34:00,78.33333333333333,,84.74305555555556,76.3672463768116
2024-06-29 00:35:00,78.0,,84.52638888888889,76.54550724637681
2024-06-29 00:36:00,78.0,,84.30972222222222,76.72485507246377
2024-06-29 00:37:00,78.0,,84.09305555555555,76.90746376811595
2024-06-29 00:38:00,78.0,,83.88305555555554,77.09007246376812
2024-06-29 00:39:00,78.0,,83.68305555555554,77.27268115942029
2024-06-29 00:40:00,78.0,,83.48305555555554,77.45528985507246
2024-06-29 00:41:00,77.75,,83.27888888888887,77.6368115942029
2024-06-29 00:42:00,77.0,,83.06222222222222,77.81507246376812
2024-06-29 00:43:00,77.0,,82.85805555555554,77.99333333333334
2024-06-29 00:44:00,77.0,,82.65805555555555,78.17159420289855
2024-06-29 00:45:00,76.2,,82.44472222222223,78.34637681159421
2024-06-29 00:46:00,76.0,,82.23472222222223,78.52028985507246
2024-06-29 00:47:00,76.0,,82.03472222222223,78.69420289855073
2024-06-29 00:48:00,76.0,,81.83472222222223,78.87246376811595
2024-06-29 00:49:00,76.0,,81.63472222222224,79.05072463768117
2024-06-29 00:50:00,75.2,,81.4213888888889,79.22550724637681
2024-06-29 00:51:00,75.0,,81.21583333333334,79.39942028985506
2024-06-29 00:52:00,75.0,,81.01583333333333,79.57333333333332
2024-06-29 00:53:00,74.0,,80.79916666666666,79.74289855072463
2024-06-29 00:54:00,74.0,,80.5825,79.91246376811594
2024-06-29 00:55:00,74.0,,80.36583333333333,80.08202898550724
2024-06-29 00:56:00,74.0,,80.16583333333332,80.25268115942028
2024-06-29 00:57:00,74.0,,79.96583333333334,80.42659420289854
2024-06-29 00:58:00,74.0,,79.76583333333333,80.60050724637681
2024-06-29 00:59:00,73.0,,79.54916666666666,80.7700724637681
2024-06-29 01:00:00,73.0,,79.3325,80.93963768115941
2024-06-29 01:01:00,73.0,,79.11583333333333,81.10920289855072
2024-06-29 01:02:00,72.33333333333333,,78.89361111111111,81.27586956521739
2024-06-29 01:03:00,72.22222222222221,,78.68064814814815,81.44205314009662
2024-06-29 01:04:00,72.11111111111111,,78.46583333333335,81.6077536231884
2024-06-29 01:05:00,72.0,,78.24916666666668,81.77297101449275
2024-06-29 01:06:00,72.0,,78.03583333333334,81.9381884057971
2024-06-29 01:07:00,71.0,,77.81916666666667,82.09905797101449
2024-06-29 01:08:00,71.0,,77.6025,82.25992753623188
2024-06-29 01:09:00,71.0,,77.38583333333334,82.42079710144927
2024-06-29 01:10:00,71.0,,77.16916666666667,82.58166666666666
2024-06-29 01:11:00,70.0,,76.93583333333335,82.7381884057971
2024-06-29 01:12:00,70.0,,76.71083333333334,82.89644927536233
2024-06-29 01:13:00,70.0,,76.49416666666667,83.05731884057971
2024-06-29 01:14:00,70.0,,76.28083333333333,83.21818840579711
2024-06-29 01:15:00,69.2,,76.06750000000001,83.37557971014493
2024-06-29 01:16:00,69.0,,75.85083333333334,83.53210144927537
2024-06-29 01:17:00,69.0,,75.63416666666667,83.6886231884058
2024-06-29 01:18:00,69.0,,75.4175,83.84514492753624
2024-06-29 01:19:00,69.0,,75.20083333333334,84.00166666666668
2024-06-29 01:20:00,69.0,,74.9975,84.1581884057971
2024-06-29 01:21:00,69.0,,74.7975,84.31688405797102
2024-06-29 01:22:00,69.0,,74.59750000000001,84.47775362318842
2024-06-29 01:23:00,69.0,,74.40583333333333,84.6386231884058
2024-06-29 01:24:00,69.0,,74.22250000000001,84.7994927536232
2024-06-29 01:25:00,69.0,,74.03916666666667,84.96036231884058
2024-06-29 01:26:00,69.0,,73.85583333333334,85.12123188405798
2024-06-29 01:27:00,69.0,,73.6725,85.28210144927537
2024-06-29 01:28:00,68.5,,73.48083333333334,85.44079710144928
2024-06-29 01:29:00,68.0,,73.2975,85.59731884057972
2024-06-29 01:30:00,68.0,,73.11416666666668,85.75384057971016
2024-06-29 01:31:00,68.0,,72.93083333333334,85.91036231884058
2024-06-29 01:32:00,68.0,,72.7475,86.06688405797102
2024-06-29 01:33:00,67.75,,72.56,86.22231884057972
2024-06-29 01:34:00,67.0,,72.37111111111112,86.3744927536232
2024-06-29 01:35:00,67.0,,72.18777777777778,86.2906204906205
2024-06-29 01:36:00,67.0,,72.00444444444446,86.20747126436783
2024-06-29 01:37:00,66.75,,71.81694444444446,86.12396280400573
2024-06-29 01:38:00,66.0,,71.61694444444446,86.03796296296296
2024-06-29 01:39:00,66.0,,71.41694444444445,85.952695035461
2024-06-29 01:40:00,66.0,,71.21694444444445,85.86814971751413
2024-06-29 01:41:00,66.0,,71.02111111111113,85.78431786216598
2024-06-29 01:42:00,66.0,,70.83777777777779,85.70119047619049
2024-06-29 01:43:00,65.0,,70.63777777777779,85.61457461645747
2024-06-29 01:44:00,65.0,,70.43777777777778,85.52868055555557
2024-06-29 01:45:00,64.5,,70.24277777777777,85.4414246196404
2024-06-29 01:46:00,64.0,,70.04277777777777,85.35282369146006
2024-06-29 01:47:00,64.0,,69.84277777777778,85.26495198902607
2024-06-29 01:48:00,64.0,,69.64277777777778,85.1778005464481
2024-06-29 01:49:00,63.5,,69.43444444444444,85.08931972789117
2024-06-29 01:50:00,63.0,,69.23111111111112,84.99952574525746
2024-06-29 01:51:00,63.0,,69.03111111111112,84.91045883940622
2024-06-29 01:52:00,62.666666666666664,,68.82555555555555,84.82076612903225
2024-06-29 01:53:00,62.0,,68.62555555555555,84.72911646586346
2024-06-29 01:54:00,62.0,,68.42555555555555,84.6382
2024-06-29 01:55:00,62.0,,68.22555555555556,84.5480079681275
2024-06-29 01:56:00,62.0,,68.02555555555556,84.45853174603174
2024-06-29 01:57:00,61.0,,67.80888888888889,84.36581027667984
2024-06-29 01:58:00,61.0,,67.59222222222222,84.2738188976378
2024-06-29 01:59:00,60.75,,67.38805555555555,84.18156862745097
2024-06-29 02:00:00,60.0,,67.17138888888888,84.087109375
2024-06-29 02:01:00,60.0,,66.95472222222222,83.99338521400777
2024-06-29 02:02:00,60.0,,66.74916666666667,83.90038759689922
2024-06-29 02:03:00,60.0,,66.54546296296297,83.8081081081081
2024-06-29 02:04:00,60.0,,66.34361111111112,83.71653846153846
2024-06-29 02:05:00,60.0,,66.14361111111111,83.62567049808429
2024-06-29 02:06:00,59.8,,65.94027777777778,83.5347328244275
2024-06-29 02:07:00,59.0,,65.74027777777778,83.44144486692016
2024-06-29 02:08:00,59.0,,65.54027777777777,83.34886363636365
2024-06-29 02:09:00,59.0,,65.34027777777777,83.25698113207548
2024-06-29 02:10:00,59.0,,65.14027777777777,83.16578947368421
2024-06-29 02:11:00,58.0,,64.94027777777778,83.07153558052435
2024-06-29 02:12:00,58.0,,64.74027777777778,82.97798507462687
2024-06-29 02:13:00,58.0,,64.54027777777777,82.88513011152418
2024-06-29 02:14:00,58.0,,64.34027777777777,82.79296296296297
2024-06-29 02:15:00,57.666666666666664,,64.14805555555556,82.70024600246002
2024-06-29 02:16:00,57.0,,63.94805555555556,82.60575980392157
2024-06-29 02:17:00,,,63.86242937853108,82.60575980392157
2024-06-29 02:18:00,,,63.77385057471265,82.60575980392157
2024-06-29 02:19:00,,,63.682163742690065,82.60575980392157
2024-06-29 02:20:00,,,63.587202380952384,82.60575980392157
2024-06-29 02:21:00,,,63.48878787878788,82.60575980392157
2024-06-29 02:22:00,,,63.38672839506174,82.60575980392157
2024-06-29 02:23:00,,,63.2808176100629,82.60575980392157
2024-06-29 02:24:00,,,63.17083333333334,82.60575980392157
2024-06-29 02:25:00,,,63.056535947712426,82.60575980392157
2024-06-29 02:26:00,,,62.93766666666667,82.60575980392157
2024-06-29 02:27:00,,,62.8139455782313,82.60575980392157
2024-06-29 02:28:00,,,62.695486111111116,82.60984009840098
2024-06-29 02:29:00,,,62.582624113475184,82.6120987654321
2024-06-29 02:30:00,,,62.46485507246378,82.61065675340768
2024-06-29 02:31:00,,,62.34185185185186,82.60547263681592
2024-06-29 02:32:00,,,62.21325757575758,82.59650436953808
2024-06-29 02:33:00,,,62.08449612403101,82.5874686716792
2024-06-29 02:34:00,,,61.96746031746032,82.57459119496855
2024-06-29 02:35:00,52.0,,61.61031746031747,82.44345911949685
2024-06-29 02:36:00,52.0,,61.253174603174614,82.30761006289308
2024-06-29 02:37:00,52.0,,60.90198412698413,82.16798742138364
2024-06-29 02:38:00,52.0,,60.568650793650804,82.02459119496855
2024-06-29 02:39:00,51.0,,60.21150793650794,81.8723899371069
2024-06-29 02:40:00,51.0,,59.85436507936509,81.756328320802
2024-06-29 02:41:00,51.0,,59.49722222222223,81.64113607990012
2024-06-29 02:42:00,50.2,,59.12103174603175,81.52381840796019
2024-06-29 02:43:00,50.0,,58.76388888888889,81.40662949194547
2024-06-29 02:44:00,50.0,,58.40674603174604,81.2903086419753
2024-06-29 02:45:00,50.0,,58.06150793650794,81.17484624846247
2024-06-29 02:46:00,50.0,,57.72817460317461,81.06023284313724
2024-06-29 02:47:00,49.5,,57.38293650793651,80.94462759462759
2024-06-29 02:48:00,49.0,,57.02579365079365,80.82804136253041
2024-06-29 02:49:00,49.0,,56.68055555555556,80.71230303030302
2024-06-29 02:50:00,49.0,,56.34722222222223,80.59740338164251
2024-06-29 02:51:00,49.0,,56.01388888888889,80.48333333333332
2024-06-29 02:52:00,49.0,,55.68849206349206,80.37008393285372
2024-06-29 02:53:00,48.2,,55.35992063492064,80.25477897252091
2024-06-29 02:54:00,47.800000000000004,,55.02182539682539,80.13886904761904
2024-06-29 02:55:00,47.4,,54.67420634920635,80.0223606168446
2024-06-29 02:56:00,47.0,,54.31706349206349,79.90526004728132
2024-06-29 02:57:00,47.0,,53.983730158730154,79.78898704358068
2024-06-29 02:58:00,47.0,,53.650396825396825,79.67353286384976
2024-06-29 02:59:00,47.0,,53.32301587301587,79.55888888888889
2024-06-29 03:00:00,46.0,,52.98968253968254,79.44155011655012
2024-06-29 03:01:00,46.0,,52.656349206349205,79.32502903600465
2024-06-29 03:02:00,46.0,,52.32301587301587,79.20931712962962
2024-06-29 03:03:00,46.0,,51.98968253968254,79.09440599769319
2024-06-29 03:04:00,,,51.794308943089426,79.09440599769319
2024-06-29 03:05:00,,,51.589166666666664,79.09440599769319
2024-06-29 03:06:00,,,51.378632478632476,79.02181712962962
2024-06-29 03:07:00,,,51.1780701754386,78.94872241579559
2024-06-29 03:08:00,,,50.96666666666667,78.87511655011654
2024-06-29 03:09:00,,,50.74351851851852,78.80099415204678
2024-06-29 03:10:00,,,50.507619047619045,78.72634976525822
2024-06-29 03:11:00,43.0,,50.07904761904762,78.52564553990611
2024-06-29 03:12:00,42.875,,49.646904761904764,78.32450117370892
2024-06-29 03:13:00,42.75,,49.211190476190474,78.12291666666667
2024-06-29 03:14:00,42.0,,48.75404761904762,77.91869131455398
2024-06-29 03:15:00,42.0,,48.306428571428576,77.79266081871344
2024-06-29 03:16:00,42.0,,47.877857142857145,77.66751165501165
2024-06-29 03:17:00,41.333333333333336,,47.69606481481482,77.54091173054587
2024-06-29 03:18:00,41.0,,47.51509009009009,77.41403356481482
2024-06-29 03:19:00,41.0,,47.343640350877195,77.28803344867359
2024-06-29 03:20:00,41.0,,47.18098290598291,77.16290229885057
2024-06-29 03:21:00,41.0,,47.02645833333334,77.03863115693012
2024-06-29 03:22:00,41.0,,46.87947154471545,76.91521118721461
2024-06-29 03:23:00,41.0,,46.73948412698413,76.79263367463025
2024-06-29 03:24:00,41.0,,46.60600775193799,76.67089002267574
2024-06-29 03:25:00,41.0,,46.47859848484848,76.54997175141243
2024-06-29 03:26:00,41.0,,46.35685185185185,76.42987049549549
2024-06-29 03:27:00,41.0,,46.24039855072464,76.31057800224467
2024-06-29 03:28:00,41.0,,46.128900709219856,76.1920861297539
2024-06-29 03:29:00,41.0,,46.02204861111111,76.07438684503902
2024-06-29 03:30:00,41.0,,45.91955782312925,75.95747222222222
2024-06-29 03:31:00,41.0,,45.82116666666667,75.84133444075304
2024-06-29 03:32:00,40.0,,45.70702614379085,75.7226545253863
2024-06-29 03:33:00,40.0,,45.59727564102564,75.60475797579757
2024-06-29 03:34:00,40.0,,45.49166666666667,75.4876370614035
2024-06-29 03:35:00,40.0,,45.265251572327045,75.37128415300546
2024-06-29 03:36:00,40.0,,45.038836477987424,75.25569172113289
2024-06-29 03:37:00,40.0,,44.8124213836478,75.14085233441911
2024-06-29 03:38:00,40.0,,44.58600628930818,75.02675865800865
2024-06-29 03:39:00,40.0,,44.37845911949686,74.91340345199568
2024-06-29 03:40:00,40.0,,44.17091194968553,74.80077956989247
2024-06-29 03:41:00,40.0,,43.96336477987421,74.68887995712754
2024-06-29 03:42:00,40.0,,43.770911949685534,74.57769764957264
2024-06-29 03:43:00,40.0,,43.582232704402514,74.46722577209798
2024-06-29 03:44:00,40.0,,43.393553459119495,74.35745753715499
2024-06-29 03:45:00,40.0,,43.204874213836476,74.24838624338624
2024-06-29 03:46:00,40.0,,43.01619496855346,74.1400052742616
2024-06-29 03:47:00,40.0,,42.836949685534584,74.03230809674027
2024-06-29 03:48:00,40.0,,42.66713836477987,73.92528825995807
2024-06-29 03:49:00,40.0,,42.497327044025155,73.81893939393939
2024-06-29 03:50:00,40.0,,42.32751572327044,73.71325520833332
2024-06-29 03:51:00,40.0,,42.15770440251572,73.60822949117342
2024-06-29 03:52:00,40.0,,41.987893081761,73.50385610766045
2024-06-29 03:53:00,40.0,,41.83317610062893,73.400128998968
2024-06-29 03:54:00,40.0,,41.686006289308175,73.29704218106995
2024-06-29 03:55:00,40.0,,41.54638364779875,73.19458974358975
2024-06-29 03:56:00,40.0,,41.41430817610063,73.09276584867075
2024-06-29 03:57:00,40.0,,41.28223270440252,72.99156472986748
2024-06-29 03:58:00,40.0,,41.15015723270441,72.89098069105691
2024-06-29 03:59:00,40.0,,41.01808176100629,72.7910081053698
2024-06-29 04:00:00,40.0,,40.90487421383648,72.69164141414142
2024-06-29 04:01:00,40.0,,40.79166666666667,72.59287512588116
2024-06-29 04:02:00,40.0,,40.67845911949686,72.49470381526103
2024-06-29 04:03:00,40.0,,40.56525157232705,72.39712212212211
2024-06-29 04:04:00,40.0,,40.554783950617285,72.300124750499
2024-06-29 04:05:00,40.0,,40.54469696969697,72.20370646766169
2024-06-29 04:06:00,40.0,,40.53497023809524,72.02460199004975
2024-06-29 04:07:00,40.0,,40.52558479532164,71.8454975124378
2024-06-29 04:08:00,40.0,,40.51652298850575,71.66639303482586
2024-06-29 04:09:00,40.0,,40.507768361581924,71.4902736318408
2024-06-29 04:10:00,40.0,,40.49930555555556,71.31415422885571
2024-06-29 04:11:00,,,40.4569209039548,71.23126247504989
2024-06-29 04:12:00,,,40.41522988505747,71.14787287287287
2024-06-29 04:13:00,,,40.37426900584796,71.06398092369477
2024-06-29 04:14:00,,,40.345238095238095,70.97958207452164
2024-06-29 04:15:00,,,40.31515151515152,70.89467171717172
2024-06-29 04:16:00,,,40.283950617283956,70.81228470111448
2024-06-29 04:17:00,,,40.264150943396224,70.72939532520324
2024-06-29 04:18:00,,,40.25,70.645998980632
2024-06-29 04:19:00,,,40.23529411764706,70.56209100204498
2024-06-29 04:20:00,,,40.22,70.47766666666666
2024-06-29 04:21:00,,,40.204081632653065,70.39272119341564
2024-06-29 04:22:00,,,40.1875,70.30724974200206
2024-06-29 04:23:00,,,40.170212765957444,70.22124741200828
2024-06-29 04:24:00,,,40.15217391304348,70.13470924195222
2024-06-29 04:25:00,,,40.13333333333333,70.04841145833333
2024-06-29 04:26:00,,,40.11363636363637,69.96235632183908
2024-06-29 04:27:00,,,40.093023255813954,69.8773322851153
2024-06-29 04:28:00,,,40.07142857142857,69.79177181913775
2024-06-29 04:29:00,,,40.048780487804876,69.70566983122362
2024-06-29 04:30:00,,,40.025,69.61902116402116
2024-06-29 04:31:00,,,40.0,69.53182059447983
2024-06-29 04:32:00,,,40.0,69.44406283280085
2024-06-29 04:33:00,,,40.0,69.35574252136752
2024-06-29 04:34:00,,,40.0,69.26685423365487
2024-06-29 04:35:00,,,40.0,69.17739247311827
2024-06-29 04:36:00,,,40.0,69.08735167206041
2024-06-29 04:37:00,,,40.0,68.99672619047618
2024-06-29 04:38:00,,,40.0,68.90551031487513
2024-06-29 04:39:00,,,40.0,68.8136982570806
2024-06-29 04:40:00,,,40.0,68.72128415300546
2024-06-29 04:41:00,,,40.0,68.63072916666665
2024-06-29 04:42:00,,,40.0,68.54040154015401
2024-06-29 04:43:00,,,40.0,68.44947571743928
2024-06-29 04:44:00,,,40.0,68.3579457364341
2024-06-29 04:45:00,,,40.0,68.26580555555554
2024-06-29 04:46:00,,,40.0,68.17304905239688
2024-06-29 04:47:00,,,40.0,68.07967002237136
2024-06-29 04:48:00,,,40.0,67.98566217732883
2024-06-29 04:49:00,,,40.0,67.89101914414414
2024-06-29 04:50:00,,,40.0,67.79573446327683
2024-06-29 04:51:00,,,40.0,67.69980158730158
2024-06-29 04:52:00,,,40.0,67.60321387940841
2024-06-29 04:53:00,,,40.0,67.50596461187214
2024-06-29 04:54:00,,,40.0,67.40804696449025
2024-06-29 04:55:00,,,40.0,67.3094540229885
2024-06-29 04:56:00,,,40.0,67.21017877739331
2024-06-29 04:57:00,,,40.0,67.11021412037036
2024-06-29 04:58:00,,,40.0,67.00955284552845
2024-06-29 04:59:00,,,40.0,66.90818764568763
2024-06-29 05:00:00,,,40.0,66.80611111111111
2024-06-29 05:01:00,,,,66.7050762910798
2024-06-29 05:02:00,,,,66.60509422850411
2024-06-29 05:03:00,,,,66.50440307328604
2024-06-29 05:04:00,,,,66.40299525504152
2024-06-29 05:05:00,,,,66.30086309523809
2024-06-29 05:06:00,,,,66.1997909199522
2024-06-29 05:07:00,,,,66.0997901678657
2024-06-29 05:08:00,,,,65.99906738868832
2024-06-29 05:09:00,,,,65.89761473429951
2024-06-29 05:10:00,,,,65.79542424242423
2024-06-29 05:11:00,,,,65.69248783454987
2024-06-29 05:12:00,,,,65.5887973137973
2024-06-29 05:13:00,,,,65.48434436274509
2024-06-29 05:14:00,,,,65.37912054120541
2024-06-29 05:15:00,,,,65.27608024691358
2024-06-29 05:16:00,,,,65.17301734820323
2024-06-29 05:17:00,,,,65.0691853233831
2024-06-29 05:18:00,,,,64.96457553058677
2024-06-29 05:19:00,,,,64.85917919799499
2024-06-29 05:20:00,,,,64.75298742138365
2024-06-29 05:21:00,82.0,,,64.71525157232705
2024-06-29 05:22:00,82.0,,,64.67751572327045
2024-06-29 05:23:00,82.0,,,64.63977987421384
2024-06-29 05:24:00,82.0,,,64.60204402515724
2024-06-29 05:25:00,81.5,,,64.5624213836478
2024-06-29 05:26:00,81.33333333333333,,,64.52594339622641
2024-06-29 05:27:00,81.16666666666667,,,64.48883647798742
2024-06-29 05:28:00,81.0,,,64.45110062893082
2024-06-29 05:29:00,81.0,,,64.41336477987421
2024-06-29 05:30:00,80.5,,81.45,64.37374213836479
2024-06-29 05:31:00,80.0,,81.31818181818181,64.33223270440251
2024-06-29 05:32:00,80.0,,81.20833333333333,64.29072327044025
2024-06-29 05:33:00,,,81.20833333333333,64.18955176767678
2024-06-29 05:34:00,,,81.20833333333333,64.08761089987327
2024-06-29 05:35:00,,,81.20833333333333,63.98489185750637
2024-06-29 05:36:00,,,81.20833333333333,63.88138569604087
2024-06-29 05:37:00,,,81.20833333333333,63.77708333333334
2024-06-29 05:38:00,,,81.20833333333333,63.673519948519946
2024-06-29 05:39:00,77.0,,80.88461538461539,63.623326898326894
2024-06-29 05:40:00,77.0,,80.60714285714286,63.57313384813384
2024-06-29 05:41:00,76.5,,80.33333333333333,63.521010296010296
2024-06-29 05:42:00,76.0,,80.0625,63.46695624195624
2024-06-29 05:43:00,76.0,,79.82352941176471,63.41579794079794
2024-06-29 05:44:00,75.75,,79.59722222222223,63.364639639639634
2024-06-29 05:45:00,75.0,,79.35526315789474,63.310585585585585
2024-06-29 05:46:00,75.0,,79.1375,63.258075933075936
2024-06-29 05:47:00,75.0,,78.94047619047619,63.207882882882885
2024-06-29 05:48:00,75.0,,78.76136363636364,63.15768983268983
2024-06-29 05:49:00,75.0,,78.59782608695652,63.10749678249678
2024-06-29 05:50:00,74.66666666666667,,78.43402777777779,63.05601673101673
2024-06-29 05:51:00,74.33333333333333,,78.27,63.00582368082368
2024-06-29 05:52:00,74.0,,78.10576923076923,62.95563063063063
2024-06-29 05:53:00,74.0,,77.95370370370371,62.90543758043758
2024-06-29 05:54:00,73.5,,77.79464285714286,62.85331402831403
2024-06-29 05:55:00,73.0,,77.62931034482759,62.799259974259975
2024-06-29 05:56:00,73.0,,77.475,62.74906692406692
2024-06-29 05:57:00,72.5,,77.31451612903226,62.69694337194337
2024-06-29 05:58:00,72.0,,77.1484375,62.64288931788932
2024-06-29 05:59:00,72.0,,76.99242424242425,62.588835263835264
2024-06-29 06:00:00,72.0,,76.84558823529412,62.53478120978121
2024-06-29 06:01:00,,,76.84558823529412,62.44383074935401
2024-06-29 06:02:00,,,76.84558823529412,62.353469520103765
2024-06-29 06:03:00,,,76.84558823529412,62.26500651041667
2024-06-29 06:04:00,,,76.84558823529412,62.17584967320261
2024-06-29 06:05:00,,,76.84558823529412,62.085990813648294
2024-06-29 06:06:00,,,76.84558823529412,61.99621212121212
2024-06-29 06:07:00,68.0,,76.59285714285714,61.93297101449275
2024-06-29 06:08:00,68.0,,76.35416666666667,61.86972990777338
2024-06-29 06:09:00,68.0,,76.12837837837837,61.806488801054016
2024-06-29 06:10:00,67.6,,75.90394736842104,61.74166666666667
2024-06-29 06:11:00,67.0,,75.67564102564103,61.67447299077734
2024-06-29 06:12:00,66.66666666666667,,75.45041666666667,61.60793807641633
2024-06-29 06:13:00,66.0,,75.21991869918699,61.540744400527004
2024-06-29 06:14:00,66.0,,75.00039682539683,61.47434123847167
2024-06-29 06:15:00,,,75.00039682539683,61.392890211640214
2024-06-29 06:16:00,,,75.00039682539683,61.31079017264276
2024-06-29 06:17:00,,,75.00039682539683,61.228033333333336
2024-06-29 06:18:00,,,75.00039682539683,61.14461178045515
2024-06-29 06:19:00,,,75.00039682539683,61.06051747311828
2024-06-29 06:20:00,,,75.00039682539683,60.97898110661268
2024-06-29 06:21:00,,,74.82967479674797,60.89759485094851
2024-06-29 06:22:00,,,74.65041666666667,60.81554421768707
2024-06-29 06:23:00,,,74.46196581196581,60.73487021857923
2024-06-29 06:24:00,,,74.26359649122807,60.65558984910837
2024-06-29 06:25:00,,,74.06801801801802,60.575654269972446
2024-06-29 06:26:00,,,73.8662037037037,60.49505532503458
2024-06-29 06:27:00,63.0,,73.36157407407408,60.42451590594744
2024-06-29 06:28:00,63.0,,72.86157407407408,60.3539764868603
2024-06-29 06:29:00,63.0,,72.36157407407408,60.28758644536652
2024-06-29 06:30:00,62.0,,71.84768518518518,60.21704702627939
2024-06-29 06:31:00,62.0,,71.34768518518518,60.14650760719225
2024-06-29 06:32:00,61.4,,70.83101851851852,60.073478561549095
2024-06-29 06:33:00,61.0,,70.56531531531532,59.9987897648686
2024-06-29 06:34:00,61.0,,70.31359649122807,59.926867219917014
2024-06-29 06:35:00,60.2,,70.05427350427351,59.85300829875519
2024-06-29 06:36:00,60.1,,69.80541666666667,59.77873443983403
2024-06-29 06:37:00,60.0,,69.56626016260162,59.704045643153535
2024-06-29 06:38:00,60.0,,69.33849206349207,59.62935684647304
2024-06-29 06:39:00,59.0,,68.90992063492064,59.550518672199175
2024-06-29 06:40:00,58.75,,68.47539682539683,59.47064315352698
2024-06-29 06:41:00,58.0,,68.03492063492064,59.38869294605809
2024-06-29 06:42:00,57.75,,67.60039682539683,59.3088174273859
2024-06-29 06:43:00,57.5,,67.15992063492064,59.22790456431536
2024-06-29 06:44:00,57.25,,66.71944444444445,59.14595435684648
2024-06-29 06:45:00,57.0,,66.29087301587302,59.06628630705394
2024-06-29 06:46:00,56.0,,65.83849206349207,58.98329875518672
2024-06-29 06:47:00,56.333333333333336,,65.39404761904763,58.90169432918396
2024-06-29 06:48:00,56.0,,64.94166666666668,58.81870677731674
2024-06-29 06:49:00,56.0,,64.48928571428571,58.73571922544952
2024-06-29 06:50:00,56.0,,64.04484126984127,58.656051175656984
2024-06-29 06:51:00,55.666666666666664,,63.60039682539683,58.57582987551867
2024-06-29 06:52:00,55.333333333333336,,63.155952380952385,58.49422544951591
2024-06-29 06:53:00,55.0,,62.703571428571436,58.41538727524205
2024-06-29 06:54:00,54.666666666666664,,62.25515873015873,58.335165975103735
2024-06-29 06:55:00,54.333333333333336,,61.81071428571429,58.25356154910097
2024-06-29 06:56:00,54.0,,61.358333333333334,58.17057399723375
2024-06-29 06:57:00,54.0,,60.917857142857144,58.087586445366526
2024-06-29 06:58:00,53.0,,60.465476190476195,58.00044951590595
2024-06-29 06:59:00,53.0,,60.01309523809524,57.91746196403873
2024-06-29 07:00:00,53.0,,59.56071428571429,57.83447441217151
2024-06-29 07:01:00,52.0,,59.38488372093024,57.747337482710925
2024-06-29 07:02:00,52.0,,59.217045454545456,57.662966804979256
2024-06-29 07:03:00,52.0,,59.05666666666667,57.5790571692024
2024-06-29 07:04:00,51.75,,58.89782608695653,57.494571230982025
2024-06-29 07:05:00,51.5,,58.740425531914894,57.40950899031812
2024-06-29 07:06:00,51.25,,58.584375,57.32340940525588
2024-06-29 07:07:00,51.0,,58.23020833333334,57.24042185338866
2024-06-29 07:08:00,51.0,,57.87604166666667,57.15743430152144
2024-06-29 07:09:00,50.0,,57.50104166666667,57.070297372060864
2024-06-29 07:10:00,50.0,,57.134375000000006,56.98316044260028
2024-06-29 07:11:00,50.0,,56.78020833333334,56.90017289073306
2024-06-29 07:12:00,49.666666666666664,,56.42604166666666,56.81580221300138
2024-06-29 07:13:00,49.0,,56.071875,56.728665283540806
2024-06-29 07:14:00,49.0,,55.71770833333333,56.64152835408022
2024-06-29 07:15:00,49.0,,55.58061224489796,56.55771092669433
2024-06-29 07:16:00,49.0,,55.449,56.47472337482711
2024-06-29 07:17:00,49.0,,55.32254901960784,56.39173582295989
2024-06-29 07:18:00,49.0,,55.200961538461534,56.30874827109267
2024-06-29 07:19:00,48.0,,55.06509433962264,56.221611341632084
2024-06-29 07:20:00,48.0,,54.93425925925926,56.13447441217151
2024-06-29 07:21:00,47.666666666666664,,54.80212121212121,56.045954356846465
2024-06-29 07:22:00,47.333333333333336,,54.668749999999996,55.95605117565698
2024-06-29 07:23:00,47.0,,54.53421052631579,55.86476486860304
2024-06-29 07:24:00,47.0,,54.404310344827586,55.7734785615491
2024-06-29 07:25:00,46.0,,54.26186440677966,55.6780428769018
2024-06-29 07:26:00,46.0,,54.12416666666666,55.58260719225449
2024-06-29 07:27:00,46.0,,53.84083333333333,55.487171507607194
2024-06-29 07:28:00,46.0,,53.5575,55.39381051175657
2024-06-29 07:29:00,46.0,,53.274166666666666,55.30252420470263
2024-06-29 07:30:00,46.0,,53.0075,55.21123789764869
2024-06-29 07:31:00,46.0,,52.74083333333333,55.119951590594745
2024-06-29 07:32:00,45.83333333333333,,52.481388888888894,55.02797372060858
2024-06-29 07:33:00,45.666666666666664,,52.225833333333334,54.93634163208852
2024-06-29 07:34:00,45.0,,51.95916666666667,54.84505532503458
2024-06-29 07:35:00,45.0,,51.70583333333333,54.75376901798064
2024-06-29 07:36:00,45.0,,51.454166666666666,54.66248271092669
2024-06-29 07:37:00,45.0,,51.204166666666666,54.57223374827109
2024-06-29 07:38:00,45.0,,50.954166666666666,54.48509681881051
2024-06-29 07:39:00,45.0,,50.72083333333333,54.39795988934993
2024-06-29 07:40:00,45.0,,50.49166666666667,54.31082295988935
2024-06-29 07:41:00,45.0,,50.275,54.223686030428766
2024-06-29 07:42:00,45.0,,50.0625,54.13654910096819
2024-06-29 07:43:00,45.0,,49.854166666666664,54.05356154910097
2024-06-29 07:44:00,45.0,,49.65,53.97057399723375
2024-06-29 07:45:00,45.0,,49.45,53.889661134163205
2024-06-29 07:46:00,44.25,,49.25416666666667,53.80771092669433
2024-06-29 07:47:00,44.0,,49.04861111111111,53.72472337482711
2024-06-29 07:48:00,44.0,,48.84861111111111,53.64173582295989
2024-06-29 07:49:00,44.0,,48.64861111111111,53.56082295988935
2024-06-29 07:50:00,44.0,,48.448611111111106,53.48198478561549
2024-06-29 07:51:00,44.0,,48.25416666666667,53.40314661134163
2024-06-29 07:52:00,44.0,,48.06527777777777,53.32569156293223
2024-06-29 07:53:00,44.0,,47.88194444444444,53.25100276625173
2024-06-29 07:54:00,44.0,,47.704166666666666,53.17631396957123
2024-06-29 07:55:00,44.0,,47.53194444444444,53.101625172890735
2024-06-29 07:56:00,44.0,,47.36527777777778,53.02693637621024
2024-06-29 07:57:00,44.0,,47.198611111111106,52.9563969571231
2024-06-29 07:58:00,44.0,,47.04861111111111,52.885857538035964
2024-06-29 07:59:00,44.0,,46.89861111111111,52.816355463347165
2024-06-29 08:00:00,44.0,,46.74861111111111,52.74996542185339
2024-06-29 08:01:00,44.0,,46.61527777777778,52.68357538035961
2024-06-29 08:02:00,43.0,,46.46527777777778,52.61303596127247
2024-06-29 08:03:00,43.0,,46.31527777777777,52.54249654218534
2024-06-29 08:04:00,43.0,,46.169444444444444,52.4719571230982
2024-06-29 08:05:00,43.0,,46.02777777777778,52.40141770401107
2024-06-29 08:06:00,43.0,,45.890277777777776,52.3317081604426
2024-06-29 08:07:00,43.0,,45.75694444444444,52.26531811894883
2024-06-29 08:08:00,43.0,,45.62361111111111,52.19892807745505
2024-06-29 08:09:00,43.0,,45.50694444444444,52.132538035961275
2024-06-29 08:10:00,42.5,,45.38194444444444,52.06407330567082
2024-06-29 08:11:00,42.0,,45.24861111111111,51.99768326417704
2024-06-29 08:12:00,42.0,,45.12083333333333,51.931293222683266
2024-06-29 08:13:00,42.0,,45.00416666666667,51.86490318118949
2024-06-29 08:14:00,42.0,,44.8875,51.798513139695714
2024-06-29 08:15:00,42.0,,44.770833333333336,51.73350622406639
2024-06-29 08:16:00,42.0,,44.65416666666667,51.67126556016597
2024-06-29 08:17:00,42.0,,44.5375,51.63130165289256
2024-06-29 08:18:00,42.0,,44.420833333333334,51.59166666666667
2024-06-29 08:19:00,41.75,,44.31666666666667,51.551331967213116
2024-06-29 08:20:00,42.0,,44.21666666666667,51.51234693877551
2024-06-29 08:21:00,42.0,,44.12222222222223,51.47367886178861
2024-06-29 08:22:00,42.0,,44.03333333333333,51.43532388663967
2024-06-29 08:23:00,42.0,,43.95,51.39727822580645
2024-06-29 08:24:00,41.5,,43.858333333333334,51.357530120481925
2024-06-29 08:25:00,42.0,,43.791666666666664,51.3201
2024-06-29 08:26:00,42.0,,43.725,51.28296812749004
2024-06-29 08:27:00,42.0,,43.65833333333333,51.24613095238095
2024-06-29 08:28:00,41.5,,43.583333333333336,51.20760869565217
2024-06-29 08:29:00,41.0,,43.5,51.16742125984252
2024-06-29 08:30:00,41.0,,43.416666666666664,51.12754901960784
2024-06-29 08:31:00,41.0,,43.333333333333336,51.08798828125
2024-06-29 08:32:00,41.0,,43.25277777777777,51.04873540856031
2024-06-29 08:33:00,41.0,,43.175,51.009786821705426
2024-06-29 08:34:00,41.0,,43.108333333333334,50.971138996139
2024-06-29 08:35:00,40.0,,43.025,50.92480694980695
2024-06-29 08:36:00,40.0,,42.94166666666667,50.8784749034749
2024-06-29 08:37:00,40.0,,42.858333333333334,50.832142857142856
2024-06-29 08:38:00,40.0,,42.775,50.78581081081081
2024-06-29 08:39:00,40.0,,42.69166666666667,50.743339768339766
2024-06-29 08:40:00,40.0,,42.608333333333334,50.70086872586872
2024-06-29 08:41:00,40.0,,42.525,50.65839768339768
2024-06-29 08:42:00,40.0,,42.44166666666667,50.619015444015446
2024-06-29 08:43:00,40.0,,42.358333333333334,50.58040540540541
2024-06-29 08:44:00,40.0,,42.275,50.54179536679537
2024-06-29 08:45:00,40.0,,42.19166666666667,50.50318532818533
2024-06-29 08:46:00,39.666666666666664,,42.11527777777778,50.46328828828829
2024-06-29 08:47:00,39.333333333333336,,42.0375,50.42403474903475
2024-06-29 08:48:00,39.0,,41.954166666666666,50.385424710424715
2024-06-29 08:49:00,39.0,,41.87083333333333,50.34681467181468
2024-06-29 08:50:00,39.0,,41.7875,50.30820463320464
2024-06-29 08:51:00,39.0,,41.704166666666666,50.2695945945946
2024-06-29 08:52:00,39.0,,41.62083333333333,50.230984555984556
2024-06-29 08:53:00,39.0,,41.5375,50.19546332046332
2024-06-29 08:54:00,39.0,,41.454166666666666,50.16148648648649
2024-06-29 08:55:00,39.0,,41.37083333333333,50.12905405405406
2024-06-29 08:56:00,39.0,,41.2875,50.09816602316603
2024-06-29 08:57:00,39.0,,41.204166666666666,50.067277992277994
2024-06-29 08:58:00,39.0,,41.12083333333333,50.036389961389965
2024-06-29 08:59:00,39.0,,41.0375,50.005501930501936
2024-06-29 09:00:00,39.0,,40.954166666666666,49.97847490347491
2024-06-29 09:01:00,39.0,,40.87083333333333,49.95144787644788
2024-06-29 09:02:00,39.0,,40.80416666666667,49.924420849420855
2024-06-29 09:03:00,38.6,,40.73083333333333,49.89584942084942
2024-06-29 09:04:00,39.0,,40.66416666666667,49.853942307692314
2024-06-29 09:05:00,39.0,,40.5975,49.81235632183908
2024-06-29 09:06:00,38.6,,40.524166666666666,49.76956106870229
2024-06-29 09:07:00,38.0,,40.44083333333333,49.724809885931556
2024-06-29 09:08:00,38.0,,40.357499999999995,49.68039772727273
2024-06-29 09:09:00,38.0,,40.274166666666666,49.636320754716984
2024-06-29 09:10:00,38.0,,40.19916666666666,49.59257518796993
2024-06-29 09:11:00,38.0,,40.1325,49.57377819548872
2024-06-29 09:12:00,38.0,,40.06583333333333,49.55545112781955
2024-06-29 09:13:00,38.0,,39.99916666666666,49.537593984962406
2024-06-29 09:14:00,38.0,,39.9325,49.52255639097744
2024-06-29 09:15:00,38.0,,39.86583333333333,49.50751879699248
2024-06-29 09:16:00,38.0,,39.799166666666665,49.49248120300752
2024-06-29 09:17:00,38.0,,39.732499999999995,49.47994987468672
2024-06-29 09:18:00,38.0,,39.66583333333333,49.468671679197996
2024-06-29 09:19:00,38.0,,39.60333333333333,49.45739348370927
2024-06-29 09:20:00,38.0,,39.53666666666666,49.44611528822055
2024-06-29 09:21:00,38.0,,39.47,49.434837092731826
2024-06-29 09:22:00,38.0,65.87166956018518,39.40333333333333,49.423558897243105
2024-06-29 09:23:00,38.0,65.86199525627676,39.336666666666666,49.41228070175438
2024-06-29 09:24:00,,65.86199525627676,39.3,49.4440251572327
2024-06-29 09:25:00,,65.86199525627676,39.25344827586206,49.4760101010101
2024-06-29 09:26:00,,65.86199525627676,39.205263157894734,49.50823827629911
2024-06-29 09:27:00,,65.86199525627676,39.15535714285714,49.540712468193384
2024-06-29 09:28:00,,65.86199525627676,39.11272727272727,49.573435504469984
2024-06-29 09:29:00,,65.86199525627676,39.077777777777776,49.60641025641026
2024-06-29 09:30:00,,65.86199525627676,39.04150943396226,49.63963963963964
2024-06-29 09:31:00,,65.86199525627676,39.00384615384615,49.673126614987076
2024-06-29 09:32:00,,65.86199525627676,38.96470588235294,49.71076523994812
2024-06-29 09:33:00,,65.86199525627676,38.924,49.748697916666664
2024-06-29 09:34:00,,65.86199525627676,38.88163265306122,49.78692810457516
2024-06-29 09:35:00,,65.86199525627676,38.85833333333333,49.8254593175853
2024-06-29 09:36:00,,65.86199525627676,38.83404255319149,49.86429512516469
2024-06-29 09:37:00,,65.86199525627676,38.80869565217391,49.90343915343915
2024-06-29 09:38:00,,65.86199525627676,38.78222222222222,49.94289508632138
2024-06-29 09:39:00,,65.86199525627676,38.75454545454545,49.98266666666667
2024-06-29 09:40:00,,65.86199525627676,38.72558139534883,50.02275769745649
2024-06-29 09:41:00,38.666666666666664,65.85255898681471,38.69457364341085,50.017402945113794
2024-06-29 09:42:00,39.666666666666664,65.84347612440745,38.686821705426354,50.01606425702811
2024-06-29 09:43:00,40.25,65.83460182616736,38.692635658914725,50.01706827309237
2024-06-29 09:44:00,41.6,65.8262016175621,38.72984496124031,50.02349397590362
2024-06-29 09:45:00,42.5,65.81811908061908,38.787984496124025,50.03353413654619
2024-06-29 09:46:00,43.666666666666664,65.81044625331948,38.881007751937986,50.04825970548862
2024-06-29 09:47:00,44.4,65.80303266389659,38.99883720930233,50.06593038821954
2024-06-29 09:48:00,45.75,65.7960914964809,39.15581395348838,50.08902275769746
2024-06-29 09:49:00,46.333333333333336,65.78935697808535,39.32635658914729,50.1144578313253
2024-06-29 09:50:00,47.5,65.78303066989508,39.52403100775194,50.144578313253014
2024-06-29 09:51:00,48.4,65.77701994006455,39.74263565891473,50.17831325301205
2024-06-29 09:52:00,49.75,65.77148000921765,39.99263565891473,50.21746987951807
2024-06-29 09:53:00,50.333333333333336,65.76614547339322,40.256201550387594,50.25896921017403
2024-06-29 09:54:00,51.5,65.76121761658031,40.546899224806204,50.30515394912985
2024-06-29 09:55:00,52.4,65.75660393646409,40.85852713178294,50.354953145917
2024-06-29 09:56:00,53.666666666666664,65.75243067541135,41.19961240310077,50.409839357429725
2024-06-29 09:57:00,54.25,65.74846158270071,41.55426356589147,50.46706827309237
2024-06-29 09:58:00,55.6,65.74496090605956,41.94031007751938,50.529718875502006
2024-06-29 09:59:00,56.5,65.74177298850574,42.34728682170543,50.59598393574297
2024-06-29 10:00:00,57.666666666666664,65.73898942893254,42.78139534883721,50.66693440428381
2024-06-29 10:01:00,58.25,65.73640879852975,43.22906976744186,50.74022757697457
2024-06-29 10:02:00,59.6,65.73429498220231,43.70813953488372,50.818942436412314
2024-06-29 10:03:00,60.5,65.73249253902662,44.21744186046512,50.90127175368139
2024-06-29 10:04:00,61.666666666666664,65.73109294320138,44.74457364341085,50.988286479250334
2024-06-29 10:05:00,62.25,65.72989504473503,45.285271317829455,51.077643908969215
2024-06-29 10:06:00,63.6,65.72916236670106,45.86666666666667,51.17242302543508
2024-06-29 10:07:00,64.33333333333333,65.72868237047226,46.47906976744186,51.27014725568942
2024-06-29 10:08:00,65.5,65.72860375845079,47.11860465116279,51.37255689424364
2024-06-29 10:09:00,66.4,65.72883447880871,47.77906976744186,51.47858099062918
2024-06-29 10:10:00,67.75,65.72952879880911,48.47093023255814,51.590026773761714
2024-06-29 10:11:00,68.33333333333333,65.73042296245421,49.17635658914728,51.657
2024-06-29 10:12:00,69.5,65.73171701567685,49.90891472868216,51.72808764940239
2024-06-29 10:13:00,70.4,65.73331903454587,50.66240310077519,51.80218253968254
2024-06-29 10:14:00,71.66666666666667,65.73535448827901,51.4453488372093,51.88069828722003
2024-06-29 10:15:00,72.25,65.73758859167809,52.24186046511628,51.96089238845145
2024-06-29 10:16:00,73.25,65.74016398125929,53.061627906976746,52.044379084967325
2024-06-29 10:17:00,74.2,65.74306317112178,53.90348837209302,52.130924479166666
2024-06-29 10:18:00,75.33333333333333,65.74634863537742,54.77170542635659,52.22120622568094
2024-06-29 10:19:00,76.0,65.74986015981736,55.655426356589146,52.313372093023254
2024-06-29 10:20:00,77.4,65.75384856784207,56.57170542635658,52.41023166023166
2024-06-29 10:21:00,78.25,65.7581251425964,57.50775193798449,52.50961538461539
2024-06-29 10:22:00,79.33333333333333,65.7627694149846,58.468992248062015,52.612388250319285
2024-06-29 10:23:00,80.0,65.76763850889193,59.445736434108525,52.716921119592875
2024-06-29 10:24:00,80.0,65.77250427350428,59.91287878787878,52.82065906210393
2024-06-29 10:25:00,80.0,65.77736671223514,60.359259259259254,52.923611111111114
2024-06-29 10:26:00,80.0,65.78222582849334,60.78623188405797,53.025786163522014
2024-06-29 10:27:00,80.0,65.78708162568306,61.195035460992905,53.127192982456144
2024-06-29 10:28:00,81.25,65.79236087401844,61.61284722222222,53.23252184769039
2024-06-29 10:29:00,82.0,65.79789249146758,62.028911564625844,53.339863184079604
2024-06-29 10:30:00,82.75,65.80367621972023,62.44333333333333,53.44919454770756
2024-06-29 10:31:00,84.0,65.80988233287859,62.86601307189542,53.562345679012346
2024-06-29 10:32:00,85.0,65.81642516195022,63.291666666666664,53.67835178351784
2024-06-29 10:33:00,86.0,65.82330436264486,63.72012578616352,53.79718137254902
2024-06-29 10:34:00,87.5,65.83068994889268,64.1604938271605,53.920634920634924
2024-06-29 10:35:00,89.0,65.83858140326976,64.61212121212121,54.04866180048662
2024-06-29 10:36:00,90.0,65.8468079673136,65.06547619047619,54.17939393939394
2024-06-29 10:37:00,90.0,65.85502893124576,65.50292397660819,54.309178743961354
2024-06-29 10:38:00,91.0,65.86358455256891,65.94252873563218,54.44163658243081
2024-06-29 10:39:00,91.33333333333333,65.8722477324263,66.37288135593221,54.57434052757794
2024-06-29 10:40:00,92.0,65.8811317012354,66.8,54.70848267622461
2024-06-29 10:41:00,92.0,65.89000963063675,67.6888888888889,54.84166666666666
2024-06-29 10:42:00,92.0,65.89888152678672,68.56111111111112,54.97390272835113
2024-06-29 10:43:00,92.0,65.90774739583333,69.42361111111111,55.10520094562648
2024-06-29 10:44:00,92.0,65.91660724391625,70.2636111111111,55.23557126030624
2024-06-29 10:45:00,100.0,65.92817662367051,71.22194444444445,55.39319248826291
2024-06-29 10:46:00,100.0,65.93973815179278,72.16083333333333,55.54970760233918
2024-06-29 10:47:00,100.0,65.95129183627317,73.0875,55.705128205128204
2024-06-29 10:48:00,100.0,65.96283768509099,73.99166666666666,55.85946573751452
2024-06-29 10:49:00,100.0,65.97437570621469,74.88611111111112,56.01273148148148
2024-06-29 10:50:00,100.0,65.98590590760195,75.76111111111112,56.16493656286043
2024-06-29 10:51:00,100.0,65.99742829719963,76.6211111111111,56.31609195402299
2024-06-29 10:52:00,100.0,66.0089428829439,77.45861111111111,56.46620847651776
2024-06-29 10:53:00,100.0,66.0204496727601,78.2863888888889,56.615296803652974
2024-06-29 10:54:00,100.0,66.03194867456288,79.09472222222222,56.76336746302617
2024-06-29 10:55:00,100.0,66.0434398962562,79.88805555555557,56.910430839002274
2024-06-29 10:56:00,100.0,66.05492334573329,80.66027777777778,57.056497175141246
2024-06-29 10:57:00,100.0,66.06639903087671,81.42277777777778,57.20157657657658
2024-06-29 10:58:00,100.0,66.0778669595584,82.16277777777778,57.345679012345684
2024-06-29 10:59:00,,66.0778669595584,82.59774011299434,57.345679012345684
2024-06-29 11:00:00,,66.0778669595584,83.02758620689656,57.345679012345684
2024-06-29 11:01:00,,66.0778669595584,83.4622807017544,57.345679012345684
2024-06-29 11:02:00,,66.0778669595584,83.88839285714286,57.345679012345684
2024-06-29 11:03:00,,66.0778669595584,84.31363636363636,57.345679012345684
2024-06-29 11:04:00,,66.0778669595584,84.73302469135803,57.345679012345684
2024-06-29 11:05:00,,66.0778669595584,85.1572327044025,57.345679012345684
2024-06-29 11:06:00,,66.0778669595584,85.57179487179488,57.345679012345684
2024-06-29 11:07:00,100.0,66.08932713963964,86.2576923076923,57.48881431767338
2024-06-29 11:08:00,100.0,66.10077957897107,86.92115384615384,57.63099219620959
2024-06-29 11:09:00,,66.10077957897107,87.32352941176471,57.63099219620959
2024-06-29 11:10:00,,66.10077957897107,87.715,57.63099219620959
2024-06-29 11:11:00,,66.10077957897107,88.11054421768708,57.63099219620959
2024-06-29 11:12:00,,66.10077957897107,88.4982638888889,57.63099219620959
2024-06-29 11:13:00,,66.10077957897107,88.88333333333333,57.63099219620959
2024-06-29 11:14:00,,66.10077957897107,89.25760869565218,57.63099219620959
2024-06-29 11:15:00,99.0,66.1118866756696,89.8391304347826,57.768888888888895
2024-06-29 11:16:00,99.0,66.12298627517156,90.39891304347825,57.90586932447398
2024-06-29 11:17:00,99.0,66.13407838506522,90.93804347826087,58.041942604856516
2024-06-29 11:18:00,99.0,66.1451630129286,91.45253623188405,58.17711771177118
2024-06-29 11:19:00,99.0,66.15624016632951,91.95253623188405,58.31140350877193
2024-06-29 11:20:00,99.0,66.16730985282553,92.42210144927535,58.4448087431694
2024-06-29 11:21:00,99.0,66.17837207996406,92.8731884057971,58.500546448087434
2024-06-29 11:22:00,,66.17837207996406,93.17407407407407,58.42324561403509
2024-06-29 11:23:00,,66.17837207996406,93.47348484848484,58.34543454345435
2024-06-29 11:24:00,,66.17837207996406,93.78682170542635,58.267108167770424
2024-06-29 11:25:00,,66.17837207996406,94.11507936507935,58.18992248062016
2024-06-29 11:26:00,,66.17837207996406,94.45934959349593,58.11277777777779
2024-06-29 11:27:00,,66.17837207996406,94.82083333333333,58.03567447045708
2024-06-29 11:28:00,,66.17837207996406,95.1688034188034,57.9586129753915
2024-06-29 11:29:00,,66.17837207996406,95.51535087719297,57.88103254769922
2024-06-29 11:30:00,,66.17837207996406,95.86036036036035,57.80461711711712
2024-06-29 11:31:00,,66.17837207996406,96.18981481481481,57.72937853107345
2024-06-29 11:32:00,98.0,66.18909004154035,96.55092592592592,57.790395480225996
2024-06-29 11:33:00,98.0,66.19980078563411,96.88425925925927,57.926238738738746
2024-06-29 11:34:00,98.0,66.21050431953326,97.17592592592592,58.0611672278339
2024-06-29 11:35:00,98.0,66.22120065051593,97.42592592592592,58.19519015659956
2024-06-29 11:36:00,98.0,66.23188978585043,97.64814814814815,58.32831661092531
2024-06-29 11:37:00,,66.23188978585043,97.86666666666667,58.32831661092531
2024-06-29 11:38:00,,66.23188978585043,98.0686274509804,58.32831661092531
2024-06-29 11:39:00,,66.23188978585043,98.27272727272727,58.26565995525728
2024-06-29 11:40:00,,66.23188978585043,98.46875,58.20258136924804
2024-06-29 11:41:00,,66.23188978585043,98.6774193548387,58.14076576576577
2024-06-29 11:42:00,,66.23188978585043,98.9,58.08022598870057
2024-06-29 11:43:00,,66.23188978585043,99.13793103448276,58.019274376417236
2024-06-29 11:44:00,,66.23188978585043,99.39285714285714,57.95875995449375
2024-06-29 11:45:00,,66.23188978585043,99.37037037037037,57.900399543379
2024-06-29 11:46:00,,66.23188978585043,99.34615384615384,57.84163802978237
2024-06-29 11:47:00,,66.23188978585043,99.32,57.78247126436782
2024-06-29 11:48:00,,66.23188978585043,99.29166666666667,57.722895040369096
2024-06-29 11:49:00,,66.23188978585043,99.26086956521739,57.662905092592595
2024-06-29 11:50:00,,66.23188978585043,99.22727272727273,57.603658536585364
2024-06-29 11:51:00,,66.23188978585043,99.19047619047619,57.54516317016317
2024-06-29 11:52:00,,66.23188978585043,99.15,57.4874269005848
2024-06-29 11:53:00,,66.23188978585043,99.10526315789474,57.42928403755869
2024-06-29 11:54:00,,66.23188978585043,99.05555555555556,57.37249705535925
2024-06-29 11:55:00,,66.23188978585043,99.0,57.317080378250594
2024-06-29 11:56:00,,66.23188978585043,98.9375,57.26126927639383
2024-06-29 11:57:00,,66.23188978585043,98.86666666666666,57.20684523809524
2024-06-29 11:58:00,,66.23188978585043,98.78571428571429,57.15382317801673
2024-06-29 11:59:00,,66.23188978585043,98.78571428571429,57.10041966426859
2024-06-29 12:00:00,98.0,66.24257173279534,98.73333333333333,57.1939448441247
2024-06-29 12:01:00,98.0,66.25324649859944,98.6875,57.34020310633213
2024-06-29 12:02:00,98.0,66.26391409050179,98.6470588235294,57.485416666666666
2024-06-29 12:03:00,98.0,66.27457451573171,98.61111111111111,57.62959667852906
2024-06-29 12:04:00,98.0,66.28522778150884,98.57894736842105,57.77275413711584
2024-06-29 12:05:00,98.0,66.29587389504307,98.55,57.91489988221437
2024-06-29 12:06:00,98.0,66.30651286353468,98.52380952380952,58.05604460093897
2024-06-29 12:07:00,98.0,66.31714469417422,98.42857142857143,58.16167840375587
2024-06-29 12:08:00,98.0,66.32776939414263,98.33333333333333,58.267312206572775
2024-06-29 12:09:00,98.0,66.33838697061124,98.31818181818181,58.37294600938968
2024-06-29 12:10:00,98.0,66.34899743074173,98.30434782608695,58.47998826291081
2024-06-29 12:11:00,98.0,66.35960078168621,98.29166666666667,58.58914319248827
2024-06-29 12:12:00,98.0,66.37019703058718,98.28,58.69947183098592
2024-06-29 12:13:00,98.0,66.38078618457762,98.26923076923077,58.812147887323945
2024-06-29 12:14:00,98.0,66.3913682507809,98.25925925925925,58.92482394366198
2024-06-29 12:15:00,98.0,66.40194323631091,98.22222222222223,59.06192982456141
2024-06-29 12:16:00,98.0,66.41251114827202,98.18518518518519,59.198076923076925
2024-06-29 12:17:00,98.0,66.42307199375905,98.14814814814815,59.33327526132405
2024-06-29 12:18:00,98.0,66.4336257798574,98.11111111111111,59.467534722222226
2024-06-29 12:19:00,98.0,66.44417251364294,98.07407407407408,59.60086505190312
2024-06-29 12:20:00,98.0,66.45471220218214,98.03703703703704,59.73327586206897
2024-06-29 12:21:00,97.0,66.46491096271563,97.96296296296296,59.861340206185574
2024-06-29 12:22:00,97.0,66.47510291499778,97.92857142857143,59.98852739726028
2024-06-29 12:23:00,97.0,66.48528806584362,97.89655172413794,60.11484641638226
2024-06-29 12:24:00,,66.48528806584362,97.89655172413794,60.11484641638226
2024-06-29 12:25:00,,66.48528806584362,97.89655172413794,60.11484641638226
2024-06-29 12:26:00,,66.48528806584362,97.89655172413794,60.11484641638226
2024-06-29 12:27:00,,66.48528806584362,97.89655172413794,60.104965753424665
2024-06-29 12:28:00,,66.48528806584362,97.89655172413794,60.09501718213059
2024-06-29 12:29:00,,66.48528806584362,97.89655172413794,60.08500000000001
2024-06-29 12:30:00,,66.48528806584362,97.89655172413794,60.07837370242215
2024-06-29 12:31:00,,66.48528806584362,97.89655172413794,60.0717013888889
2024-06-29 12:32:00,,66.48528806584362,97.89285714285714,60.06707317073171
2024-06-29 12:33:00,,66.48528806584362,97.88888888888889,60.06381118881119
2024-06-29 12:34:00,,66.48528806584362,97.88461538461539,60.060526315789474
2024-06-29 12:35:00,97.0,66.49546642205915,97.84615384615384,60.18964912280701
2024-06-29 12:36:00,97.0,66.50563799044126,97.8076923076923,60.31912280701755
2024-06-29 12:37:00,97.0,66.51580277777778,97.77777777777777,60.44894736842105
2024-06-29 12:38:00,97.0,66.52596079084749,97.75,60.57877192982456
2024-06-29 12:39:00,97.0,66.53611203642016,97.72413793103448,60.712105263157895
2024-06-29 12:40:00,97.0,66.54625652125652,97.7,60.846315789473685
2024-06-29 12:41:00,97.0,66.55639425210829,97.6774193548387,60.98315789473684
2024-06-29 12:42:00,97.0,66.56652523571825,97.65625,61.12087719298246
2024-06-29 12:43:00,97.0,66.57664947882013,97.63636363636364,61.259473684210526
2024-06-29 12:44:00,97.0,66.58676698813879,97.61764705882354,61.398947368421055
2024-06-29 12:45:00,,66.58676698813879,97.61764705882354,61.41443661971831
2024-06-29 12:46:00,,66.58676698813879,97.61764705882354,61.43356890459364
2024-06-29 12:47:00,,66.58676698813879,97.61764705882354,61.45165484633571
2024-06-29 12:48:00,,66.58676698813879,97.61764705882354,61.47105575326216
2024-06-29 12:49:00,,66.58676698813879,97.61764705882354,61.490595238095246
2024-06-29 12:50:00,,66.58676698813879,97.61764705882354,61.51027479091996
2024-06-29 12:51:00,97.0,66.59687777039007,97.6,61.6584229390681
2024-06-29 12:52:00,97.0,66.60698183228094,97.58333333333333,61.80776583034648
2024-06-29 12:53:00,96.25,66.6168300110742,97.54729729729729,61.955615292712075
2024-06-29 12:54:00,96.0,66.62658861950625,97.50657894736842,62.10376344086022
2024-06-29 12:55:00,96.0,66.63634074811863,97.46794871794872,62.2531063321386
2024-06-29 12:56:00,96.0,66.6460864033632,97.43125,62.4036439665472
2024-06-29 12:57:00,96.0,66.65582559168325,97.39634146341463,62.5541816009558
2024-06-29 12:58:00,96.0,66.66555831951354,97.36309523809524,62.70830346475508
2024-06-29 12:59:00,96.0,66.67528459328028,97.3313953488372,62.862425328554366
2024-06-29 13:00:00,96.0,66.68500441940117,97.28488372093024,63.01654719235365
2024-06-29 13:01:00,95.2,66.69445272807599,97.21976744186045,63.171385902031076
2024-06-29 13:02:00,95.0,66.70382853041846,97.14999999999999,63.32550776583036
2024-06-29 13:03:00,95.0,66.71319812362032,97.08023255813953,63.47962962962964
2024-06-29 13:04:00,95.0,66.72256151384751,97.01046511627906,63.63464755077659
2024-06-29 13:05:00,94.0,66.73158780057358,96.91744186046512,63.78697729988053
2024-06-29 13:06:00,94.0,66.7406081155585,96.82441860465116,63.94020310633215
2024-06-29 13:07:00,94.0,66.74962246472663,96.73139534883721,64.09432497013142
2024-06-29 13:08:00,94.0,66.75863085399449,96.63837209302325,64.24844683393071
2024-06-29 13:09:00,94.0,66.76763328927076,96.5453488372093,64.40615292712067
2024-06-29 13:10:00,94.0,66.77662977645633,96.45232558139534,64.56385902031064
2024-06-29 13:11:00,94.0,66.7856203214443,96.3593023255814,64.7215651135006
2024-06-29 13:12:00,94.0,66.79460493011996,96.26627906976744,64.88046594982079
2024-06-29 13:13:00,94.0,66.80358360836084,96.17325581395349,65.04175627240144
2024-06-29 13:14:00,94.0,66.81255636203673,96.08023255813953,65.20304659498208
2024-06-29 13:15:00,94.0,66.82152319700968,95.98720930232558,65.36433691756272
2024-06-29 13:16:00,94.0,66.83048411913397,95.89418604651162,65.52562724014338
2024-06-29 13:17:00,94.0,66.83943913425621,95.80116279069767,65.68691756272402
2024-06-29 13:18:00,94.0,66.84838824821527,95.70813953488371,65.84820788530466
2024-06-29 13:19:00,94.0,66.85733146684234,95.61511627906977,66.013082437276
2024-06-29 13:20:00,94.0,66.86626879596093,95.5220930232558,66.17795698924732
2024-06-29 13:21:00,94.0,66.87520024138688,95.45232558139534,66.34402628434887
2024-06-29 13:22:00,94.0,66.88412580892837,95.38255813953488,66.51129032258065
2024-06-29 13:23:00,94.0,66.89304550438597,95.31279069767442,66.67974910394265
2024-06-29 13:24:00,94.0,66.90195933355255,95.28295454545454,66.84820788530466
2024-06-29 13:25:00,93.0,66.9105385711155,95.23222222222222,67.01666666666667
2024-06-29 13:26:00,93.0,66.91911217000766,95.18369565217391,67.18512544802869
2024-06-29 13:27:00,93.0,66.92768013578625,95.13723404255319,67.35358422939069
2024-06-29 13:28:00,93.0,66.93624247400109,95.09270833333333,67.5220430107527
2024-06-29 13:29:00,93.0,66.94479919019479,95.05,67.6905017921147
2024-06-29 13:30:00,92.75,66.95326824198665,95.00399999999999,67.85806451612903
2024-06-29 13:31:00,92.0,66.96148567366579,94.94509803921568,68.02293906810037
2024-06-29 13:32:00,92.0,66.96969771509785,94.88846153846154,68.18841099163681
2024-06-29 13:33:00,92.0,66.9779043715847,94.83396226415094,68.35448028673835
2024-06-29 13:34:00,92.0,66.98610564842129,94.78148148148148,68.52293906810037
2024-06-29 13:35:00,92.0,66.99430155089559,94.68888888888888,68.69139784946238
2024-06-29 13:36:00,92.0,67.00249208428868,94.59629629629629,68.85985663082438
2024-06-29 13:37:00,92.0,67.0106772538747,94.5037037037037,69.02831541218639
2024-06-29 13:38:00,92.0,67.0188570649209,94.41111111111111,69.19677419354839
2024-06-29 13:39:00,92.0,67.02703152268761,94.31851851851852,69.3652329749104
2024-06-29 13:40:00,92.0,67.03520063242831,94.22592592592592,69.5336917562724
2024-06-29 13:41:00,91.4,67.04316819271855,94.12222222222223,69.7
2024-06-29 13:42:00,92.0,67.05132668628092,94.02962962962964,69.86845878136201
2024-06-29 13:43:00,91.4,67.05928376906319,93.92592592592592,70.03476702508961
2024-06-29 13:44:00,91.0,67.06710497658717,93.81481481481481,70.19964157706093
2024-06-29 13:45:00,91.0,67.07492107554975,93.76363636363637,70.36451612903227
2024-06-29 13:46:00,91.0,67.08273207095439,93.71428571428571,70.5320788530466
2024-06-29 13:47:00,91.0,67.09053796779808,93.66666666666667,70.7005376344086
2024-06-29 13:48:00,91.0,67.09833877107123,93.62068965517241,70.86899641577061
2024-06-29 13:49:00,91.0,67.10613448575778,93.57627118644068,71.03745519713262
2024-06-29 13:50:00,91.0,67.11392511683512,93.53333333333333,71.20591397849462
2024-06-29 13:51:00,91.0,67.12171066927422,93.43333333333334,71.37437275985663
2024-06-29 13:52:00,91.0,67.12949114803953,93.33333333333333,71.54283154121865
2024-06-29 13:53:00,91.0,67.13726655808902,93.24583333333334,71.71129032258065
2024-06-29 13:54:00,91.0,67.14503690437425,93.1625,71.87974910394266
2024-06-29 13:55:00,91.0,67.15280219184028,93.07916666666667,72.04820788530466
2024-06-29 13:56:00,91.0,67.16056242542575,92.99583333333334,72.21666666666667
2024-06-29 13:57:00,91.0,67.16831761006289,92.9125,72.38512544802867
2024-06-29 13:58:00,90.25,67.17582384823848,92.81666666666666,72.55089605734767
2024-06-29 13:59:00,90.0,67.18324393151279,92.71666666666667,72.715770609319
2024-06-29 14:00:00,90.0,67.19065919185354,92.61666666666666,72.88064516129033
2024-06-29 14:01:00,90.0,67.19806963396144,92.53,73.04551971326165
2024-06-29 14:02:00,90.0,67.20547526253112,92.44666666666667,73.21397849462366
2024-06-29 14:03:00,90.0,67.21287608225109,92.36333333333333,73.38243727598567
2024-06-29 14:04:00,90.0,67.22027209780374,92.28,73.55089605734767
2024-06-29 14:05:00,90.0,67.22766331386545,92.21333333333334,73.71935483870968
2024-06-29 14:06:00,90.0,67.2350497351065,92.14666666666668,73.88781362007168
2024-06-29 14:07:00,90.0,67.24243136619108,92.08,74.05627240143369
2024-06-29 14:08:00,90.0,67.24980821177742,92.01333333333334,74.22473118279571
2024-06-29 14:09:00,89.0,67.2568562324476,91.93,74.38960573476703
2024-06-29 14:10:00,89.0,67.26389968685886,91.84666666666666,74.55627240143369
2024-06-29 14:11:00,89.0,67.27093857944732,91.76333333333334,74.72473118279571
2024-06-29 14:12:00,89.0,67.27797291464336,91.68,74.89318996415771
2024-06-29 14:13:00,89.0,67.28500269687163,91.59666666666666,75.06164874551972
2024-06-29 14:14:00,89.0,67.29202793055106,91.51333333333334,75.23010752688172
2024-06-29 14:15:00,89.0,67.29904862009487,91.43,75.39856630824373
2024-06-29 14:16:00,89.0,67.30606476991055,91.34666666666666,75.56702508960574
2024-06-29 14:17:00,89.0,67.3130763843999,91.26333333333334,75.73548387096774
2024-06-29 14:18:00,89.0,67.32008346795907,91.18,75.90394265232975
2024-06-29 14:19:00,88.5,67.32692452627046,91.08833333333334,76.07150537634409
2024-06-29 14:20:00,88.0,67.33359972015928,90.98833333333333,76.23637992831542
2024-06-29 14:21:00,88.0,67.3402706046912,90.88833333333334,76.40125448028674
2024-06-29 14:22:00,88.0,67.34693718403786,90.78833333333334,76.56612903225806
2024-06-29 14:23:00,88.0,67.3535994623656,90.68833333333333,76.7310035842294
2024-06-29 14:24:00,88.0,67.36025744383532,90.58833333333334,76.89767025089606
2024-06-29 14:25:00,88.0,67.36691113260262,90.50500000000001,77.0625448028674
2024-06-29 14:26:00,88.0,67.3735605328177,90.42166666666667,77.22741935483872
2024-06-29 14:27:00,88.0,67.38020564862542,90.33833333333334,77.39229390681004
2024-06-29 14:28:00,88.0,67.38684648416532,90.25500000000001,77.55896057347671
2024-06-29 14:29:00,88.0,67.39348304357158,90.17166666666667,77.72741935483872
2024-06-29 14:30:00,88.0,67.40011533097307,90.0925,77.89587813620072
2024-06-29 14:31:00,88.0,67.40674335049334,90.02583333333334,78.06433691756273
2024-06-29 14:32:00,88.0,67.41336710625066,89.95916666666668,78.23279569892473
2024-06-29 14:33:00,88.0,67.41998660235798,89.8925,78.40125448028674
2024-06-29 14:34:00,88.0,67.42660184292296,89.82583333333334,78.56971326164874
2024-06-29 14:35:00,88.0,67.43321283204799,89.75916666666667,78.74175627240143
2024-06-29 14:36:00,88.0,67.43981957383018,89.69250000000001,78.91379928315412
2024-06-29 14:37:00,88.0,67.44642207236137,89.62583333333333,79.08584229390681
2024-06-29 14:38:00,88.0,67.4530203317282,89.55916666666667,79.2578853046595
2024-06-29 14:39:00,87.5,67.45945389388105,89.48416666666667,79.42813620071685
2024-06-29 14:40:00,87.0,67.46572291733504,89.40083333333334,79.59659498207886
2024-06-29 14:41:00,87.0,67.47198791960658,89.3275,79.76505376344086
2024-06-29 14:42:00,87.0,67.47824890456343,89.24416666666666,79.93351254480287
2024-06-29 14:43:00,86.66666666666667,67.48439903846155,89.16527777777779,80.10077658303464
2024-06-29 14:44:00,86.0,67.49033162447934,89.08194444444445,80.26565113500597
2024-06-29 14:45:00,86.0,67.4962604099936,88.99861111111112,80.43052568697729
2024-06-29 14:46:00,86.0,67.50218539865514,88.91527777777779,80.59659498207884
2024-06-29 14:47:00,86.0,67.50810659411012,88.83194444444445,80.76385902031063
2024-06-29 14:48:00,86.0,67.514024,88.74861111111112,80.93231780167264
2024-06-29 14:49:00,86.0,67.51993761996161,88.66527777777779,81.10077658303464
2024-06-29 14:50:00,86.0,67.52584745762712,88.58194444444445,81.26923536439665
2024-06-29 14:51:00,86.0,67.53175351662405,88.49861111111112,81.43769414575866
2024-06-29 14:52:00,86.0,67.53765580057527,88.41527777777779,81.60615292712066
2024-06-29 14:53:00,86.0,67.54355431309905,88.33194444444445,81.77461170848267
2024-06-29 14:54:00,86.0,67.54944905780901,88.24861111111112,81.94307048984467
2024-06-29 14:55:00,86.0,67.55534003831418,88.16527777777779,82.11152927120668
2024-06-29 14:56:00,86.0,67.56122725821896,88.08194444444445,82.2799880525687
2024-06-29 14:57:00,85.8,67.56704690491385,87.99527777777777,82.44772998805257
2024-06-29 14:58:00,85.6,67.5727990430622,87.91777777777777,82.6147550776583
2024-06-29 14:59:00,85.4,67.5784837372449,87.8411111111111,82.7810633213859
2024-06-29 15:00:00,85.2,67.58410105196047,87.76111111111112,82.94665471923535
2024-06-29 15:01:00,85.0,67.58965105162524,87.67777777777778,83.11152927120668
2024-06-29 15:02:00,85.0,67.59519751513221,87.59444444444445,83.27640382317801
2024-06-29 15:03:00,85.0,67.60074044585987,87.51111111111112,83.44271206690561
2024-06-29 15:04:00,85.0,67.60627984718244,87.42777777777778,83.60758661887694
2024-06-29 15:05:00,85.0,67.61181572246977,87.34444444444445,83.77246117084826
2024-06-29 15:06:00,85.0,67.6173480750875,87.26111111111112,83.93876941457586
2024-06-29 15:07:00,85.0,67.62287690839695,87.17777777777778,84.10722819593786
2024-06-29 15:08:00,85.0,67.62840222575517,87.09444444444445,84.27568697729987
2024-06-29 15:09:00,85.0,67.63392403051495,87.02777777777779,84.44414575866188
2024-06-29 15:10:00,85.0,67.63944232602479,86.96111111111112,84.61260454002388
2024-06-29 15:11:00,85.0,67.64495711562897,86.89444444444445,84.78106332138589
2024-06-29 15:12:00,85.0,67.65046840266751,86.82777777777778,84.9495221027479
2024-06-29 15:13:00,85.0,67.6559761904762,86.76111111111112,85.11798088410991
2024-06-29 15:14:00,85.0,67.66148048238655,86.69444444444444,85.28643966547192
2024-06-29 15:15:00,85.0,67.6669812817259,86.62777777777778,85.45489844683392
2024-06-29 15:16:00,85.0,67.67247859181732,86.56111111111112,85.62335722819593
2024-06-29 15:17:00,85.0,67.67797241597971,86.49444444444445,85.79181600955793
2024-06-29 15:18:00,85.0,67.68346275752774,86.42777777777778,85.96027479091994
2024-06-29 15:19:00,85.0,67.68894961977186,86.36944444444445,86.12873357228194
2024-06-29 15:20:00,85.0,67.69443300601837,86.31944444444444,86.29719235364396
2024-06-29 15:21:00,85.0,67.69991291956936,86.26944444444445,86.46565113500597
2024-06-29 15:22:00,84.75,67.70531022475467,86.21527777777779,86.6332138590203
2024-06-29 15:23:00,84.0,67.7104667721519,86.14861111111112,86.79808841099162
2024-06-29 15:24:00,84.0,67.715620056944,86.08194444444445,86.78809523809522
2024-06-29 15:25:00,84.0,67.72077008222644,86.01527777777778,86.77817319098457
2024-06-29 15:26:00,84.0,67.72591685109074,85.94861111111112,86.76832151300235
2024-06-29 15:27:00,84.0,67.73106036662453,85.88194444444444,86.75853945818609
2024-06-29 15:28:00,84.0,67.73620063191153,85.81527777777778,86.74882629107981
2024-06-29 15:29:00,84.0,67.7413376500316,85.74861111111112,86.7391812865497
2024-06-29 15:30:00,84.0,67.74647142406063,85.68194444444445,86.72960372960372
2024-06-29 15:31:00,84.0,67.7516019570707,85.61527777777778,86.72009291521486
2024-06-29 15:32:00,84.0,67.75672925213001,85.54861111111111,86.71064814814814
2024-06-29 15:33:00,84.0,67.76185331230285,85.48194444444445,86.70126874279123
2024-06-29 15:34:00,83.6,67.76684799747713,85.40861111111111,86.69057471264368
2024-06-29 15:35:00,83.0,67.77165037831021,85.32527777777777,86.677892325315
2024-06-29 15:36:00,82.5,67.77629215253702,85.2336111111111,86.66358447488584
2024-06-29 15:37:00,82.0,67.78077347195966,85.13361111111111,86.64766780432309
2024-06-29 15:38:00,82.0,67.78525196850393,85.03361111111111,86.63185941043083
2024-06-29 15:39:00,82.0,67.78972764483626,84.94194444444445,86.6161581920904
2024-06-29 15:40:00,81.25,67.79396443185395,84.84611111111111,86.59802927927927
2024-06-29 15:41:00,81.0,67.79811988672121,84.7461111111111,86.7410472972973
2024-06-29 15:42:00,81.0,67.80227272727272,84.64611111111111,86.88068693693694
2024-06-29 15:43:00,81.0,67.80642295597484,84.55166666666666,87.01835585585586
2024-06-29 15:44:00,81.0,67.81057057529078,84.46833333333332,87.15146396396398
2024-06-29 15:45:00,81.0,67.8147155876807,84.38499999999999,87.28153153153154
2024-06-29 15:46:00,81.0,67.81885799560163,84.30166666666666,87.40765765765767
2024-06-29 15:47:00,81.0,67.82299780150754,84.21833333333332,87.5313063063063
2024-06-29 15:48:00,80.4,67.82694662480377,84.125,87.6483671171171
2024-06-29 15:49:00,80.0,67.83076741996234,84.025,87.76210585585585
2024-06-29 15:50:00,80.0,67.83458581738313,83.925,87.87190315315316
2024-06-29 15:51:00,80.0,67.83840181932246,83.825,87.97865990990991
2024-06-29 15:52:00,80.0,67.84221542803387,83.725,88.08085585585584
2024-06-29 15:53:00,79.5,67.84586990595612,83.61666666666666,88.17939189189188
2024-06-29 15:54:00,79.0,67.84936540269508,83.5,88.27229729729729
2024-06-29 15:55:00,79.0,67.85285870927319,83.38333333333334,88.36216216216215
2024-06-29 15:56:00,78.4,67.85616191669277,83.25666666666666,88.44572072072073
2024-06-29 15:57:00,78.0,67.85933782091422,83.12666666666668,88.52595720720721
2024-06-29 15:58:00,78.0,67.8625117370892,83.0,88.60163288288288
2024-06-29 15:59:00,78.0,67.86568366708386,82.87666666666668,88.67426801801801
2024-06-29 16:00:00,78.0,67.86885361276197,82.75666666666666,88.74296171171171
2024-06-29 16:01:00,78.0,67.87202157598499,82.64,88.80968468468468
2024-06-29 16:02:00,78.0,67.87518755861207,82.52333333333333,88.87184684684685
2024-06-29 16:03:00,78.0,67.8783515625,82.40666666666667,88.93096846846846
2024-06-29 16:04:00,78.0,67.88151358950329,82.28999999999999,88.98614864864865
2024-06-29 16:05:00,78.0,67.88467364147408,82.17333333333333,89.03935810810812
2024-06-29 16:06:00,77.75,67.88775366843585,82.0525,89.08716216216216
2024-06-29 16:07:00,77.0,67.89059769038701,81.91916666666665,89.12995495495495
2024-06-29 16:08:00,77.0,67.8934399375975,81.78583333333333,89.16880630630631
2024-06-29 16:09:00,77.0,67.89628041172801,81.65249999999999,89.20461711711711
2024-06-29 16:10:00,76.6,67.89899438727784,81.5125,89.23451576576576
2024-06-29 16:11:00,76.0,67.901519638404,81.3625,89.26041666666666
2024-06-29 16:12:00,76.0,67.90404331567467,81.2125,89.28237612612612
2024-06-29 16:13:00,76.0,67.90656542056075,81.0625,89.30129504504504
2024-06-29 16:14:00,76.0,67.9090859545313,80.9125,89.31593468468468
2024-06-29 16:15:00,76.0,67.91160491905356,80.7625,89.3286036036036
2024-06-29 16:16:00,76.0,67.9141223155929,80.6125,89.33789414414414
2024-06-29 16:17:00,76.0,67.91663814561295,80.4625,89.34397522522522
2024-06-29 16:18:00,76.0,67.91915241057544,80.3125,89.34622747747748
2024-06-29 16:19:00,76.0,67.9216651119403,80.1625,89.34622747747748
2024-06-29 16:20:00,76.0,67.92417625116569,80.0125,89.34149774774774
2024-06-29 16:21:00,76.0,67.92668582970789,79.8625,89.3338963963964
2024-06-29 16:22:00,75.66666666666667,67.92909029719375,79.7111111111111,89.32150900900902
2024-06-29 16:23:00,75.0,67.93128623188406,79.5611111111111,89.30461711711712
2024-06-29 16:24:00,75.0,67.93348080306323,79.4111111111111,89.28772522522523
2024-06-29 16:25:00,75.0,67.93567401200083,79.2611111111111,89.27083333333334
2024-06-29 16:26:00,74.66666666666667,67.93776243665322,79.10555555555555,89.25281531531532
2024-06-29 16:27:00,74.33333333333334,67.9397461745244,78.94444444444443,89.23367117117118
2024-06-29 16:28:00,74.0,67.94162532299741,78.77777777777777,89.20917792792793
2024-06-29 16:29:00,73.66666666666667,67.94339997933457,78.60555555555555,89.18102477477478
2024-06-29 16:30:00,73.0,67.94496694556348,78.42222222222222,89.14808558558559
2024-06-29 16:31:00,73.0,67.9465329409335,78.23888888888888,89.11092342342343
2024-06-29 16:32:00,73.0,67.94809796634665,78.05555555555556,89.0703828828829
2024-06-29 16:33:00,73.0,67.94966202270382,77.87222222222222,89.02646396396398
2024-06-29 16:34:00,73.0,67.95122511090477,77.69555555555556,88.97747747747749
2024-06-29 16:35:00,73.0,67.95278723184818,77.52888888888889,88.92342342342343
2024-06-29 16:36:00,73.0,67.95434838643159,77.37055555555555,88.865990990991
2024-06-29 16:37:00,73.0,67.95590857555143,77.22055555555556,88.80855855855857
2024-06-29 16:38:00,72.5,67.95731324059763,77.06222222222223,88.74605855855857
2024-06-29 16:39:00,72.0,67.95856252575196,76.89555555555556,88.68074324324324
2024-06-29 16:40:00,72.0,67.9598110390279,76.74138888888889,88.61317567567568
2024-06-29 16:41:00,72.0,67.96105878114062,76.59138888888889,88.54560810810811
2024-06-29 16:42:00,72.0,67.96230575280435,76.4413888888889,88.47804054054055
2024-06-29 16:43:00,71.0,67.9632433127572,76.27472222222222,88.4070945945946
2024-06-29 16:44:00,71.0,67.9641802941479,76.10805555555557,88.33614864864865
2024-06-29 16:45:00,71.0,67.96511669751182,75.9413888888889,88.23817567567568
2024-06-29 16:46:00,70.25,67.96582125603865,75.76222222222222,88.13766891891892
2024-06-29 16:47:00,70.16666666666667,67.9664996917386,75.58166666666668,88.03688063063062
2024-06-29 16:48:00,70.08333333333333,67.9671520287622,75.40972222222221,87.9358108108108
2024-06-29 16:49:00,70.0,67.96777829123023,75.24305555555556,87.83445945945945
2024-06-29 16:50:00,70.0,67.9684041679499,75.07638888888889,87.73310810810811
2024-06-29 16:51:00,70.0,67.9690296592775,74.90972222222221,87.63175675675676
2024-06-29 16:52:00,70.0,67.96965476556889,74.74305555555556,87.5304054054054
2024-06-29 16:53:00,70.0,67.97027948717948,74.58472222222221,87.42905405405405
2024-06-29 16:54:00,69.0,67.970596226802,74.41805555555555,87.32432432432432
2024-06-29 16:55:00,69.0,67.97091277162771,74.25138888888888,87.2195945945946
2024-06-29 16:56:00,68.0,67.9709217132903,74.07805555555555,87.11148648648648
2024-06-29 16:57:00,68.0,67.97093064945707,73.9113888888889,87.00337837837837
2024-06-29 16:58:00,68.0,67.97093958013312,73.74472222222222,86.89527027027027
2024-06-29 16:59:00,68.0,67.9709485053235,73.57805555555555,86.83164983164983
2024-06-29 17:00:00,68.0,67.97095742503326,73.4113888888889,86.76845637583892
2024-06-29 17:01:00,67.8,67.97090495191324,73.24138888888889,86.70501672240802
2024-06-29 17:02:00,67.0,67.9706070369234,73.05805555555555,86.63933333333333
2024-06-29 17:03:00,67.0,67.97030930470348,72.87472222222223,86.57408637873753
2024-06-29 17:04:00,66.9,67.9699810896453,72.68972222222222,86.508940397351
2024-06-29 17:05:00,66.8,67.96962241978336,72.50305555555556,86.44389438943894
2024-06-29 17:06:00,66.69999999999999,67.96923332311779,72.31888888888889,86.37894736842105
2024-06-29 17:07:00,66.6,67.96881382761438,72.14555555555556,86.26907894736841
2024-06-29 17:08:00,66.0,67.96821082184789,71.96222222222222,86.15723684210526
2024-06-29 17:09:00,66.0,67.96760818534395,71.77888888888889,86.0911475409836
2024-06-29 17:10:00,66.0,67.9670059177635,71.60222222222222,86.02549019607842
2024-06-29 17:11:00,66.0,67.96640401876785,71.43555555555555,85.96026058631922
2024-06-29 17:12:00,66.0,67.96580248801877,71.26888888888888,85.89545454545454
2024-06-29 17:13:00,65.0,67.96489551478084,71.08555555555556,85.82783171521035
2024-06-29 17:14:00,65.0,67.96398909609702,70.90222222222222,85.76064516129033
2024-06-29 17:15:00,64.8,67.96302210676447,70.71555555555555,85.65032258064515
2024-06-29 17:16:00,64.5,67.96196404929219,70.52388888888889,85.53903225806451
2024-06-29 17:17:00,64.0,67.96075391977195,70.32388888888889,85.42612903225806
2024-06-29 17:18:00,64.0,67.95954452926209,70.12388888888889,85.31322580645161
2024-06-29 17:19:00,64.0,67.95833587708587,69.9238888888889,85.20032258064515
2024-06-29 17:20:00,64.0,67.95712796256738,69.7238888888889,85.0874193548387
2024-06-29 17:21:00,64.0,67.95592078503152,69.52388888888889,84.97451612903225
2024-06-29 17:22:00,64.0,67.954714343804,69.32944444444443,84.90707395498391
2024-06-29 17:23:00,64.0,67.95350863821137,69.14611111111111,84.8400641025641
2024-06-29 17:24:00,63.0,67.95199888245453,68.94611111111111,84.77028753993609
2024-06-29 17:25:00,63.0,67.95049004671948,68.7461111111111,84.70095541401274
2024-06-29 17:26:00,62.8,67.94892121027515,68.54833333333333,84.63142857142856
2024-06-29 17:27:00,62.0,67.94710972391393,68.34277777777778,84.55981012658228
2024-06-29 17:28:00,62.0,67.94529934043632,68.14277777777778,84.48864353312302
2024-06-29 17:29:00,62.0,67.94349005883547,67.94833333333334,84.41792452830188
2024-06-29 17:30:00,62.0,67.94168187810567,67.765,84.3476489028213
2024-06-29 17:31:00,62.0,67.9398747972425,67.58166666666666,84.2778125
2024-06-29 17:32:00,61.4,67.93788638897335,67.38833333333334,84.1634375
2024-06-29 17:33:00,61.0,67.93577760891591,67.18833333333333,84.04781249999999
2024-06-29 17:34:00,61.0,67.9336701104021,66.98833333333333,83.9321875
2024-06-29 17:35:00,60.25,67.9313360672337,66.77583333333332,83.81421875
2024-06-29 17:36:00,60.0,67.92892752302865,66.55916666666666,83.69546875
2024-06-29 17:37:00,60.0,67.92652044120624,66.3425,83.62165109034268
2024-06-29 17:38:00,59.75,67.92403894790087,66.13,83.54751552795031
2024-06-29 17:39:00,59.0,67.9213314118123,65.91333333333333,83.47151702786377
2024-06-29 17:40:00,58.6,67.91850419573349,65.69,83.39475308641974
2024-06-29 17:41:00,58.0,67.9154967657166,65.45666666666666,83.31661538461537
2024-06-29 17:42:00,58.0,67.91249115893704,65.22333333333333,83.23895705521471
2024-06-29 17:43:00,58.0,67.90948737373736,65.00666666666667,83.1617737003058
2024-06-29 17:44:00,58.0,67.90648540846207,64.79,83.08506097560975
2024-06-29 17:45:00,57.0,67.90318241469816,64.55666666666667,83.00577507598784
2024-06-29 17:46:00,57.0,67.89988142093047,64.33583333333334,82.92696969696969
2024-06-29 17:47:00,56.333333333333336,67.89638064971751,64.10527777777777,82.84662638469285
2024-06-29 17:48:00,56.0,67.89278113968734,63.870555555555555,82.76576305220884
2024-06-29 17:49:00,55.666666666666664,67.8890829804396,63.63166666666667,82.68438438438437
2024-06-29 17:50:00,55.333333333333336,67.88528626146558,63.38722222222222,82.60249500998005
2024-06-29 17:51:00,55.0,67.88139107214833,63.13722222222222,82.52009950248757
2024-06-29 17:52:00,55.0,67.87749823713105,62.88722222222222,82.43819444444445
2024-06-29 17:53:00,55.0,67.87360775427996,62.63722222222222,82.35677546983185
2024-06-29 17:54:00,,67.87360775427996,62.52937853107344,82.35677546983185
2024-06-29 17:55:00,,67.87360775427996,62.417816091954016,82.35677546983185
2024-06-29 17:56:00,,67.87360775427996,62.31988304093567,82.35677546983185
2024-06-29 17:57:00,,67.87360775427996,62.21845238095238,82.35677546983185
2024-06-29 17:58:00,,67.87360775427996,62.11333333333333,82.35677546983185
2024-06-29 17:59:00,,67.87360775427996,62.00432098765432,82.35677546983185
2024-06-29 18:00:00,52.0,67.86881355079029,61.70802469135802,82.22027695351137
2024-06-29 18:01:00,52.0,67.86402224235104,61.415432098765436,82.0837784371909
2024-06-29 18:02:00,52.0,67.85923382634067,61.13765432098766,81.94727992087043
2024-06-29 18:03:00,51.0,67.85414654998993,60.84135802469136,81.80781404549951
2024-06-29 18:04:00,51.0,67.84906234288587,60.546913580246915,81.66834817012858
2024-06-29 18:05:00,51.0,67.84398120225171,60.25432098765432,81.52888229475766
2024-06-29 18:06:00,51.0,67.83890312531403,59.96358024691358,81.38941641938675
2024-06-29 18:07:00,50.25,67.83360206951978,59.6608024691358,81.247725024728
2024-06-29 18:08:00,50.0,67.82822888420206,59.364506172839505,81.10529179030662
2024-06-29 18:09:00,50.0,67.82285893574297,59.068209876543214,80.96285855588526
2024-06-29 18:10:00,50.0,67.8174922212185,58.77191358024692,80.8204253214639
2024-06-29 18:11:00,50.0,67.8121287377082,58.47561728395062,80.67799208704253
2024-06-29 18:12:00,50.0,67.80676848229511,58.17932098765432,80.53555885262116
2024-06-29 18:13:00,49.5,67.80126103088648,57.89228395061728,80.39164193867458
2024-06-29 18:14:00,49.0,67.79560651629073,57.595987654320986,80.24624134520278
2024-06-29 18:15:00,49.0,67.78995540188414,57.303395061728395,80.10084075173096
2024-06-29 18:16:00,49.0,67.78430768460073,57.01635802469136,79.95544015825915
2024-06-29 18:17:00,49.0,67.77866336137821,56.73858024691358,79.81003956478735
2024-06-29 18:18:00,48.5,67.77287223390407,56.45154320987654,79.6631552917903
2024-06-29 18:19:00,48.0,67.76693443443443,56.15524691358024,79.51478733926805
2024-06-29 18:20:00,48.0,67.7610002001401,55.858950617283945,79.3664193867458
2024-06-29 18:21:00,48.0,67.75506952781112,55.562654320987654,79.22101879327398
2024-06-29 18:22:00,47.0,67.74884238423843,55.24783950617284,79.07265084075173
2024-06-29 18:23:00,47.0,67.74261897620475,54.93302469135802,78.92428288822947
2024-06-29 18:24:00,47.0,67.73639930034983,54.63672839506172,78.82983234714004
2024-06-29 18:25:00,46.5,67.73003347322143,54.33117283950617,78.73446411012783
2024-06-29 18:26:00,46.0,67.72352162621117,54.020061728395056,78.6381862745098
2024-06-29 18:27:00,46.0,67.71701368084682,53.72376543209876,78.54247311827957
2024-06-29 18:28:00,46.0,67.71050963362283,53.42746913580246,78.44731968810916
2024-06-29 18:29:00,46.0,67.70400948103793,53.13117283950617,78.35272108843537
2024-06-29 18:30:00,46.0,67.69751321959492,52.83487654320987,78.25867248062015
2024-06-29 18:31:00,46.0,67.69102084580092,52.538580246913575,78.1651690821256
2024-06-29 18:32:00,46.0,67.68453235616711,52.2533950617284,78.07220616570328
2024-06-29 18:33:00,45.8,67.6779879385965,51.97191358024692,77.97920268972142
2024-06-29 18:34:00,45.0,67.67120827105133,51.67561728395062,77.88443486590039
2024-06-29 18:35:00,45.0,67.66443265590756,51.39320987654322,77.73500957854407
2024-06-29 18:36:00,44.25,67.65743700826611,51.101543209876546,77.58342911877395
2024-06-29 18:37:00,44.0,67.65037086818002,50.80524691358025,77.43113026819923
2024-06-29 18:38:00,44.0,67.64330894794466,50.513580246913584,77.27883141762452
2024-06-29 18:39:00,44.0,67.6362512437811,50.235802469135805,77.12653256704981
2024-06-29 18:40:00,44.0,67.62919775191486,49.96543209876543,76.9742337164751
2024-06-29 18:41:00,44.0,67.62214846857597,49.70617283950617,76.82193486590039
2024-06-29 18:42:00,44.0,67.615103389999,49.446913580246914,76.66963601532566
2024-06-29 18:43:00,43.25,67.60783889882728,49.17376543209876,76.51518199233716
2024-06-29 18:44:00,43.0,67.60050422255341,48.89598765432098,76.36000957854407
2024-06-29 18:45:00,43.0,67.59317391736194,48.63672839506172,76.26442215854823
2024-06-29 18:46:00,43.0,67.58584797934664,48.377469135802464,76.16938095238095
2024-06-29 18:47:00,43.0,67.57852640460592,48.13055555555556,76.07488129154795
2024-06-29 18:48:00,43.0,67.57120918924284,47.88981481481482,75.98091856060606
2024-06-29 18:49:00,43.0,67.56389632936508,47.65524691358024,75.88748819641171
2024-06-29 18:50:00,43.0,67.556587821085,47.42685185185186,75.7945856873823
2024-06-29 18:51:00,42.0,67.54898621852072,47.18611111111112,75.63921845574387
2024-06-29 18:52:00,42.0,67.54138913668352,46.94537037037038,75.48385122410546
2024-06-29 18:53:00,42.0,67.53379657154181,46.704629629629636,75.33060263653483
2024-06-29 18:54:00,42.0,67.52620851906885,46.619090909090914,75.17806026365348
2024-06-29 18:55:00,41.2,67.51838730441672,46.52232142857143,75.02325800376649
2024-06-29 18:56:00,41.0,67.51051133551134,46.425438596491226,74.86789077212806
2024-06-29 18:57:00,40.75,67.50256581551861,46.327586206896555,74.71181732580038
2024-06-29 18:58:00,40.0,67.49440239438013,46.220338983050844,74.5536252354049
2024-06-29 18:59:00,39.75,67.48616963402571,46.1125,74.39472693032015
2024-06-29 19:00:00,39.5,67.47786759616335,45.90416666666667,74.23512241054614
2024-06-29 19:01:00,39.25,67.46949634242783,45.69166666666667,74.07707156308851
2024-06-29 19:02:00,39.0,67.46105593438087,45.475,73.91887947269304
2024-06-29 19:03:00,38.666666666666664,67.452521734835,45.26944444444445,73.75974576271186
2024-06-29 19:04:00,38.333333333333336,67.4438938271605,45.05833333333333,73.59967043314501
2024-06-29 19:05:00,38.0,67.43517229462876,44.84166666666667,73.44147834274953
2024-06-29 19:06:00,38.0,67.4264559273517,44.625,73.28328625235405
2024-06-29 19:07:00,,67.4264559273517,44.529661016949156,73.22459867799812
2024-06-29 19:08:00,,67.4264559273517,44.435344827586206,73.16557765151515
2024-06-29 19:09:00,,67.4264559273517,44.33771929824562,73.10622032288698
2024-06-29 19:10:00,,67.4264559273517,44.236607142857146,73.0465238095238
2024-06-29 19:11:00,,67.4264559273517,44.13181818181818,72.98648519579751
2024-06-29 19:12:00,,67.4264559273517,44.023148148148145,72.92610153256705
2024-06-29 19:13:00,,67.4264559273517,43.91981132075472,72.86536983669548
2024-06-29 19:14:00,,67.4264559273517,43.82211538461539,72.80428709055876
2024-06-29 19:15:00,,67.4264559273517,43.720588235294116,72.7428502415459
2024-06-29 19:16:00,,67.4264559273517,43.615,72.68105620155039
2024-06-29 19:17:00,,67.4264559273517,43.505102040816325,72.61890184645287
2024-06-29 19:18:00,,67.4264559273517,43.401041666666664,72.55638401559455
2024-06-29 19:19:00,,67.4264559273517,43.303191489361694,72.49349951124144
2024-06-29 19:20:00,,67.4264559273517,43.201086956521735,72.43024509803921
2024-06-29 19:21:00,,67.4264559273517,43.09444444444444,72.36661750245821
2024-06-29 19:22:00,,67.4264559273517,43.00568181818181,72.3026134122288
2024-06-29 19:23:00,,67.4264559273517,42.91279069767441,72.23822947576657
2024-06-29 19:24:00,,67.4264559273517,42.81547619047618,72.1734623015873
2024-06-29 19:25:00,,67.4264559273517,42.725609756097555,72.11129353233831
2024-06-29 19:26:00,,67.4264559273517,42.64375,72.04875249500998
2024-06-29 19:27:00,,67.4264559273517,42.5576923076923,71.98583583583583
2024-06-29 19:28:00,,67.4264559273517,42.46710526315789,71.92254016064257
2024-06-29 19:29:00,,67.4264559273517,42.371621621621614,71.85886203423968
2024-06-29 19:30:00,,67.4264559273517,42.27083333333333,71.79555555555555
2024-06-29 19:31:00,,67.4264559273517,42.16428571428571,71.73414387031409
2024-06-29 19:32:00,,67.4264559273517,42.05147058823529,71.67235772357724
2024-06-29 19:33:00,,67.4264559273517,41.93787878787878,71.61019367991845
2024-06-29 19:34:00,,67.4264559273517,41.842187499999994,71.5476482617587
2024-06-29 19:35:00,,67.4264559273517,41.740322580645156,71.48471794871794
2024-06-29 19:36:00,,67.4264559273517,41.65666666666666,71.42139917695474
2024-06-29 19:37:00,,67.4264559273517,41.57586206896551,71.35768833849329
2024-06-29 19:38:00,,67.4264559273517,41.48928571428571,71.2935817805383
2024-06-29 19:39:00,,67.4264559273517,41.39629629629629,71.22907580477674
2024-06-29 19:40:00,,67.4264559273517,41.29615384615384,71.16416666666666
2024-06-29 19:41:00,,67.4264559273517,41.187999999999995,71.10073145245559
2024-06-29 19:42:00,,67.4264559273517,41.070833333333326,71.0350104821803
2024-06-29 19:43:00,,67.4264559273517,40.97608695652173,70.9707676130389
2024-06-29 19:44:00,,67.4264559273517,40.8840909090909,70.90738396624472
2024-06-29 19:45:00,,67.4264559273517,40.783333333333324,70.84359788359788
2024-06-29 19:46:00,,67.4264559273517,40.67249999999999,70.77940552016985
2024-06-29 19:47:00,,67.4264559273517,40.54999999999999,70.71480298189563
2024-06-29 19:48:00,,67.4264559273517,40.41388888888888,70.64978632478632
2024-06-29 19:49:00,,67.4264559273517,40.26176470588234,70.58435155412647
2024-06-29 19:50:00,,67.4264559273517,40.09062499999999,70.51849462365591
2024-06-29 19:51:00,,67.4264559273517,39.963333333333324,70.4522114347357
2024-06-29 19:52:00,,67.4264559273517,39.81785714285713,70.38549783549783
2024-06-29 19:53:00,,67.4264559273517,39.649999999999984,70.31834961997829
2024-06-29 19:54:00,,67.4264559273517,39.45416666666666,70.25076252723312
2024-06-29 19:55:00,,67.4264559273517,39.29545454545453,70.18273224043716
2024-06-29 19:56:00,,67.4264559273517,39.124999999999986,70.11425438596491
2024-06-29 19:57:00,,67.4264559273517,,70.04532453245325
2024-06-29 19:58:00,,67.4264559273517,,69.97842163355408
2024-06-29 19:59:00,,67.4264559273517,,69.91190476190476
2024-06-29 20:00:00,78.0,67.4295860469706,,69.87203765227021
2024-06-29 20:01:00,78.0,67.43271431389958,,69.83217054263567
2024-06-29 20:02:00,78.0,67.43584072978304,,69.79230343300111
2024-06-29 20:03:00,77.5,67.43881741102238,,69.75077519379845
2024-06-29 20:04:00,77.0,67.44164449043959,,69.70758582502769
2024-06-29 20:05:00,77.0,67.44446989851217,,69.66439645625692
2024-06-29 20:06:00,76.2,67.44705723010244,,69.61854928017718
2024-06-29 20:07:00,76.0,67.4495839487937,,69.5720376522702
2024-06-29 20:08:00,76.0,67.45210917503445,,69.52552602436323
2024-06-29 20:09:00,76.0,67.45463291014664,76.97,69.48233665559246
2024-06-29 20:10:00,75.5,67.45700757575757,76.83636363636364,69.43748615725359
2024-06-29 20:11:00,75.0,67.45923330382611,76.68333333333334,69.39097452934661
2024-06-29 20:12:00,74.5,67.46131022615536,76.51538461538462,69.34280177187154
2024-06-29 20:13:00,74.0,67.46323847439301,76.33571428571429,69.29296788482834
2024-06-29 20:14:00,74.0,67.46516558569182,76.18,69.24313399778515
2024-06-29 20:15:00,74.0,67.46709156105707,76.04375,69.19330011074196
2024-06-29 20:16:00,73.5,67.46886908269495,75.89411764705882,69.14180509413066
2024-06-29 20:17:00,73.0,67.47049828178694,75.73333333333333,69.08864894795127
2024-06-29 20:18:00,73.0,67.47212652139773,75.58947368421053,69.03549280177187
2024-06-29 20:19:00,72.66666666666667,67.47365567657737,75.44333333333334,68.9828903654485
2024-06-29 20:20:00,72.0,67.47498773788503,75.27936507936508,68.9297342192691
2024-06-29 20:21:00,72.0,67.47631901539668,75.13030303030304,68.87657807308969
2024-06-29 20:22:00,71.66666666666666,67.47755147058824,74.97971014492754,68.82231450719823
2024-06-29 20:23:00,71.33333333333333,67.4786851906302,74.82777777777777,68.76694352159468
2024-06-29 20:24:00,71.0,67.47972026259063,74.67466666666667,68.71046511627907
2024-06-29 20:25:00,71.0,67.48075472622196,74.53333333333333,68.65398671096345
2024-06-29 20:26:00,71.0,67.48178858206032,74.40246913580246,68.59750830564784
2024-06-29 20:27:00,70.33333333333333,67.48262604013705,74.25714285714285,68.53881506090808
2024-06-29 20:28:00,70.0,67.48336513994911,74.1103448275862,68.47901439645625
2024-06-29 20:29:00,70.0,67.48410380588983,73.97333333333333,68.41921373200442
2024-06-29 20:30:00,69.33333333333333,67.48464642018779,73.8236559139785,68.35719822812845
2024-06-29 20:31:00,69.0,67.48509093575828,73.67291666666667,68.29407530454041
2024-06-29 20:32:00,69.0,67.48553519061583,73.53131313131313,68.23095238095237
2024-06-29 20:33:00,69.0,67.48597918498973,73.39803921568627,68.16782945736433
2024-06-29 20:34:00,69.0,67.48642291910902,73.27238095238096,68.1047065337763
2024-06-29 20:35:00,68.5,67.48671989452095,73.13981481481481,68.03992248062015
2024-06-29 20:36:00,68.0,67.48687024018746,73.0009009009009,67.9734772978959
2024-06-29 20:37:00,68.0,67.4870204978038,72.86929824561403,67.90703211517165
2024-06-29 20:38:00,68.0,67.4871706674473,72.74444444444444,67.8405869324474
2024-06-29 20:39:00,67.25,67.48710125841382,72.60708333333334,67.77331118493909
2024-06-29 20:40:00,67.0,67.48695874780573,72.47032520325203,67.70686600221484
2024-06-29 20:41:00,66.66666666666667,67.4867188261675,72.33214285714286,67.6393133997785
2024-06-29 20:42:00,66.0,67.48628411306044,72.18488372093023,67.56954595791804
2024-06-29 20:43:00,66.0,67.48584965409725,72.04431818181818,67.50088593576966
2024-06-29 20:44:00,66.0,67.48541544905514,71.91,67.43444075304541
2024-06-29 20:45:00,66.0,67.48498149771156,71.78152173913043,67.36799557032116
2024-06-29 20:46:00,65.75,67.48447478582555,71.6531914893617,67.30071982281285
2024-06-29 20:47:00,65.0,67.4837493917275,71.51458333333333,67.23095238095237
2024-06-29 20:48:00,65.0,67.4830244210936,71.38163265306122,67.16118493909191
2024-06-29 20:49:00,65.0,67.48229987355316,71.25399999999999,67.09141749723145
2024-06-29 20:50:00,65.0,67.4815757487359,71.1313725490196,67.02165005537098
2024-06-29 20:51:00,64.0,67.4805604160591,70.99423076923077,66.94856035437431
2024-06-29 20:52:00,64.0,67.47954567541302,70.86226415094339,66.87547065337763
2024-06-29 20:53:00,64.0,67.47853152628,70.73518518518519,66.80238095238096
2024-06-29 20:54:00,63.2,67.47728486790986,70.59818181818181,66.7266334440753
2024-06-29 20:55:00,63.0,67.4759806777357,70.4625,66.65022148394242
2024-06-29 20:56:00,63.0,67.47467724713647,70.33157894736843,66.57380952380953
2024-06-29 20:57:00,62.0,67.47308345463367,70.18793103448276,66.49473975636765
2024-06-29 20:58:00,62.0,67.47149058983314,70.04915254237288,66.41633444075305
2024-06-29 20:59:00,62.0,67.46989865192512,69.91499999999999,66.33859357696566
2024-06-29 21:00:00,62.0,67.46830764010083,69.64833333333333,66.26151716500554
2024-06-29 21:01:00,62.0,67.46671755355239,69.38166666666666,66.18510520487264
2024-06-29 21:02:00,62.0,67.46512839147286,69.115,66.10869324473975
2024-06-29 21:03:00,62.0,67.46354015305629,68.85666666666665,66.03228128460687
2024-06-29 21:04:00,61.25,67.46173494092582,68.59416666666667,65.95337763012182
2024-06-29 21:05:00,61.0,67.4598581663278,68.3275,65.87364341085271
2024-06-29 21:06:00,61.0,67.45798248161053,68.07416666666667,65.79390919158361
2024-06-29 21:07:00,60.25,67.45589017900339,67.81166666666667,65.71168327796235
2024-06-29 21:08:00,60.0,67.45372654285161,67.545,65.62862679955704
2024-06-29 21:09:00,60.0,67.4515641620733,67.27833333333334,65.54557032115171
2024-06-29 21:10:00,60.0,67.44940303557618,67.02000000000001,65.4625138427464
2024-06-29 21:11:00,60.0,67.44724316226926,66.77000000000001,65.37945736434109
2024-06-29 21:12:00,59.0,67.44479468599033,66.51166666666667,65.29307862679956
2024-06-29 21:13:00,59.0,67.44234762870666,66.26166666666667,65.20669988925803
2024-06-29 21:14:00,59.0,67.43990198918502,66.01166666666667,65.1203211517165
2024-06-29 21:15:00,59.0,67.43745776619365,65.76166666666667,65.03394241417497
2024-06-29 21:16:00,58.4,67.43484124686354,65.51,64.94557032115172
2024-06-29 21:17:00,58.0,67.4321104679209,65.26,64.85586932447399
2024-06-29 21:18:00,58.0,67.42938126929013,65.01,64.76616832779624
2024-06-29 21:19:00,58.0,67.42665364959986,64.76555555555555,64.6764673311185
2024-06-29 21:20:00,58.0,67.42392760748024,64.53222222222222,64.58676633444075
2024-06-29 21:21:00,58.0,67.42120314156307,64.2988888888889,64.49706533776302
2024-06-29 21:22:00,58.0,67.4184802504817,64.07111111111111,64.40819490586934
2024-06-29 21:23:00,57.0,67.41546999903689,63.83222222222222,64.31849390919159
2024-06-29 21:24:00,57.0,67.4124614866166,63.59888888888889,64.22879291251385
2024-06-29 21:25:00,56.0,67.40916594474926,63.34888888888889,64.13576965669989
2024-06-29 21:26:00,56.0,67.40587230561971,63.09888888888889,64.04274640088595
2024-06-29 21:27:00,56.0,67.40258056758057,62.86000000000001,63.949723145071985
2024-06-29 21:28:00,56.0,67.39929072898634,62.62666666666667,63.85669988925804
2024-06-29 21:29:00,56.0,67.39600278819344,62.39333333333334,63.763676633444085
2024-06-29 21:30:00,55.75,67.39264465590158,62.16694444444445,63.66982281284608
2024-06-29 21:31:00,55.0,67.3890722590564,61.93361111111111,63.573477297895906
2024-06-29 21:32:00,55.0,67.38550192122959,61.70027777777778,63.47713178294574
2024-06-29 21:33:00,54.2,67.38170315951214,61.45361111111111,63.37812846068661
2024-06-29 21:34:00,54.0,67.37784898233487,61.20361111111111,63.27978959025471
2024-06-29 21:35:00,54.0,67.37399702466648,60.96194444444445,63.18344407530454
2024-06-29 21:36:00,54.0,67.37014728459029,60.728611111111114,63.08875968992248
2024-06-29 21:37:00,53.75,67.36622781774581,60.49111111111111,62.99490586932448
2024-06-29 21:38:00,53.0,67.3620948408132,60.24111111111111,62.89856035437431
2024-06-29 21:39:00,53.0,67.3579642412041,60.00361111111111,62.802214839424146
2024-06-29 21:40:00,53.0,67.35383601686793,59.77027777777778,62.70836101882614
2024-06-29 21:41:00,52.0,67.34942272683722,59.52583333333334,62.61201550387597
2024-06-29 21:42:00,52.0,67.34501197318008,59.292500000000004,62.51566998892581
2024-06-29 21:43:00,52.0,67.34060375371062,59.05916666666667,62.419324473975635
2024-06-29 21:44:00,52.0,67.33619806624546,58.825833333333335,62.32297895902547
2024-06-29 21:45:00,52.0,67.3317949086037,58.5925,62.226633444075304
2024-06-29 21:46:00,51.75,67.32732252200536,58.35916666666667,62.129457364341086
2024-06-29 21:47:00,51.0,67.322637494022,58.12583333333334,62.02978959025471
2024-06-29 21:48:00,51.0,67.31795515394913,57.892500000000005,61.93211517165006
2024-06-29 21:49:00,50.8,67.31321814358093,57.65583333333334,61.835105204872654
2024-06-29 21:50:00,50.0,67.30825449159022,57.40583333333334,61.73543743078628
2024-06-29 21:51:00,50.0,67.3032936849145,57.17250000000001,61.63576965669989
2024-06-29 21:52:00,49.666666666666664,67.29824021012416,56.93361111111111,61.53499446290145
2024-06-29 21:53:00,49.333333333333336,67.29309414685382,56.68916666666667,61.43477297895903
2024-06-29 21:54:00,49.0,67.28785557464681,56.4525,61.335105204872654
2024-06-29 21:55:00,49.0,67.28262000190858,56.219166666666666,61.23543743078628
2024-06-29 21:56:00,48.75,67.27731587483305,55.98166666666667,61.13693244739756
2024-06-29 21:57:00,48.0,67.27180019074869,55.748333333333335,61.037264673311185
2024-06-29 21:58:00,48.0,67.26628766209001,55.515,60.93759689922481
2024-06-29 21:59:00,48.0,67.26077828615004,55.281666666666666,60.83792912513843
2024-06-29 22:00:00,48.0,67.2552720602249,55.04833333333333,60.73826135105205
2024-06-29 22:01:00,47.25,67.24955463465753,54.8025,60.63610188261351
2024-06-29 22:02:00,47.25,67.24384047619048,54.556666666666665,60.53394241417497
2024-06-29 22:03:00,47.0,67.2380581738551,54.306666666666665,60.430952380952384
2024-06-29 22:04:00,46.25,67.23206501047021,54.056666666666665,60.32547065337763
2024-06-29 22:05:00,46.0,67.22600390141784,53.806666666666665,60.21915836101883
2024-06-29 22:06:00,46.0,67.21994625190258,53.556666666666665,60.11367663344408
2024-06-29 22:07:00,46.0,67.2138920589634,53.31916666666667,60.01068660022148
2024-06-29 22:08:00,46.0,67.20784131964253,53.08583333333333,59.907696566998894
2024-06-29 22:09:00,46.0,67.20179403098565,52.8525,59.804706533776304
2024-06-29 22:10:00,45.5,67.19560765868492,52.61083333333333,59.7013842746401
2024-06-29 22:11:00,45.0,67.1892823216491,52.36083333333333,59.5983942414175
2024-06-29 22:12:00,45.0,67.18296058879393,52.127500000000005,59.49540420819491
2024-06-29 22:13:00,44.0,67.17635763789994,51.877500000000005,59.38909191583611
2024-06-29 22:14:00,44.0,67.16975844722856,51.627500000000005,59.2827796234773
2024-06-29 22:15:00,44.0,67.16316301356865,51.377500000000005,59.1764673311185
2024-06-29 22:16:00,44.0,67.15657133371278,51.1375,59.070155038759694
2024-06-29 22:17:00,44.0,67.14998340445709,50.90416666666667,58.96384274640089
2024-06-29 22:18:00,44.0,67.14339922260145,50.670833333333334,58.85753045404209
2024-06-29 22:19:00,43.5,67.13667661833001,50.42916666666667,58.74955703211518
2024-06-29 22:20:00,43.0,67.12981570968354,50.17916666666667,58.639922480620164
2024-06-29 22:21:00,42.5,67.12281661456853,49.920833333333334,58.52862679955704
2024-06-29 22:22:00,42.0,67.11567945075758,49.65416666666667,58.41677740863788
2024-06-29 22:23:00,42.0,67.10854634100161,49.40416666666667,58.30714285714286
2024-06-29 22:24:00,42.0,67.10141728184743,49.15416666666667,58.197508305647844
2024-06-29 22:25:00,42.0,67.09429226984578,48.920833333333334,58.087873754152824
2024-06-29 22:26:00,41.0,67.08688753310632,48.670833333333334,57.97602436323366
2024-06-29 22:27:00,41.0,67.07948699763594,48.420833333333334,57.86528239202658
2024-06-29 22:28:00,40.75,67.07201975798829,48.166666666666664,57.75481727574751
2024-06-29 22:29:00,40.0,67.06434410736226,47.9,57.64296788482835
2024-06-29 22:30:00,40.0,67.0566728080121,47.6375,57.53333333333333
2024-06-29 22:31:00,40.0,67.0490058562388,47.3875,57.42369878183832
2024-06-29 22:32:00,40.0,67.0413432483475,47.1375,57.3140642303433
2024-06-29 22:33:00,40.0,67.0336849806476,46.90083333333334,57.204429678848285
2024-06-29 22:34:00,39.5,67.02588948659871,46.65916666666667,57.09313399778516
2024-06-29 22:35:00,39.0,67.01795688272479,46.40916666666667,56.98017718715393
2024-06-29 22:36:00,39.0,67.01002876815696,46.15916666666667,56.8672203765227
2024-06-29 22:37:00,39.0,67.00210513908534,45.913333333333334,56.75426356589147
2024-06-29 22:38:00,38.75,66.99411529034691,45.67583333333334,56.6421373200443
2024-06-29 22:39:00,38.0,66.98591791537085,45.42583333333334,56.52918050941307
2024-06-29 22:40:00,38.0,66.9777251742981,45.17583333333334,56.416223698781835
2024-06-29 22:41:00,38.0,66.96953706320053,44.9425,56.30326688815061
2024-06-29 22:42:00,38.0,66.96135357815443,44.70916666666667,56.19031007751938
2024-06-29 22:43:00,38.0,66.95317471524052,44.475833333333334,56.080675526024365
2024-06-29 22:44:00,37.0,66.94471814417467,44.225833333333334,55.96771871539313
2024-06-29 22:45:00,37.0,66.9362663467871,43.975833333333334,55.8547619047619
2024-06-29 22:46:00,36.8,66.9277628856283,43.72666666666667,55.74363233665559
2024-06-29 22:47:00,36.0,66.9190385519511,43.47666666666667,55.630121816168334
2024-06-29 22:48:00,36.0,66.91031913893589,43.22666666666667,55.51688815060908
2024-06-29 22:49:00,36.0,66.90160464242082,42.98,55.403931339977845
2024-06-29 22:50:00,36.0,66.89289505824878,42.74666666666666,55.29097452934662
2024-06-29 22:51:00,36.0,66.8841903822673,42.51333333333333,55.17801771871539
2024-06-29 22:52:00,36.0,66.87549061032864,42.285555555555554,55.06506090808416
2024-06-29 22:53:00,36.0,66.86679573828968,42.063333333333325,54.95210409745293
2024-06-29 22:54:00,36.0,66.85810576201202,41.846666666666664,54.84246954595791
2024-06-29 22:55:00,35.0,66.84913922506801,41.61333333333333,54.729512735326686
2024-06-29 22:56:00,35.0,66.84017773400863,41.384166666666665,54.619878183831666
2024-06-29 22:57:00,35.0,66.83122128457572,41.1675,54.51024363233665
2024-06-29 22:58:00,35.0,66.82226987251593,40.95083333333333,54.40060908084163
2024-06-29 22:59:00,35.0,66.81332349358074,40.73416666666666,54.29097452934662
2024-06-29 23:00:00,35.0,66.80438214352633,40.5175,54.1813399778516
2024-06-29 23:01:00,35.0,66.7954458181137,40.313333333333325,54.07236987818383
2024-06-29 23:02:00,35.0,66.78651451310861,40.10916666666666,53.96605758582503
2024-06-29 23:03:00,35.0,66.77758822428157,39.909166666666664,53.85974529346622
2024-06-29 23:04:00,34.5,66.7685265768295,39.71333333333333,53.752104097452936
2024-06-29 23:05:00,34.0,66.75932968472262,39.51333333333333,53.64313399778516
2024-06-29 23:06:00,34.0,66.75013795361018,39.313333333333325,53.53449612403101
2024-06-29 23:07:00,34.0,66.74095137914914,39.11333333333333,53.42619047619048
2024-06-29 23:08:00,34.0,66.7317699570013,38.91333333333333,53.31987818383167
2024-06-29 23:09:00,34.0,66.72259368283338,38.71333333333333,53.21356589147287
2024-06-29 23:10:00,34.0,66.71342255231689,38.52166666666666,53.10725359911406
2024-06-29 23:11:00,34.0,66.70425656112823,38.33833333333333,53.00094130675526
2024-06-29 23:12:00,34.0,66.69509570494864,38.154999999999994,52.89462901439646
2024-06-29 23:13:00,34.0,66.68593997946421,37.98833333333333,52.79163898117386
2024-06-29 23:14:00,34.0,66.6767893803658,37.821666666666665,52.68864894795127
2024-06-29 23:15:00,34.0,66.66764390334919,37.654999999999994,52.58632336655592
2024-06-29 23:16:00,34.0,66.65850354411491,37.48833333333333,52.48499446290144
2024-06-29 23:17:00,34.0,66.6493682983683,37.321666666666665,52.38532668881506
2024-06-29 23:18:00,34.0,66.64023816181954,37.154999999999994,52.285658914728685
2024-06-29 23:19:00,33.2,66.6308894790793,36.983333333333334,52.18333333333334
2024-06-29 23:20:00,33.0,66.62149012483697,36.81666666666667,52.08034330011075
2024-06-29 23:21:00,33.0,66.6120960230977,36.65833333333333,51.97735326688815
2024-06-29 23:22:00,33.0,66.60270716945996,36.50833333333333,51.87436323366556
2024-06-29 23:23:00,33.0,66.59332355952714,36.358333333333334,51.77137320044297
2024-06-29 23:24:00,32.5,66.5838056020845,36.2,51.67004429678848
2024-06-29 23:25:00,32.0,66.5741534096195,36.03333333333333,51.56705426356589
2024-06-29 23:26:00,32.0,66.56450660342263,35.88333333333333,51.464728682170545
2024-06-29 23:27:00,32.0,66.55486517898652,35.733333333333334,51.36506090808416
2024-06-29 23:28:00,32.0,66.5452291318089,35.5875,51.26539313399778
2024-06-29 23:29:00,32.0,66.53559845739244,35.454166666666666,51.165725359911406
2024-06-29 23:30:00,32.0,66.5259731512449,35.32083333333333,51.06605758582503
2024-06-29 23:31:00,32.0,66.51635320887898,35.1875,50.96638981173865
2024-06-29 23:32:00,32.0,66.50673862581245,35.05416666666667,50.868715393133996
2024-06-29 23:33:00,32.0,66.497129397568,34.920833333333334,50.77236987818383
2024-06-29 23:34:00,,66.497129397568,34.84322033898305,50.73827777777778
2024-06-29 23:35:00,,66.497129397568,34.771551724137936,50.706465997770344
2024-06-29 23:36:00,,66.497129397568,34.69736842105264,50.675279642058165
2024-06-29 23:37:00,,66.497129397568,34.620535714285715,50.64388327721661
2024-06-29 23:38:00,,66.497129397568,34.54545454545455,50.61311936936937
2024-06-29 23:39:00,,66.497129397568,34.48148148148149,50.584689265536724
2024-06-29 23:40:00,,66.497129397568,34.41509433962265,50.557426303854875
2024-06-29 23:41:00,,66.497129397568,34.346153846153854,50.53202502844141
2024-06-29 23:42:00,,66.497129397568,34.274509803921575,50.506449771689496
2024-06-29 23:43:00,,66.497129397568,34.2,50.48069873997709
2024-06-29 23:44:00,,66.497129397568,34.142857142857146,50.45477011494253
2024-06-29 23:45:00,,66.497129397568,34.083333333333336,50.432122260668976
2024-06-29 23:46:00,,66.497129397568,34.02553191489362,50.40931712962963
2024-06-29 23:47:00,,66.497129397568,33.98260869565218,50.38867595818816
2024-06-29 23:48:00,,66.497129397568,33.93777777777778,50.36905594405595
2024-06-29 23:49:00,,66.497129397568,33.8909090909091,50.35046783625731
2024-06-29 23:50:00,,66.497129397568,33.841860465116284,50.332922535211274
2024-06-29 23:51:00,,66.497129397568,33.7904761904762,50.316431095406365
2024-06-29 23:52:00,,66.497129397568,33.736585365853664,50.299822695035466
2024-06-29 23:53:00,,66.497129397568,33.68000000000001,50.283096085409255
2024-06-29 23:54:00,,66.497129397568,33.62051282051283,50.283096085409255
2024-06-29 23:55:00,,66.497129397568,33.58421052631579,50.283096085409255
2024-06-29 23:56:00,,66.497129397568,33.54594594594595,50.283096085409255
2024-06-29 23:57:00,,66.497129397568,33.50555555555556,50.283096085409255
2024-06-29 23:58:00,,66.497129397568,33.46285714285715,50.283096085409255
2024-06-29 23:59:00,,66.497129397568,33.41764705882354,50.283096085409255
2024-06-30 00:00:00,,66.497129397568,33.369696969696975,50.27696428571429
2024-06-30 00:01:00,,66.497129397568,33.31875000000001,50.27078853046596
2024-06-30 00:02:00,,66.497129397568,33.264516129032266,50.264568345323745
2024-06-30 00:03:00,,66.497129397568,33.20666666666667,50.26191335740073
2024-06-30 00:04:00,,66.497129397568,33.16206896551725,50.259239130434786
2024-06-30 00:05:00,,66.497129397568,33.13214285714286,50.25654545454546
2024-06-30 00:06:00,,66.497129397568,33.10000000000001,50.253832116788324
2024-06-30 00:07:00,,66.497129397568,33.06538461538462,50.253846153846155
2024-06-30 00:08:00,,66.497129397568,33.028000000000006,50.25477941176471
2024-06-30 00:09:00,,66.497129397568,32.987500000000004,50.255719557195576
2024-06-30 00:10:00,,66.497129397568,32.943478260869576,50.25666666666667
2024-06-30 00:11:00,,66.497129397568,32.895454545454555,50.25762081784387
2024-06-30 00:12:00,,66.497129397568,32.84285714285715,50.25858208955224
2024-06-30 00:13:00,,66.497129397568,32.78500000000001,50.26142322097379
2024-06-30 00:14:00,,66.497129397568,32.72105263157896,50.26616541353384
2024-06-30 00:15:00,,66.497129397568,32.650000000000006,50.27094339622642
2024-06-30 00:16:00,,66.497129397568,32.570588235294125,50.27575757575758
2024-06-30 00:17:00,,66.497129397568,32.48125000000001,50.28060836501901
2024-06-30 00:18:00,,66.497129397568,32.38000000000002,50.287404580152675
2024-06-30 00:19:00,,66.497129397568,32.321428571428584,50.296168582375486
2024-06-30 00:20:00,,66.497129397568,32.26923076923078,50.30500000000001
2024-06-30 00:21:00,,66.497129397568,32.20833333333335,50.313899613899615
2024-06-30 00:22:00,,66.497129397568,32.136363636363654,50.32674418604652
2024-06-30 00:23:00,,66.497129397568,32.05000000000002,50.339688715953315
2024-06-30 00:24:00,,66.497129397568,,50.352734375000004
2024-06-30 00:25:00,,66.497129397568,,50.36784313725491
2024-06-30 00:26:00,66.0,66.49699099851523,,50.44627450980393
2024-06-30 00:27:00,66.0,66.49685267650061,,50.52470588235295
2024-06-30 00:28:00,66.5,66.49685355221666,,50.60509803921569
2024-06-30 00:29:00,67.0,66.49699350950394,,50.687450980392164
2024-06-30 00:30:00,67.75,66.49734195402299,,50.77274509803922
2024-06-30 00:31:00,68.0,66.49775970716338,,50.859019607843145
2024-06-30 00:32:00,68.25,66.49824671113582,,50.94627450980393
2024-06-30 00:33:00,69.0,66.4989418356951,,51.037254901960786
2024-06-30 00:34:00,69.5,66.49977546296297,,51.13333333333333
2024-06-30 00:35:00,70.0,66.50074747755254,67.8,51.23137254901961
2024-06-30 00:36:00,70.0,66.50171895243383,68.0,51.332352941176474
2024-06-30 00:37:00,71.0,66.50296743454528,68.25,51.438235294117646
2024-06-30 00:38:00,71.0,66.50421522382538,68.46153846153847,51.544117647058826
2024-06-30 00:39:00,72.0,66.50573971336108,68.71428571428571,51.65392156862745
2024-06-30 00:40:00,72.0,66.50726335736735,68.93333333333334,51.76372549019608
2024-06-30 00:41:00,72.75,66.50899408557434,69.171875,51.87647058823529
2024-06-30 00:42:00,73.0,66.51079314486327,69.3970588235294,51.990196078431374
2024-06-30 00:43:00,74.0,66.51286829223238,69.65277777777777,52.11078431372549
2024-06-30 00:44:00,74.0,66.51494228993536,69.88157894736842,52.23235294117647
2024-06-30 00:45:00,74.5,66.5171536047263,70.1125,52.35588235294118
2024-06-30 00:46:00,75.0,66.51950212255446,70.3452380952381,52.48137254901961
2024-06-30 00:47:00,75.75,66.52205692407048,70.5909090909091,52.60980392156863
2024-06-30 00:48:00,76.0,66.5246794871795,70.82608695652173,52.73921568627451
2024-06-30 00:49:00,76.0,66.52730059935455,71.04166666666667,52.86862745098039
2024-06-30 00:50:00,76.8,66.53014150073746,71.27199999999999,53.001176470588234
2024-06-30 00:51:00,77.25,66.53310524375634,71.50192307692308,53.139411764705876
2024-06-30 00:52:00,78.0,66.53627464529205,71.74259259259259,53.28058823529412
2024-06-30 00:53:00,78.0,66.53944229529336,71.96607142857142,53.42176470588235
2024-06-30 00:54:00,78.5,66.54274631675875,72.19137931034483,53.56490196078431
2024-06-30 00:55:00,,66.54274631675875,72.19137931034483,53.613582677165354
2024-06-30 00:56:00,,66.54274631675875,72.19137931034483,53.66343873517787
2024-06-30 00:57:00,,66.54274631675875,72.19137931034483,53.71468253968254
2024-06-30 00:58:00,,66.54274631675875,72.19137931034483,53.76932270916335
2024-06-30 00:59:00,,66.54274631675875,72.19137931034483,53.8254
2024-06-30 01:00:00,,66.54274631675875,72.19137931034483,53.88293172690763
2024-06-30 01:01:00,,66.54274631675875,72.19137931034483,53.94193548387097
2024-06-30 01:02:00,,66.54274631675875,72.19137931034483,54.00242914979757
2024-06-30 01:03:00,,66.54274631675875,72.19137931034483,54.06476964769647
2024-06-30 01:04:00,,66.54274631675875,72.19137931034483,54.12897959183674
2024-06-30 01:05:00,,66.54274631675875,72.19137931034483,54.19508196721311
2024-06-30 01:06:00,,66.54274631675875,72.19137931034483,54.26172839506173
2024-06-30 01:07:00,,66.54274631675875,72.19137931034483,54.26172839506173
2024-06-30 01:08:00,,66.54274631675875,72.19137931034483,54.26172839506173
2024-06-30 01:09:00,,66.54274631675875,72.19137931034483,54.26172839506173
2024-06-30 01:10:00,,66.54274631675875,72.19137931034483,54.26172839506173
2024-06-30 01:11:00,,66.54274631675875,72.19137931034483,54.26172839506173
2024-06-30 01:12:00,,66.54274631675875,72.19137931034483,54.26172839506173
2024-06-30 01:13:00,,66.54274631675875,72.19137931034483,54.26172839506173
2024-06-30 01:14:00,,66.54274631675875,72.19137931034483,54.26172839506173
2024-06-30 01:15:00,,66.54274631675875,72.19137931034483,54.26172839506173
2024-06-30 01:16:00,,66.54274631675875,72.19137931034483,54.26172839506173
2024-06-30 01:17:00,,66.54274631675875,72.19137931034483,54.26172839506173
2024-06-30 01:18:00,,66.54274631675875,72.19137931034483,54.26172839506173
2024-06-30 01:19:00,,66.54274631675875,72.19137931034483,54.26172839506173
2024-06-30 01:20:00,,66.54274631675875,72.19137931034483,54.26172839506173
2024-06-30 01:21:00,,66.54274631675875,72.19137931034483,54.26172839506173
2024-06-30 01:22:00,,66.54274631675875,72.19137931034483,54.26172839506173
2024-06-30 01:23:00,,66.54274631675875,72.19137931034483,54.26172839506173
2024-06-30 01:24:00,,66.54274631675875,72.19137931034483,54.26172839506173
2024-06-30 01:25:00,,66.54274631675875,72.19137931034483,54.26172839506173
2024-06-30 01:26:00,,66.54274631675875,72.41250000000001,54.26172839506173
2024-06-30 01:27:00,,66.54274631675875,72.65,54.26172839506173
2024-06-30 01:28:00,,66.54274631675875,72.88653846153846,54.26172839506173
2024-06-30 01:29:00,,66.54274631675875,73.12200000000001,54.26172839506173
2024-06-30 01:30:00,,66.54274631675875,73.34583333333335,54.26172839506173
2024-06-30 01:31:00,,66.54274631675875,73.57826086956523,54.26172839506173
2024-06-30 01:32:00,,66.54274631675875,73.82045454545455,54.26172839506173
2024-06-30 01:33:00,,66.54274631675875,74.05000000000001,54.26172839506173
2024-06-30 01:34:00,,66.54274631675875,74.2775,54.26172839506173
2024-06-30 01:35:00,,66.54274631675875,74.50263157894737,54.26172839506173
2024-06-30 01:36:00,,66.54274631675875,74.7527777777778,54.26172839506173
2024-06-30 01:37:00,,66.54274631675875,74.97352941176472,54.26172839506173
2024-06-30 01:38:00,,66.54274631675875,75.22187500000001,54.26172839506173
2024-06-30 01:39:00,,66.54274631675875,75.43666666666668,54.26172839506173
2024-06-30 01:40:00,,66.54274631675875,75.68214285714286,54.26172839506173
2024-06-30 01:41:00,,66.54274631675875,75.90769230769232,54.26172839506173
2024-06-30 01:42:00,,66.54274631675875,76.15000000000002,54.26172839506173
2024-06-30 01:43:00,,66.54274631675875,76.34545454545456,54.26172839506173
2024-06-30 01:44:00,,66.54274631675875,76.58000000000001,54.26172839506173
2024-06-30 01:45:00,,66.54274631675875,,54.26172839506173
2024-06-30 01:46:00,,66.54274631675875,,54.26172839506173
2024-06-30 01:47:00,,66.54274631675875,,54.26172839506173
2024-06-30 01:48:00,,66.54274631675875,,54.26172839506173
2024-06-30 01:49:00,,66.54274631675875,,54.26172839506173
2024-06-30 01:50:00,,66.54274631675875,,54.26172839506173
2024-06-30 01:51:00,,66.54274631675875,,54.26172839506173
2024-06-30 01:52:00,,66.54274631675875,,54.26172839506173
2024-06-30 01:53:00,,66.54274631675875,,54.26172839506173
2024-06-30 01:54:00,,66.54274631675875,,54.26172839506173
2024-06-30 01:55:00,,66.54274631675875,,54.26172839506173
2024-06-30 01:56:00,,66.54274631675875,,54.26172839506173
2024-06-30 01:57:00,,66.54274631675875,,54.26172839506173
2024-06-30 01:58:00,,66.54274631675875,,54.26172839506173
2024-06-30 01:59:00,,66.54274631675875,,54.26172839506173
2024-06-30 02:00:00,,66.54274631675875,,54.163636363636364
2024-06-30 02:01:00,,66.54274631675875,,54.06473029045643
2024-06-30 02:02:00,,66.54274631675875,,53.965
2024-06-30 02:03:00,,66.54274631675875,,53.86652719665272
2024-06-30 02:04:00,,66.54274631675875,,53.76932773109244
2024-06-30 02:05:00,,66.54274631675875,,53.67130801687764
2024-06-30 02:06:00,100.0,66.55198609960416,,53.7717299578059
2024-06-30 02:07:00,,66.55198609960416,,53.677542372881355
2024-06-30 02:08:00,,66.55198609960416,,53.58255319148936
2024-06-30 02:09:00,,66.55198609960416,,53.48675213675214
2024-06-30 02:10:00,,66.55198609960416,,53.39227467811158
2024-06-30 02:11:00,,66.55198609960416,,53.29913793103448
2024-06-30 02:12:00,,66.55198609960416,,53.207359307359305
2024-06-30 02:13:00,,66.55198609960416,,53.11695652173913
2024-06-30 02:14:00,,66.55198609960416,,53.02576419213974
2024-06-30 02:15:00,,66.55198609960416,,52.93377192982456
2024-06-30 02:16:00,,66.55198609960416,,52.8431718061674
2024-06-30 02:17:00,,66.55198609960416,,52.75398230088496
2024-06-30 02:18:00,,66.55198609960416,,52.664
2024-06-30 02:19:00,,66.55198609960416,,52.57470238095238
2024-06-30 02:20:00,,66.55198609960416,,52.48759342301943
2024-06-30 02:21:00,,66.55198609960416,,52.3996996996997
2024-06-30 02:22:00,,66.55198609960416,,52.31251885369532
2024-06-30 02:23:00,,66.55198609960416,,52.22606060606061
2024-06-30 02:24:00,,66.55198609960416,,52.14033485540335
2024-06-30 02:25:00,,66.55198609960416,,52.05382262996942
2024-06-30 02:26:00,,66.55198609960416,,51.96651305683564
2024-06-30 02:27:00,,66.55198609960416,,51.88148148148148
2024-06-30 02:28:00,,66.55198609960416,,51.79720930232558
2024-06-30 02:29:00,,66.55198609960416,,51.71214953271028
2024-06-30 02:30:00,,66.55198609960416,,51.62942097026604
2024-06-30 02:31:00,,66.55198609960416,,51.547484276729556
2024-06-30 02:32:00,,66.55198609960416,,51.464770932069506
2024-06-30 02:33:00,,66.55198609960416,,51.381269841269834
2024-06-30 02:34:00,,66.55198609960416,,51.29696969696969
2024-06-30 02:35:00,,66.55198609960416,,51.214262820512815
2024-06-30 02:36:00,,66.55198609960416,,51.13317230273751
2024-06-30 02:37:00,,66.55198609960416,,51.05129449838187
2024-06-30 02:38:00,,66.55198609960416,,50.968617886178855
2024-06-30 02:39:00,,66.55198609960416,,50.888807189542476
2024-06-30 02:40:00,,66.55198609960416,,50.80944170771757
2024-06-30 02:41:00,,66.55198609960416,,50.730940594059405
2024-06-30 02:42:00,,66.55198609960416,,50.654975124378105
2024-06-30 02:43:00,,66.55198609960416,,50.57825
2024-06-30 02:44:00,,66.55198609960416,,50.50075376884422
2024-06-30 02:45:00,,66.55198609960416,,50.422474747474745
2024-06-30 02:46:00,,66.55198609960416,,50.34467005076142
2024-06-30 02:47:00,,66.55198609960416,,50.26989795918367
2024-06-30 02:48:00,,66.55198609960416,,50.19435897435897
2024-06-30 02:49:00,,66.55198609960416,,50.1180412371134
2024-06-30 02:50:00,,66.55198609960416,,50.04093264248704
2024-06-30 02:51:00,,66.55198609960416,,49.96822916666667
2024-06-30 02:52:00,,66.55198609960416,,49.89476439790576
2024-06-30 02:53:00,,66.55198609960416,,49.82052631578947
2024-06-30 02:54:00,,66.55198609960416,,49.74973544973545
2024-06-30 02:55:00,100.0,66.56122078041598,,49.94550264550264
2024-06-30 02:56:00,100.0,66.5704503634189,,50.14126984126984
2024-06-30 02:57:00,100.0,66.57967485283297,,50.342328042328035
2024-06-30 02:58:00,100.0,66.58889425287356,,50.54338624338624
2024-06-30 02:59:00,100.0,66.59810856775142,,50.74444444444444
2024-06-30 03:00:00,100.0,66.60731780167264,,50.94550264550264
2024-06-30 03:01:00,100.0,66.61652195883866,,51.14656084656084
2024-06-30 03:02:00,100.0,66.62572104344632,,51.34761904761904
2024-06-30 03:03:00,100.0,66.63491505968778,100.0,51.548677248677244
2024-06-30 03:04:00,100.0,66.64410401175067,100.0,51.7537037037037
2024-06-30 03:05:00,,66.64410401175067,100.0,51.70452127659574
2024-06-30 03:06:00,,66.64410401175067,100.0,51.65481283422459
2024-06-30 03:07:00,,66.64410401175067,100.0,51.60860215053763
2024-06-30 03:08:00,,66.64410401175067,100.0,51.563243243243235
2024-06-30 03:09:00,,66.64410401175067,100.0,51.51739130434782
2024-06-30 03:10:00,,66.64410401175067,100.0,51.47103825136612
2024-06-30 03:11:00,,66.64410401175067,100.0,51.42417582417582
2024-06-30 03:12:00,,66.64410401175067,100.0,51.382320441988945
2024-06-30 03:13:00,,66.64410401175067,100.0,51.339999999999996
2024-06-30 03:14:00,,66.64410401175067,100.0,51.29720670391061
2024-06-30 03:15:00,,66.64410401175067,100.0,51.253932584269656
2024-06-30 03:16:00,,66.64410401175067,100.0,51.213559322033895
2024-06-30 03:17:00,,66.64410401175067,100.0,51.175
2024-06-30 03:18:00,,66.64410401175067,100.0,51.135999999999996
2024-06-30 03:19:00,,66.64410401175067,100.0,51.096551724137925
2024-06-30 03:20:00,,66.64410401175067,100.0,51.05664739884393
2024-06-30 03:21:00,,66.64410401175067,100.0,51.016279069767435
2024-06-30 03:22:00,,66.64410401175067,100.0,50.97543859649122
2024-06-30 03:23:00,,66.64410401175067,100.0,50.94
2024-06-30 03:24:00,,66.64410401175067,100.0,50.90414201183432
2024-06-30 03:25:00,,66.64410401175067,100.0,50.87380952380952
2024-06-30 03:26:00,,66.64410401175067,100.0,50.843113772455084
2024-06-30 03:27:00,,66.64410401175067,100.0,50.81204819277108
2024-06-30 03:28:00,,66.64410401175067,100.0,50.780606060606054
2024-06-30 03:29:00,,66.64410401175067,100.0,50.74878048780487
2024-06-30 03:30:00,,66.64410401175067,100.0,50.718098159509196
2024-06-30 03:31:00,,66.64410401175067,100.0,50.69166666666666
2024-06-30 03:32:00,,66.64410401175067,100.0,50.66490683229813
2024-06-30 03:33:00,,66.64410401175067,100.0,50.6428125
2024-06-30 03:34:00,,66.64410401175067,100.0,50.62169811320754
2024-06-30 03:35:00,,66.64410401175067,100.0,50.6003164556962
2024-06-30 03:36:00,,66.64410401175067,100.0,50.57866242038216
2024-06-30 03:37:00,,66.64410401175067,100.0,50.55833333333333
2024-06-30 03:38:00,,66.64410401175067,100.0,50.54258064516129
2024-06-30 03:39:00,,66.64410401175067,100.0,50.52662337662337
2024-06-30 03:40:00,,66.64410401175067,100.0,50.51045751633987
2024-06-30 03:41:00,,66.64410401175067,100.0,50.50065789473684
2024-06-30 03:42:00,,66.64410401175067,100.0,50.49072847682119
2024-06-30 03:43:00,,66.64410401175067,100.0,50.480666666666664
2024-06-30 03:44:00,,66.64410401175067,100.0,50.47046979865772
2024-06-30 03:45:00,,66.64410401175067,100.0,50.46013513513513
2024-06-30 03:46:00,,66.64410401175067,100.0,50.451360544217685
2024-06-30 03:47:00,,66.64410401175067,100.0,50.44760273972602
2024-06-30 03:48:00,,66.64410401175067,100.0,50.44379310344827
2024-06-30 03:49:00,,66.64410401175067,100.0,50.44131944444444
2024-06-30 03:50:00,,66.64410401175067,100.0,50.44440559440559
2024-06-30 03:51:00,,66.64410401175067,100.0,50.4475352112676
2024-06-30 03:52:00,,66.64410401175067,100.0,50.45307328605201
2024-06-30 03:53:00,,66.64410401175067,100.0,50.46107142857142
2024-06-30 03:54:00,,66.64410401175067,100.0,50.471582733812944
2024-06-30 03:55:00,,66.64410401175067,,50.48224637681159
2024-06-30 03:56:00,,66.64410401175067,,50.4948905109489
2024-06-30 03:57:00,,66.64410401175067,,50.51323529411764
2024-06-30 03:58:00,,66.64410401175067,,50.53185185185185
2024-06-30 03:59:00,,66.64410401175067,,50.55074626865671
2024-06-30 04:00:00,,66.64410401175067,,50.56992481203007
2024-06-30 04:01:00,,66.64410401175067,,50.59507575757575
2024-06-30 04:02:00,,66.64410401175067,,50.6206106870229
2024-06-30 04:03:00,,66.64410401175067,,50.64846153846153
2024-06-30 04:04:00,,66.64410401175067,,50.682558139534876
2024-06-30 04:05:00,,66.64410401175067,,50.719140624999994
2024-06-30 04:06:00,,66.64410401175067,,50.75629921259842
2024-06-30 04:07:00,,66.64410401175067,,50.79404761904761
2024-06-30 04:08:00,,66.64410401175067,,50.83239999999999
2024-06-30 04:09:00,,66.64410401175067,,50.87137096774193
2024-06-30 04:10:00,,66.64410401175067,,50.915040650406496
2024-06-30 04:11:00,,66.64410401175067,,50.96352459016393
2024-06-30 04:12:00,,66.64410401175067,,51.01280991735537
2024-06-30 04:13:00,,66.64410401175067,,51.07124999999999
2024-06-30 04:14:00,,66.64410401175067,,51.13067226890756
2024-06-30 04:15:00,,66.64410401175067,,51.19110169491525
2024-06-30 04:16:00,,66.64410401175067,,51.252564102564094
2024-06-30 04:17:00,,66.64410401175067,,51.315086206896545
2024-06-30 04:18:00,,66.64410401175067,,51.37869565217391
2024-06-30 04:19:00,,66.64410401175067,,51.44780701754385
2024-06-30 04:20:00,,66.64410401175067,,51.52256637168141
2024-06-30 04:21:00,,66.64410401175067,,51.60312499999999
2024-06-30 04:22:00,,66.64410401175067,,51.68963963963963
2024-06-30 04:23:00,,66.64410401175067,,51.77772727272727
2024-06-30 04:24:00,,66.64410401175067,,51.86743119266055
2024-06-30 04:25:00,,66.64410401175067,,51.95879629629629
2024-06-30 04:26:00,,66.64410401175067,,52.06121495327102
2024-06-30 04:27:00,,66.64410401175067,,52.16556603773584
2024-06-30 04:28:00,,66.64410401175067,,52.27428571428571
2024-06-30 04:29:00,,66.64410401175067,,52.39230769230768
2024-06-30 04:30:00,,66.64410401175067,,52.512621359223296
2024-06-30 04:31:00,100.0,66.65328790381791,,53.09514563106796
2024-06-30 04:32:00,99.5,66.66232911276263,,53.672815533980575
2024-06-30 04:33:00,99.0,66.67122775637498,,54.245631067961156
2024-06-30 04:34:00,99.0,66.6801215038973,,54.82330097087378
2024-06-30 04:35:00,99.0,66.68901035936928,,55.40582524271844
2024-06-30 04:36:00,99.0,66.69789432682614,,55.9883495145631
2024-06-30 04:37:00,99.0,66.7067734102987,,56.57087378640776
2024-06-30 04:38:00,99.0,66.71564761381332,,57.15582524271844
2024-06-30 04:39:00,98.8,66.724461996337,,57.74611650485436
2024-06-30 04:40:00,98.0,66.73305181726631,99.03,58.328640776699025
2024-06-30 04:41:00,98.0,66.74163692110562,98.93636363636364,58.91116504854369
2024-06-30 04:42:00,98.0,66.7502173117394,98.85833333333333,59.49368932038834
2024-06-30 04:43:00,98.0,66.75879299304793,98.79230769230769,60.076213592233
2024-06-30 04:44:00,98.0,66.76736396890718,98.73571428571428,60.668446601941746
2024-06-30 04:45:00,98.0,66.77593024318888,98.68666666666667,61.26067961165048
2024-06-30 04:46:00,97.5,66.78435472077507,98.6125,61.85
2024-06-30 04:47:00,97.0,66.79263751827484,98.51764705882353,62.44223300970874
2024-06-30 04:48:00,97.0,66.80091577601169,98.43333333333334,63.03446601941748
2024-06-30 04:49:00,97.0,66.80918949771689,98.3578947368421,63.626699029126215
2024-06-30 04:50:00,97.0,66.81745868711768,98.28999999999999,64.21893203883495
2024-06-30 04:51:00,96.5,66.82558643665571,98.20476190476191,64.80631067961166
2024-06-30 04:52:00,96.0,66.83357286248746,98.10454545454546,65.38883495145632
2024-06-30 04:53:00,96.0,66.84155491698594,98.01304347826088,65.97135922330098
2024-06-30 04:54:00,96.0,66.84953260373916,97.92916666666667,66.55388349514563
2024-06-30 04:55:00,96.0,66.85750592633114,97.852,67.14611650485438
2024-06-30 04:56:00,96.0,66.86547488834199,97.78076923076924,67.73834951456311
2024-06-30 04:57:00,96.0,66.87343949334792,97.71481481481482,68.33058252427185
2024-06-30 04:58:00,96.0,66.8813997449212,97.65357142857144,68.92281553398058
2024-06-30 04:59:00,96.0,66.88935564663024,97.59655172413794,69.51504854368932
2024-06-30 05:00:00,95.2,66.89708868250933,97.51666666666667,70.0995145631068
2024-06-30 05:01:00,95.0,66.90476288002912,97.43548387096774,70.68203883495146
2024-06-30 05:02:00,95.0,66.91243288743289,97.359375,71.26456310679612
2024-06-30 05:03:00,95.0,66.92009870815139,97.28787878787878,71.84708737864078
2024-06-30 05:04:00,95.0,66.92776034561165,97.22058823529412,72.43446601941747
2024-06-30 05:05:00,95.0,66.93541780323696,97.15714285714286,73.02669902912622
2024-06-30 05:06:00,95.0,66.94307108444687,97.09722222222223,73.61893203883496
2024-06-30 05:07:00,94.0,66.950447564522,97.01351351351352,74.20145631067962
2024-06-30 05:08:00,94.0,66.95782002362134,96.9342105263158,74.78398058252426
2024-06-30 05:09:00,94.0,66.96518846503179,96.85897435897436,75.36650485436893
2024-06-30 05:10:00,94.0,66.97255289203669,96.7875,75.94902912621359
2024-06-30 05:11:00,94.0,66.97991330791577,96.71951219512195,76.53155339805825
2024-06-30 05:12:00,94.0,66.98726971594519,96.6547619047619,77.11407766990291
2024-06-30 05:13:00,94.0,66.99462211939758,96.59302325581395,77.69660194174757
2024-06-30 05:14:00,94.0,67.00197052154195,96.5340909090909,78.27912621359224
2024-06-30 05:15:00,,67.00197052154195,96.5340909090909,78.71323529411765
2024-06-30 05:16:00,,67.00197052154195,96.5340909090909,79.1559405940594
2024-06-30 05:17:00,,67.00197052154195,96.5340909090909,79.6075
2024-06-30 05:18:00,,67.00197052154195,96.5340909090909,80.06818181818181
2024-06-30 05:19:00,,67.00197052154195,96.5340909090909,80.54642857142856
2024-06-30 05:20:00,,67.00197052154195,96.5340909090909,81.03659793814433
2024-06-30 05:21:00,,67.00197052154195,96.5340909090909,81.53697916666665
2024-06-30 05:22:00,,67.00197052154195,96.5340909090909,82.0478947368421
2024-06-30 05:23:00,,67.00197052154195,96.5340909090909,82.56968085106382
2024-06-30 05:24:00,94.0,67.00931492564382,96.47777777777777,83.22393617021275
2024-06-30 05:25:00,94.0,67.0166553349651,96.42391304347827,83.88351063829786
2024-06-30 05:26:00,94.0,67.02399175276419,96.37234042553192,84.54308510638297
2024-06-30 05:27:00,94.0,67.03132418229592,96.32291666666667,85.20265957446807
2024-06-30 05:28:00,93.0,67.03838088768116,96.25510204081633,85.85159574468085
2024-06-30 05:29:00,93.0,67.04543375894232,96.19,86.50053191489361
2024-06-30 05:30:00,93.0,67.05248279920333,96.12745098039215,87.14946808510638
2024-06-30 05:31:00,93.0,67.05952801158476,95.99019607843137,87.79840425531914
2024-06-30 05:32:00,93.0,67.06656939920376,95.86274509803921,88.4473404255319
2024-06-30 05:33:00,93.0,67.07360696517414,95.74509803921569,89.09627659574467
2024-06-30 05:34:00,93.0,67.08064071260625,95.62745098039215,89.13736842105263
2024-06-30 05:35:00,93.0,67.08767064460717,95.50980392156863,89.17760416666665
2024-06-30 05:36:00,92.33333333333333,67.09451599783081,95.37908496732025,89.21013745704467
2024-06-30 05:37:00,92.0,67.10126728110599,95.24183006535947,89.23860544217688
2024-06-30 05:38:00,92.0,67.10801490514905,95.10457516339869,89.26649831649831
2024-06-30 05:39:00,92.0,67.11475887293416,94.97124183006535,89.29383333333334
2024-06-30 05:40:00,92.0,67.12149918743229,94.85359477124182,89.32062706270627
2024-06-30 05:41:00,92.0,67.12823585161117,94.7359477124183,89.3468954248366
2024-06-30 05:42:00,92.0,67.13496886843531,94.61830065359476,89.37265372168285
2024-06-30 05:43:00,92.0,67.14169824086603,94.50065359477124,89.39791666666666
2024-06-30 05:44:00,92.0,67.14842397186148,94.3830065359477,89.42269841269841
2024-06-30 05:45:00,92.0,67.15514606437652,94.26535947712418,89.44701257861635
2024-06-30 05:46:00,91.25,67.16166170903192,94.14281045751633,89.4638629283489
2024-06-30 05:47:00,91.0,67.16810624493107,94.0251633986928,89.47808641975308
2024-06-30 05:48:00,91.0,67.1745472972973,93.90751633986928,89.49204892966361
2024-06-30 05:49:00,91.0,67.18098486895434,93.78986928104574,89.50575757575757
2024-06-30 05:50:00,91.0,67.18741896272286,93.67222222222222,89.51921921921922
2024-06-30 05:51:00,91.0,67.19384958142048,93.56437908496731,89.53244047619047
2024-06-30 05:52:00,90.0,67.20000674946004,93.44673202614378,89.53657817109145
2024-06-30 05:53:00,90.0,67.20616059379218,93.32908496732026,89.5406432748538
2024-06-30 05:54:00,90.0,67.21231111710739,93.21143790849672,89.54463768115941
2024-06-30 05:55:00,90.0,67.21845832209334,93.0937908496732,89.5485632183908
2024-06-30 05:56:00,90.0,67.22460221143474,92.97614379084966,89.55242165242166
2024-06-30 05:57:00,90.0,67.23074278781343,92.85849673202614,89.55621468926553
2024-06-30 05:58:00,90.0,67.23688005390837,92.7408496732026,89.55994397759103
2024-06-30 05:59:00,90.0,67.24301401239559,92.62320261437908,89.56361111111111
2024-06-30 06:00:00,89.2,67.24892914870689,92.50555555555556,89.56060606060605
2024-06-30 06:01:00,89.0,67.25478723404255,92.38790849673204,89.55601092896174
2024-06-30 06:02:00,89.0,67.2606421647819,92.2702614379085,89.55149051490514
2024-06-30 06:03:00,89.0,67.26649394347241,92.15261437908498,89.54704301075267
2024-06-30 06:04:00,89.0,67.27234257265877,92.03496732026144,89.54266666666666
2024-06-30 06:05:00,89.0,67.27818805488297,91.91732026143792,89.53835978835978
2024-06-30 06:06:00,88.4,67.28386901559978,91.78790849673203,89.52939632545932
2024-06-30 06:07:00,88.0,67.2894393654208,91.6702614379085,89.51744791666667
2024-06-30 06:08:00,88.0,67.29500672043011,91.55261437908497,89.50568475452197
2024-06-30 06:09:00,88.0,67.30057108304219,91.43496732026144,89.49410256410256
2024-06-30 06:10:00,88.0,67.30613245566899,91.31732026143791,89.48269720101781
2024-06-30 06:11:00,88.0,67.31169084071985,91.19967320261438,89.47146464646465
2024-06-30 06:12:00,88.0,67.3172462406015,91.08202614379086,89.46040100250627
2024-06-30 06:13:00,88.0,67.32279865771812,90.96437908496732,89.44950248756219
2024-06-30 06:14:00,88.0,67.32834809447128,90.8467320261438,89.43876543209876
2024-06-30 06:15:00,88.0,67.33389455326,90.79198717948718,89.42818627450981
2024-06-30 06:16:00,87.5,67.339303916309,90.72987421383648,89.41411192214112
2024-06-30 06:17:00,87.0,67.34457629391257,90.6608024691358,89.39661835748792
2024-06-30 06:18:00,87.0,67.34984584450402,90.59424242424242,89.37937649880097
2024-06-30 06:19:00,87.0,67.35511257035647,90.53005952380953,89.36238095238096
2024-06-30 06:20:00,87.0,67.36037647374062,90.46812865497076,89.34562647754137
2024-06-30 06:21:00,87.0,67.36563755692472,90.40833333333333,89.32910798122066
2024-06-30 06:22:00,86.66666666666667,67.37080655240136,90.34491525423729,89.3104895104895
2024-06-30 06:23:00,86.0,67.37579428826417,90.27250000000001,89.2875
2024-06-30 06:24:00,86.0,67.38077935403284,90.13916666666667,89.26482758620689
2024-06-30 06:25:00,86.0,67.38576175185086,90.00583333333334,89.24246575342465
2024-06-30 06:26:00,86.0,67.39074148385946,89.8725,89.37945205479451
2024-06-30 06:27:00,85.25,67.39551796380493,89.72666666666667,89.511301369863
2024-06-30 06:28:00,85.0,67.40022504456329,89.59333333333333,89.63801369863013
2024-06-30 06:29:00,85.0,67.404929608839,89.46000000000001,89.761301369863
2024-06-30 06:30:00,85.0,67.40963165864956,89.32666666666667,89.87945205479451
2024-06-30 06:31:00,85.0,67.41433119601034,89.19333333333334,89.9958904109589
2024-06-30 06:32:00,85.0,67.41902822293447,89.06,90.11061643835616
2024-06-30 06:33:00,85.0,67.42372274143302,88.92666666666668,90.22020547945205
2024-06-30 06:34:00,85.0,67.42841475351486,88.79333333333334,90.3263698630137
2024-06-30 06:35:00,85.0,67.43310426118673,88.66000000000001,90.42910958904109
2024-06-30 06:36:00,85.0,67.43779126645322,88.53777777777779,90.53184931506848
2024-06-30 06:37:00,85.0,67.4424757713168,88.42111111111112,90.6277397260274
2024-06-30 06:38:00,85.0,67.44715777777778,88.30444444444446,90.7236301369863
2024-06-30 06:39:00,85.0,67.45183728783435,88.18777777777778,90.81267123287671
2024-06-30 06:40:00,85.0,67.45651430348259,88.07111111111112,90.90171232876712
2024-06-30 06:41:00,85.0,67.46118882671641,87.95444444444446,90.98561643835616
2024-06-30 06:42:00,84.25,67.46566107263364,87.82527777777779,91.06267123287671
2024-06-30 06:43:00,84.0,67.47006435863294,87.69194444444446,91.13116438356164
2024-06-30 06:44:00,84.0,67.4744652999645,87.55861111111112,91.19965753424657
2024-06-30 06:45:00,84.0,67.47886389850058,87.4252777777778,91.26472602739726
2024-06-30 06:46:00,83.75,67.4831936313642,87.3002777777778,91.32465753424657
2024-06-30 06:47:00,83.0,67.48732153941651,87.16694444444445,91.37431506849315
2024-06-30 06:48:00,83.0,67.49144725177305,87.03361111111113,91.4222602739726
2024-06-30 06:49:00,82.5,67.49543782681911,86.89194444444446,91.46678082191781
2024-06-30 06:50:00,82.0,67.49929337231968,86.74194444444446,91.50239726027398
2024-06-30 06:51:00,82.0,67.50314686863318,86.59194444444445,91.53493150684932
2024-06-30 06:52:00,82.0,67.50699831739284,86.45861111111113,91.56232876712329
2024-06-30 06:53:00,81.5,67.51071491810536,86.31694444444446,91.58630136986302
2024-06-30 06:54:00,81.0,67.51429677819083,86.16694444444445,91.60342465753425
2024-06-30 06:55:00,81.0,67.51787673657199,86.01694444444446,91.5312925170068
2024-06-30 06:56:00,81.0,67.52145479476292,85.86694444444446,91.46013513513513
2024-06-30 06:57:00,81.0,67.52503095427612,85.71694444444445,91.38993288590605
2024-06-30 06:58:00,80.5,67.52847259062777,85.55861111111112,91.31733333333334
2024-06-30 06:59:00,80.0,67.5317798108371,85.39194444444446,91.24238410596027
2024-06-30 07:00:00,80.0,67.5350852774832,85.23861111111111,91.16842105263159
2024-06-30 07:01:00,80.0,67.53838899196042,85.0886111111111,91.09542483660131
2024-06-30 07:02:00,80.0,67.54169095566155,84.93861111111111,91.02337662337662
2024-06-30 07:03:00,80.0,67.54499116997793,84.78861111111111,90.95225806451613
2024-06-30 07:04:00,80.0,67.54828963629944,84.6386111111111,90.88205128205128
2024-06-30 07:05:00,79.33333333333333,67.55140984908657,84.47749999999999,90.80849256900213
2024-06-30 07:06:00,79.0,67.55444017998941,84.32083333333334,90.73375527426161
2024-06-30 07:07:00,79.0,67.55746890711828,84.17083333333333,90.65995807127884
2024-06-30 07:08:00,78.5,67.56036375661375,84.0125,90.58395833333334
2024-06-30 07:09:00,78.0,67.5631248346998,83.84583333333333,90.50579710144928
2024-06-30 07:10:00,78.0,67.56588445267055,83.67916666666666,90.42860082304527
2024-06-30 07:11:00,78.0,67.56864261168384,83.5125,90.35235173824131
2024-06-30 07:12:00,78.0,67.5713993128964,83.34583333333333,90.2770325203252
2024-06-30 07:13:00,77.66666666666667,67.5740664905328,83.17361111111111,90.20060606060606
2024-06-30 07:14:00,77.0,67.57655617186124,82.99027777777778,90.1210843373494
2024-06-30 07:15:00,77.0,67.5790445383329,82.80694444444445,90.04251497005988
2024-06-30 07:16:00,77.0,67.58153159098909,82.63194444444444,89.96488095238095
2024-06-30 07:17:00,76.0,67.58375340899094,82.44861111111112,89.88224852071006
2024-06-30 07:18:00,76.0,67.58597405452946,82.26527777777778,89.80058823529411
2024-06-30 07:19:00,76.0,67.58819352853249,82.08194444444445,89.71988304093567
2024-06-30 07:20:00,76.0,67.59041183192687,81.89861111111112,89.64011627906977
2024-06-30 07:21:00,76.0,67.59262896563845,81.71527777777779,89.56127167630058
2024-06-30 07:22:00,75.2,67.5946340713407,81.52416666666666,89.47873563218391
2024-06-30 07:23:00,75.0,67.5965854194115,81.34083333333334,89.396
2024-06-30 07:24:00,74.66666666666667,67.59844792764314,81.15194444444442,89.3123106060606
2024-06-30 07:25:00,74.0,67.60013387762268,80.95194444444444,89.22580037664784
2024-06-30 07:26:00,74.0,67.60181893979288,80.75194444444443,89.14026217228465
2024-06-30 07:27:00,74.0,67.60350311485479,80.56444444444443,89.05567970204842
2024-06-30 07:28:00,74.0,67.60518640350877,80.3811111111111,88.97203703703704
2024-06-30 07:29:00,73.66666666666667,67.60678111023415,80.19222222222221,88.88747697974217
2024-06-30 07:30:00,73.0,67.60819963177275,79.99222222222221,88.80018315018314
2024-06-30 07:31:00,73.0,67.60961740731001,79.79222222222221,88.71384335154826
2024-06-30 07:32:00,73.0,67.61103443743428,79.59222222222222,88.6284420289855
2024-06-30 07:33:00,72.0,67.61218791064388,79.37555555555555,88.53855855855856
2024-06-30 07:34:00,72.0,67.61334077771939,79.15888888888888,88.44964157706094
2024-06-30 07:35:00,72.0,67.61449303913842,78.94222222222221,88.36167557932265
2024-06-30 07:36:00,72.0,67.61564469537815,78.72555555555554,88.27464539007093
2024-06-30 07:37:00,71.5,67.61666447886584,78.50055555555555,88.18589065255733
2024-06-30 07:38:00,71.0,67.61755249343832,78.26722222222222,88.09543859649123
2024-06-30 07:39:00,71.0,67.61844004198373,78.03388888888888,88.00593368237348
2024-06-30 07:40:00,71.0,67.61932712486883,77.80055555555555,87.91736111111112
2024-06-30 07:41:00,70.2,67.62000393391031,77.55388888888888,87.82556131260795
2024-06-30 07:42:00,70.0,67.62062794965915,77.31638888888888,87.73367697594502
2024-06-30 07:43:00,70.0,67.62125163827,77.08305555555555,87.64273504273504
2024-06-30 07:44:00,70.0,67.621875,76.84972222222221,87.55272108843536
2024-06-30 07:45:00,69.0,67.62223604925335,76.59972222222221,87.4585448392555
2024-06-30 07:46:00,69.0,67.62259690937664,76.35388888888887,87.36531986531986
2024-06-30 07:47:00,69.0,67.62295758051846,76.12055555555554,87.27303182579564
2024-06-30 07:48:00,68.33333333333333,67.62314354275742,75.87611111111111,87.17833333333334
2024-06-30 07:49:00,68.0,67.62324217046148,75.63444444444444,87.08291873963516
2024-06-30 07:50:00,68.0,67.62334074655503,75.4011111111111,86.98844884488449
2024-06-30 07:51:00,68.0,67.62343927107855,75.16777777777777,86.89490968801314
2024-06-30 07:52:00,67.5,67.62340699093444,74.92611111111111,86.79983660130719
2024-06-30 07:53:00,67.0,67.6232440087146,74.68444444444444,86.70325203252033
2024-06-30 07:54:00,67.0,67.62308111169193,74.4511111111111,86.60760517799353
2024-06-30 07:55:00,67.0,67.62291829979966,74.21777777777778,86.51288244766506
2024-06-30 07:56:00,67.0,67.62275557297109,73.98444444444445,86.41907051282053
2024-06-30 07:57:00,66.33333333333333,67.62241882127623,73.74,86.32296650717703
2024-06-30 07:58:00,66.0,67.6219952132289,73.49833333333332,86.22619047619048
2024-06-30 07:59:00,66.0,67.62157182632907,73.265,86.1303317535545
2024-06-30 08:00:00,66.0,67.62114866040362,73.03166666666667,86.03537735849056
2024-06-30 08:01:00,66.0,67.62072571527959,72.79833333333333,85.94131455399061
2024-06-30 08:02:00,66.0,67.62030299078421,72.565,85.84813084112149
2024-06-30 08:03:00,66.0,67.61988048674489,72.33166666666666,85.75581395348837
2024-06-30 08:04:00,65.0,67.61919751477234,72.08166666666666,85.65972222222223
2024-06-30 08:05:00,65.0,67.61851489879245,71.84277777777778,85.56451612903226
2024-06-30 08:06:00,65.0,67.617832638527,71.60944444444445,85.40322580645162
2024-06-30 08:07:00,64.66666666666667,67.61706390553096,71.37055555555555,85.30810397553518
2024-06-30 08:08:00,64.0,67.61612196180555,71.1288888888889,85.21080669710807
2024-06-30 08:09:00,64.0,67.61518050854812,70.89555555555556,85.11439393939395
2024-06-30 08:10:00,64.0,67.61423954537567,70.66222222222223,85.0188536953243
2024-06-30 08:11:00,64.0,67.61329907190563,70.42888888888889,84.92417417417418
2024-06-30 08:12:00,63.2,67.61215097121054,70.18222222222222,84.82675635276533
2024-06-30 08:13:00,63.0,67.6109514521023,69.93777777777777,84.72931547619048
2024-06-30 08:14:00,63.0,67.60975255676894,69.70444444444443,84.63274074074074
2024-06-30 08:15:00,62.666666666666664,67.60846763711983,69.46555555555555,84.53554572271386
2024-06-30 08:16:00,62.0,67.60701013513513,69.21555555555555,84.43627019089574
2024-06-30 08:17:00,62.0,67.60555339049104,68.98222222222222,84.33786549707602
2024-06-30 08:18:00,62.0,67.6040974025974,68.74888888888889,84.24032023289665
2024-06-30 08:19:00,62.0,67.60264217086471,68.51555555555555,84.1436231884058
2024-06-30 08:20:00,61.4,67.60103193146418,68.27222222222221,84.04516594516595
2024-06-30 08:21:00,61.0,67.5993187126914,68.02222222222223,83.94583333333334
2024-06-30 08:22:00,61.0,67.59760638297873,67.78555555555555,83.84735336194564
2024-06-30 08:23:00,60.5,67.59576523994812,67.54388888888889,83.74757834757835
2024-06-30 08:24:00,60.0,67.59379538381742,67.29944444444445,83.64652482269504
2024-06-30 08:25:00,60.0,67.59182654913144,67.06611111111111,83.54632768361583
2024-06-30 08:26:00,60.0,67.5898587350959,66.83277777777778,83.44697609001408
2024-06-30 08:27:00,59.666666666666664,67.58780556275374,66.59388888888888,83.34705882352941
2024-06-30 08:28:00,59.0,67.58558074265976,66.34388888888888,83.24518828451882
2024-06-30 08:29:00,59.0,67.58335707502374,66.09944444444444,83.14416666666666
2024-06-30 08:30:00,58.0,67.58087562575523,65.84944444444444,83.03983402489627
2024-06-30 08:31:00,58.0,67.57839546121322,65.59944444444444,82.93636363636364
2024-06-30 08:32:00,58.0,67.57591658040027,65.34944444444444,82.83374485596707
2024-06-30 08:33:00,57.666666666666664,67.57335273824924,65.11055555555556,82.73060109289618
2024-06-30 08:34:00,57.0,67.5706177789274,64.86055555555556,82.62557823129252
2024-06-30 08:35:00,57.0,67.56788423411774,64.61055555555556,82.52140921409215
2024-06-30 08:36:00,56.25,67.56495820406757,64.34805555555556,82.41504723346829
2024-06-30 08:37:00,56.0,67.56196907038856,64.08972222222222,82.30853494623656
2024-06-30 08:38:00,56.0,67.55898148148148,63.83972222222223,82.2028781793842
2024-06-30 08:39:00,56.0,67.55599543614915,63.58972222222223,82.09806666666667
2024-06-30 08:40:00,55.4,67.55285597451791,63.32972222222222,81.99169986719788
2024-06-30 08:41:00,55.0,67.54961485497891,63.076388888888886,81.88458994708995
2024-06-30 08:42:00,54.75,67.54631087592497,62.822222222222216,81.77733860342556
2024-06-30 08:43:00,54.0,67.54281505376343,62.55555555555555,81.66797900262468
2024-06-30 08:44:00,54.0,67.53932103543171,62.288888888888884,81.559477124183
2024-06-30 08:45:00,54.0,67.535828819534,62.038888888888884,81.45182291666667
2024-06-30 08:46:00,54.0,67.53233840467595,61.788888888888884,81.34500648508431
2024-06-30 08:47:00,53.0,67.52859199106298,61.52222222222222,81.23514211886305
2024-06-30 08:48:00,53.0,67.52484750859107,61.266666666666666,81.12612612612612
2024-06-30 08:49:00,52.333333333333336,67.520933178734,61.00555555555556,81.01538461538462
2024-06-30 08:50:00,52.0,67.51693499914134,60.738888888888894,80.90421455938697
2024-06-30 08:51:00,51.83333333333333,67.51289595673448,60.46944444444445,80.79325699745547
2024-06-30 08:52:00,51.666666666666664,67.50881608307586,60.205555555555556,80.68250950570342
2024-06-30 08:53:00,51.0,67.5045667095667,59.93888888888889,80.57007575757575
2024-06-30 08:54:00,51.0,67.50031952307428,59.672222222222224,80.45849056603774
2024-06-30 08:55:00,50.0,67.49581725409485,59.38888888888889,80.26981132075471
2024-06-30 08:56:00,50.0,67.49131730109738,59.10555555555556,80.0811320754717
2024-06-30 08:57:00,50.0,67.48681966229536,58.833333333333336,79.89245283018867
2024-06-30 08:58:00,49.25,67.48213153384746,58.55416666666667,79.70094339622642
2024-06-30 08:59:00,49.0,67.47738156429367,58.270833333333336,79.50849056603774
2024-06-30 09:00:00,49.0,67.47263403562863,57.9875,79.31603773584905
2024-06-30 09:01:00,48.75,67.46782472814452,57.7,79.12264150943396
2024-06-30 09:02:00,48.5,67.46295368943673,57.40833333333333,78.92830188679245
2024-06-30 09:03:00,48.25,67.45802096705177,57.1125,78.73301886792453
2024-06-30 09:04:00,48.0,67.45302660848733,56.829166666666666,78.53679245283018
2024-06-30 09:05:00,47.2,67.44782952698657,56.5325,78.41898496240601
2024-06-30 09:06:00,47.0,67.44258380365999,56.232499999999995,78.30131086142322
2024-06-30 09:07:00,46.666666666666664,67.4372552791314,55.932500000000005,78.18327114427862
2024-06-30 09:08:00,46.33333333333333,67.43184401709401,55.63805555555555,78.06486988847584
2024-06-30 09:09:00,46.0,67.42635008117577,55.338055555555556,77.94611111111111
2024-06-30 09:10:00,45.8,67.42080770545019,55.03472222222222,77.82749077490774
2024-06-30 09:11:00,45.0,67.41506319924844,54.71805555555556,77.70680147058823
2024-06-30 09:12:00,45.0,67.40932163592896,54.41472222222222,77.58699633699634
2024-06-30 09:13:00,44.2,67.40337814767392,54.101388888888884,77.46514598540146
2024-06-30 09:14:00,44.0,67.39738649940263,53.784722222222214,77.34345454545455
2024-06-30 09:15:00,44.0,67.39139791826635,53.47361111111111,77.22264492753624
2024-06-30 09:16:00,44.0,67.38541240191061,53.17361111111111,77.10270758122743
2024-06-30 09:17:00,,67.38541240191061,53.024011299435024,77.10270758122743
2024-06-30 09:18:00,,67.38541240191061,52.86925287356321,77.10270758122743
2024-06-30 09:19:00,,67.38541240191061,52.70906432748538,77.10270758122743
2024-06-30 09:20:00,,67.38541240191061,52.553869047619045,77.10270758122743
2024-06-30 09:21:00,,67.38541240191061,52.40030303030303,77.10270758122743
2024-06-30 09:22:00,,67.38541240191061,52.24104938271604,77.10270758122743
2024-06-30 09:23:00,,67.38541240191061,52.08522012578616,77.10270758122743
2024-06-30 09:24:00,,67.38541240191061,51.933012820512815,77.10270758122743
2024-06-30 09:25:00,,67.38541240191061,51.774836601307186,77.10270758122743
2024-06-30 09:26:00,,67.38541240191061,51.61033333333333,77.10270758122743
2024-06-30 09:27:00,,67.38541240191061,51.445918367346934,77.10270758122743
2024-06-30 09:28:00,,67.38541240191061,51.28854166666667,77.10270758122743
2024-06-30 09:29:00,,67.38541240191061,51.12446808510638,77.10270758122743
2024-06-30 09:30:00,,67.38541240191061,50.975,77.10270758122743
2024-06-30 09:31:00,,67.38541240191061,50.818888888888885,77.10270758122743
2024-06-30 09:32:00,,67.38541240191061,50.65568181818182,77.10270758122743
2024-06-30 09:33:00,,67.38541240191061,50.49263565891472,77.10270758122743
2024-06-30 09:34:00,,67.38541240191061,50.3376984126984,77.10270758122743
2024-06-30 09:35:00,,67.38541240191061,50.17520325203251,77.10270758122743
2024-06-30 09:36:00,,67.38541240191061,50.023333333333326,77.10270758122743
2024-06-30 09:37:00,,67.38541240191061,49.87008547008546,77.10270758122743
2024-06-30 09:38:00,,67.38541240191061,49.70877192982456,77.10270758122743
2024-06-30 09:39:00,,67.38541240191061,49.538738738738736,77.10270758122743
2024-06-30 09:40:00,,67.38541240191061,49.37592592592592,77.10270758122743
2024-06-30 09:41:00,,67.38541240191061,49.215238095238085,77.10270758122743
2024-06-30 09:42:00,,67.38541240191061,49.05245098039215,77.10270758122743
2024-06-30 09:43:00,,67.38541240191061,48.902525252525244,77.10270758122743
2024-06-30 09:44:00,,67.38541240191061,48.74322916666666,77.10270758122743
2024-06-30 09:45:00,,67.38541240191061,48.573655913978484,77.10270758122743
2024-06-30 09:46:00,,67.38541240191061,48.392777777777766,77.10270758122743
2024-06-30 09:47:00,,67.38541240191061,48.233908045977,77.10270758122743
2024-06-30 09:48:00,,67.38541240191061,48.063690476190466,77.10270758122743
2024-06-30 09:49:00,,67.38541240191061,47.90555555555555,77.10270758122743
2024-06-30 09:50:00,,67.38541240191061,47.748076923076916,77.10270758122743
2024-06-30 09:51:00,,67.38541240191061,47.584666666666664,77.10270758122743
2024-06-30 09:52:00,,67.38541240191061,47.414583333333326,77.10270758122743
2024-06-30 09:53:00,,67.38541240191061,47.258695652173905,77.10270758122743
2024-06-30 09:54:00,,67.38541240191061,47.088636363636354,77.10270758122743
2024-06-30 09:55:00,,67.38541240191061,46.94999999999999,77.10270758122743
2024-06-30 09:56:00,,67.38541240191061,46.79749999999999,77.10270758122743
2024-06-30 09:57:00,,67.38541240191061,46.628947368421045,77.10270758122743
2024-06-30 09:58:00,,67.38541240191061,46.48333333333332,77.10270758122743
2024-06-30 09:59:00,,67.38541240191061,46.335294117647045,77.10270758122743
2024-06-30 10:00:00,,67.38541240191061,46.16874999999999,77.10270758122743
2024-06-30 10:01:00,,67.38541240191061,45.996666666666655,77.10270758122743
2024-06-30 10:02:00,,67.38541240191061,45.81785714285713,77.10270758122743
2024-06-30 10:03:00,,67.38541240191061,45.63076923076922,77.10270758122743
2024-06-30 10:04:00,,67.38541240191061,45.433333333333316,77.10270758122743
2024-06-30 10:05:00,,67.38541240191061,45.27272727272726,77.10270758122743
2024-06-30 10:06:00,,67.38541240191061,45.09999999999998,77.10270758122743
2024-06-30 10:07:00,,67.38541240191061,,77.10270758122743
2024-06-30 10:08:00,,67.38541240191061,,77.10270758122743
2024-06-30 10:09:00,,67.38541240191061,,77.10270758122743
2024-06-30 10:10:00,,67.38541240191061,,77.10270758122743
2024-06-30 10:11:00,,67.38541240191061,,77.10270758122743
2024-06-30 10:12:00,,67.38541240191061,,77.10270758122743
2024-06-30 10:13:00,,67.38541240191061,,77.10270758122743
2024-06-30 10:14:00,,67.38541240191061,,77.10270758122743
2024-06-30 10:15:00,,67.38541240191061,,77.10270758122743
2024-06-30 10:16:00,,67.38541240191061,,77.10270758122743
2024-06-30 10:17:00,,67.38541240191061,,77.10270758122743
2024-06-30 10:18:00,,67.38541240191061,,77.10270758122743
2024-06-30 10:19:00,,67.38541240191061,,77.10270758122743
2024-06-30 10:20:00,,67.38541240191061,,77.10270758122743
2024-06-30 10:21:00,,67.38541240191061,,77.10270758122743
2024-06-30 10:22:00,,67.38541240191061,,77.10270758122743
2024-06-30 10:23:00,,67.38541240191061,,77.10270758122743
2024-06-30 10:24:00,,67.38541240191061,,77.10270758122743
2024-06-30 10:25:00,,67.38541240191061,,77.10270758122743
2024-06-30 10:26:00,,67.38541240191061,,77.10270758122743
2024-06-30 10:27:00,91.0,67.39145348341434,,77.15269784172662
2024-06-30 10:28:00,90.6,67.39738917306053,,77.20089605734766
2024-06-30 10:29:00,90.0,67.4031684138754,,77.24660714285714
2024-06-30 10:30:00,90.0,67.40894470006818,,77.29199288256227
2024-06-30 10:31:00,89.5,67.41459025470654,,77.25462633451957
2024-06-30 10:32:00,89.0,67.42010517799353,,77.21725978647686
2024-06-30 10:33:00,88.33333333333333,67.42544699872286,,77.17930011862397
2024-06-30 10:34:00,88.16666666666666,67.43074353081376,,77.14074733096085
2024-06-30 10:35:00,88.0,67.43599480895243,,77.10160142348754
2024-06-30 10:36:00,87.25,67.4410519823039,89.185,77.05978647686833
2024-06-30 10:37:00,87.0,67.44604278302289,88.98636363636363,77.0170818505338
2024-06-30 10:38:00,87.0,67.45103103741496,88.82083333333333,76.97437722419929
2024-06-30 10:39:00,86.0,67.45576171044802,88.60384615384615,76.9288256227758
2024-06-30 10:40:00,86.0,67.46048997110319,88.41785714285713,76.88612099644128
2024-06-30 10:41:00,86.0,67.46521582122526,88.25666666666666,76.84341637010677
2024-06-30 10:42:00,86.0,67.46993926265716,88.115625,76.80071174377224
2024-06-30 10:43:00,85.25,67.47446921443738,87.9470588235294,76.75533807829181
2024-06-30 10:44:00,85.0,67.47893318050603,87.78333333333333,76.70907473309609
2024-06-30 10:45:00,85.0,67.48339487310076,87.63684210526316,76.66281138790036
2024-06-30 10:46:00,84.5,67.48772700271554,87.47999999999999,76.61654804270462
2024-06-30 10:47:00,84.0,67.49192966827862,87.31428571428572,76.5702846975089
2024-06-30 10:48:00,84.0,67.49613019508058,87.16363636363636,76.52402135231317
2024-06-30 10:49:00,84.0,67.50032858475367,87.02608695652174,76.47775800711744
2024-06-30 10:50:00,84.0,67.50452483892846,86.89999999999999,76.4314946619217
2024-06-30 10:51:00,83.66666666666667,67.50863420628866,86.77066666666666,76.38582443653618
2024-06-30 10:52:00,83.0,67.51257202169123,86.62564102564102,76.33956109134046
2024-06-30 10:53:00,82.5,67.5163807708598,86.47283950617283,76.29151838671412
2024-06-30 10:54:00,82.0,67.52006055216802,86.31309523809523,76.24169632265718
2024-06-30 10:55:00,82.0,67.52373846414359,86.16436781609194,76.19187425860024
2024-06-30 10:56:00,82.0,67.5274145082106,86.02555555555554,76.1420521945433
2024-06-30 10:57:00,81.66666666666667,67.53100406194466,85.88494623655914,76.09104389086596
2024-06-30 10:58:00,81.0,67.53442258883248,85.73229166666667,76.03766310794781
2024-06-30 10:59:00,81.0,67.5378393808678,85.58888888888889,75.98428232502967
2024-06-30 11:00:00,80.0,67.54100076103501,85.42450980392157,75.93018979833927
2024-06-30 11:01:00,80.0,67.54416053766168,85.26952380952382,75.87680901542112
2024-06-30 11:02:00,80.0,67.54731871196755,85.12314814814815,75.82342823250298
2024-06-30 11:03:00,79.5,67.5503485424588,84.97117117117118,75.76826809015422
2024-06-30 11:04:00,79.0,67.5532501267106,84.8140350877193,75.71132858837485
2024-06-30 11:05:00,79.0,67.55615024068913,84.66495726495727,75.6543890865955
2024-06-30 11:06:00,78.25,67.55885891590678,84.50458333333333,75.59478054567023
2024-06-30 11:07:00,78.0,67.56150291212965,84.34593495934959,75.53784104389088
2024-06-30 11:08:00,77.66666666666667,67.56406118143461,84.18690476190476,75.4797153024911
2024-06-30 11:09:00,77.33333333333333,67.5665337889142,84.02751937984496,75.42040332147094
2024-06-30 11:10:00,77.0,67.56892079959515,83.86780303030304,75.35990510083037
2024-06-30 11:11:00,76.66666666666667,67.57122227843833,83.70777777777778,75.2982206405694
2024-06-30 11:12:00,76.33333333333333,67.5734382903389,83.54746376811595,75.23534994068802
2024-06-30 11:13:00,76.0,67.57556890012643,83.38687943262411,75.17129300118624
2024-06-30 11:14:00,75.8,67.57764787664307,83.22881944444444,75.10652431791222
2024-06-30 11:15:00,75.0,67.57952362901187,83.06088435374149,75.10614657210402
2024-06-30 11:16:00,74.0,67.58114578069731,82.87966666666667,75.10223792697292
2024-06-30 11:17:00,74.0,67.58276711290729,82.70555555555556,75.09835680751173
2024-06-30 11:18:00,74.0,67.58438762626263,82.53814102564102,75.0945029239766
2024-06-30 11:19:00,73.4,67.58585584448372,82.36572327044026,75.08857808857809
2024-06-30 11:20:00,73.0,67.58722236244321,82.19228395061728,75.08130081300813
2024-06-30 11:21:00,72.0,67.58833585667423,82.00696969696969,75.07060185185185
2024-06-30 11:22:00,72.0,67.58944878910192,81.82827380952381,75.05997693194925
2024-06-30 11:23:00,72.0,67.59056116015132,81.65584795321637,75.04942528735631
2024-06-30 11:24:00,71.5,67.59154689863843,81.48074712643678,74.97183908045976
2024-06-30 11:25:00,71.0,67.59240610032771,81.30310734463276,74.89252873563218
2024-06-30 11:26:00,70.33333333333333,67.59309685819892,81.12027777777777,74.81091954022989
2024-06-30 11:27:00,70.0,67.59370328378265,80.77027777777776,74.72816091954023
2024-06-30 11:28:00,69.66666666666667,67.59422544080604,80.42138888888888,74.64770114942529
2024-06-30 11:29:00,69.33333333333333,67.59466339293209,80.07694444444444,74.566091954023
2024-06-30 11:30:00,69.0,67.59501720375965,79.72694444444443,74.48333333333333
2024-06-30 11:31:00,69.0,67.59537083647957,79.38527777777776,74.40057471264369
2024-06-30 11:32:00,68.33333333333333,67.59555653413857,79.04083333333332,74.31551724137931
2024-06-30 11:33:00,68.0,67.59565828092242,78.70194444444445,74.22931034482758
2024-06-30 11:34:00,68.0,67.59575997652581,78.36583333333333,74.14310344827587
2024-06-30 11:35:00,68.0,67.59586162098734,78.0325,74.05689655172414
2024-06-30 11:36:00,67.0,67.59571183174124,77.695,73.96954022988506
2024-06-30 11:37:00,67.0,67.59556211778504,77.36166666666666,73.88333333333334
2024-06-30 11:38:00,66.33333333333333,67.59524497487438,77.01722222222222,73.79482758620689
2024-06-30 11:39:00,66.5,67.5949698568199,76.69222222222221,73.70689655172414
2024-06-30 11:40:00,66.0,67.59456931190357,76.35888888888888,73.61724137931034
2024-06-30 11:41:00,66.0,67.59416896811449,76.02555555555554,73.52758620689656
2024-06-30 11:42:00,65.0,67.59351782128515,75.67555555555555,73.43448275862069
2024-06-30 11:43:00,64.75,67.5928042659975,75.33388888888888,73.34051724137932
2024-06-30 11:44:00,64.5,67.59202834922228,74.99222222222221,73.24568965517241
2024-06-30 11:45:00,64.25,67.59119011788313,74.64638888888888,73.15
2024-06-30 11:46:00,64.0,67.59028961885657,74.30472222222221,73.05603448275862
2024-06-30 11:47:00,64.0,67.58938957132114,73.97138888888888,72.96293103448276
2024-06-30 11:48:00,63.5,67.58836466165414,73.62972222222221,72.86810344827586
2024-06-30 11:49:00,63.0,67.58721498371335,73.27972222222222,72.77155172413794
2024-06-30 11:50:00,63.0,67.58606588176353,72.92972222222221,72.675
2024-06-30 11:51:00,63.0,67.5849173553719,72.58527777777778,72.57844827586207
2024-06-30 11:52:00,62.0,67.58351902854282,72.23527777777778,72.48189655172413
2024-06-30 11:53:00,62.0,67.58212140175219,71.89361111111111,72.38534482758621
2024-06-30 11:54:00,62.0,67.58072447447448,71.56027777777778,72.28879310344827
2024-06-30 11:55:00,62.0,67.57932824618464,71.22694444444444,72.19224137931035
2024-06-30 11:56:00,61.8,67.57788269134568,70.89027777777778,72.09500000000001
2024-06-30 11:57:00,61.0,67.57623780945237,70.54583333333333,71.995
2024-06-30 11:58:00,61.0,67.57459375,70.2125,71.89500000000001
2024-06-30 11:59:00,60.0,67.57270057485628,69.8625,71.79155172413795
2024-06-30 12:00:00,60.0,67.57080834582709,69.52916666666667,71.69086206896553
2024-06-30 12:01:00,60.0,67.56891706220335,69.19583333333334,71.59086206896552
2024-06-30 12:02:00,59.5,67.56690184815184,68.85416666666667,71.48913793103449
2024-06-30 12:03:00,59.0,67.56476279650437,68.5125,71.38568965517243
2024-06-30 12:04:00,59.0,67.56262481278083,68.17916666666666,71.28224137931035
2024-06-30 12:05:00,58.333333333333336,67.56032152067215,67.83472222222221,71.17649425287357
2024-06-30 12:06:00,58.0,67.5579362109115,67.49722222222222,71.07166666666666
2024-06-30 12:07:00,57.8,67.55550220337574,67.16055555555555,70.96752873563219
2024-06-30 12:08:00,57.0,67.55286990856193,66.81611111111111,70.86063218390804
2024-06-30 12:09:00,56.0,67.54998961190061,66.46055555555556,70.75028735632183
2024-06-30 12:10:00,56.0,67.5471107510801,66.11055555555555,70.63994252873563
2024-06-30 12:11:00,56.0,67.54423332502701,65.76611111111112,70.52959770114943
2024-06-30 12:12:00,55.0,67.54110820461717,65.41055555555555,70.41580459770114
2024-06-30 12:13:00,54.25,67.53779784142799,65.04805555555555,70.29942528735631
2024-06-30 12:14:00,54.0,67.53442687583002,64.68472222222222,70.18218390804597
2024-06-30 12:15:00,54.0,67.53105758858187,64.33472222222223,70.06494252873563
2024-06-30 12:16:00,54.0,67.5276899784304,64.0013888888889,69.94942528735632
2024-06-30 12:17:00,53.0,67.5240752260098,63.65138888888889,69.83218390804598
2024-06-30 12:18:00,52.5,67.52033789386402,63.29305555555556,69.7132183908046
2024-06-30 12:19:00,52.0,67.51647807344774,62.93638888888889,69.59252873563219
2024-06-30 12:20:00,52.0,67.51262017238523,62.58638888888889,69.47183908045976
2024-06-30 12:21:00,51.25,67.5085777612064,62.24055555555556,69.3485632183908
2024-06-30 12:22:00,50.666666666666664,67.50439239562624,61.885,69.22442528735633
2024-06-30 12:23:00,50.0,67.50004347826086,61.51833333333333,69.10028735632184
2024-06-30 12:24:00,50.0,67.49569672131148,61.16,68.97614942528736
2024-06-30 12:25:00,49.5,67.49122796126149,60.80166666666666,68.85028735632184
2024-06-30 12:26:00,49.0,67.48663728897716,60.44611111111111,68.72270114942529
2024-06-30 12:27:00,48.333333333333336,67.48188342847688,60.085,68.59540229885057
2024-06-30 12:28:00,48.25,67.4771112489661,59.72805555555556,68.46867816091954
2024-06-30 12:29:00,48.0,67.47227941784504,59.372499999999995,68.341091954023
2024-06-30 12:30:00,47.5,67.4673259755291,59.01416666666667,68.21178160919541
2024-06-30 12:31:00,47.0,67.46225101248038,58.6475,68.08074712643679
2024-06-30 12:32:00,46.2,67.45698025119815,58.278611111111104,67.9469540229885
2024-06-30 12:33:00,46.0,67.45166253614208,57.91194444444444,67.81247126436783
2024-06-30 12:34:00,46.0,67.44634745622729,57.54527777777777,67.67798850574714
2024-06-30 12:35:00,45.6,67.44093592601767,57.17194444444444,67.54212643678161
2024-06-30 12:36:00,45.0,67.43537848770019,56.805277777777775,67.40419540229885
2024-06-30 12:37:00,44.2,67.42962573244203,56.42527777777777,67.26350574712644
2024-06-30 12:38:00,44.0,67.42382632013202,56.05305555555556,67.12212643678161
2024-06-30 12:39:00,44.0,67.41802977810774,55.67805555555556,66.98074712643678
2024-06-30 12:40:00,43.2,67.41203818241794,55.29805555555556,66.8366091954023
2024-06-30 12:41:00,43.0,67.40600008244702,54.91472222222222,66.6917816091954
2024-06-30 12:42:00,43.0,67.39996496867788,54.54805555555556,66.54954022988507
2024-06-30 12:43:00,42.6,67.39383395138032,54.17888888888889,66.4067816091954
2024-06-30 12:44:00,42.0,67.38755767012688,53.80388888888889,66.2619540229885
2024-06-30 12:45:00,42.0,67.38128449056914,53.43305555555556,66.11712643678162
2024-06-30 12:46:00,42.0,67.37501441040844,53.066388888888895,65.97316091954023
2024-06-30 12:47:00,41.333333333333336,67.36858277764057,52.68861111111111,65.8294827586207
2024-06-30 12:48:00,41.0,67.3620720164609,52.31361111111111,65.6846551724138
2024-06-30 12:49:00,41.0,67.35556446967827,51.94694444444444,65.54155172413795
2024-06-30 12:50:00,41.0,67.3490601349128,51.58027777777777,65.40017241379311
2024-06-30 12:51:00,41.0,67.34255900978698,51.21361111111111,65.25879310344828
2024-06-30 12:52:00,41.0,67.33606109192567,50.86361111111111,65.11741379310345
2024-06-30 12:53:00,41.0,67.32956637895602,50.51361111111111,64.97775862068967
2024-06-30 12:54:00,40.0,67.32282832018409,50.14694444444444,64.83637931034484
2024-06-30 12:55:00,40.0,67.31609358310739,49.780277777777776,64.69500000000001
2024-06-30 12:56:00,39.5,67.30923895186463,49.40861111111111,64.55189655172414
2024-06-30 12:57:00,39.0,67.3022645150694,49.04194444444444,64.40706896551725
2024-06-30 12:58:00,39.0,67.2952935139573,48.67527777777777,64.26396551724139
2024-06-30 12:59:00,38.666666666666664,67.28824386440122,48.319722222222225,64.12143678160919
2024-06-30 13:00:00,38.0,67.28103356310521,47.95305555555556,63.976609195402304
2024-06-30 13:01:00,38.0,67.27382681105915,47.58638888888889,63.8317816091954
2024-06-30 13:02:00,38.0,67.26662360564305,47.22805555555556,63.68695402298851
2024-06-30 13:03:00,38.0,67.25942394423944,46.878055555555555,63.54212643678161
2024-06-30 13:04:00,37.0,67.25198188227579,46.51138888888889,63.393850574712644
2024-06-30 13:05:00,36.4,67.24439595115155,46.145833333333336,63.245804597701145
2024-06-30 13:06:00,36.0,67.23671542117339,45.77916666666667,63.09752873563218
2024-06-30 13:07:00,36.0,67.22903866633898,45.41583333333333,62.94925287356322
2024-06-30 13:08:00,36.0,67.22136568386568,45.06583333333333,62.80270114942529
2024-06-30 13:09:00,36.0,67.21369647097355,44.732499999999995,62.65787356321839
2024-06-30 13:10:00,36.0,67.20603102488539,44.399166666666666,62.513045977011494
2024-06-30 13:11:00,35.5,67.19824658319011,44.0575,62.366494252873565
2024-06-30 13:12:00,35.0,67.19034323351333,43.72416666666666,62.218218390804594
2024-06-30 13:13:00,35.0,67.18244376278118,43.40333333333333,62.071091954023
2024-06-30 13:14:00,34.0,67.17430282957147,43.07,61.92281609195403
2024-06-30 13:15:00,34.0,67.16616588995176,42.736666666666665,61.77454022988506
2024-06-30 13:16:00,34.0,67.15803294098414,42.40333333333333,61.6262643678161
2024-06-30 13:17:00,34.0,67.1499039797336,42.086666666666666,61.481436781609204
2024-06-30 13:18:00,34.0,67.14177900326797,41.77833333333333,61.3366091954023
2024-06-30 13:19:00,33.25,67.13347423017234,41.46583333333333,61.18919540229886
2024-06-30 13:20:00,33.0,67.12511228156131,41.149166666666666,61.04091954022989
2024-06-30 13:21:00,33.0,67.11675442893296,40.845,60.89264367816093
2024-06-30 13:22:00,33.0,67.10840066927848,40.55055555555556,60.74712643678161
2024-06-30 13:23:00,33.0,67.100050999592,40.26722222222223,60.60229885057472
2024-06-30 13:24:00,33.0,67.09170541687061,39.9838888888889,60.45862068965517
2024-06-30 13:25:00,33.0,67.08336391811434,39.70888888888889,60.317241379310346
2024-06-30 13:26:00,32.0,67.07478188193085,39.42555555555556,60.172413793103445
2024-06-30 13:27:00,32.0,67.06620404336839,39.15333333333333,60.02758620689655
2024-06-30 13:28:00,32.0,67.057630399348,38.8825,59.88275862068966
2024-06-30 13:29:00,32.0,67.04906094679377,38.61583333333333,59.73908045977011
2024-06-30 13:30:00,32.0,67.04049568263278,38.357499999999995,59.59770114942528
2024-06-30 13:31:00,32.0,67.0319346037951,38.107499999999995,59.45632183908045
2024-06-30 13:32:00,32.0,67.02337770721381,37.87083333333333,59.31494252873563
2024-06-30 13:33:00,31.0,67.01458078958079,37.62083333333333,59.173563218390804
2024-06-30 13:34:00,31.0,67.0057881673177,37.37083333333333,59.03218390804597
2024-06-30 13:35:00,31.0,66.9969998372793,37.12749999999999,58.89080459770115
2024-06-30 13:36:00,31.0,66.9882157963234,36.89416666666666,58.74942528735632
2024-06-30 13:37:00,31.0,66.97943604131089,36.674166666666665,58.60977011494253
2024-06-30 13:38:00,31.0,66.97066056910569,36.457499999999996,58.471839080459766
2024-06-30 13:39:00,31.0,66.96188937657482,36.24083333333333,58.333908045977005
2024-06-30 13:40:00,31.0,66.95312246058833,36.0375,58.19597701149425
2024-06-30 13:41:00,31.0,66.94435981801934,35.8375,58.06080459770116
2024-06-30 13:42:00,31.0,66.93560144574398,35.6375,57.926321839080465
2024-06-30 13:43:00,30.5,66.92672553796183,35.43583333333333,57.79011494252874
2024-06-30 13:44:00,30.0,66.91773218054878,35.235833333333325,57.652183908045984
2024-06-30 13:45:00,30.0,66.90874320266212,35.03583333333333,57.51770114942529
2024-06-30 13:46:00,30.0,66.89975860110353,34.835833333333326,57.3832183908046
2024-06-30 13:47:00,30.0,66.89077837267786,34.64694444444444,57.248735632183916
2024-06-30 13:48:00,30.0,66.88180251419303,34.46361111111111,57.11655172413793
2024-06-30 13:49:00,30.0,66.87283102246006,34.280277777777776,56.985517241379306
2024-06-30 13:50:00,30.0,66.86386389429312,34.096944444444446,56.85448275862069
2024-06-30 13:51:00,30.0,66.85490112650943,33.91361111111111,56.72344827586207
2024-06-30 13:52:00,30.0,66.84594271592934,33.73027777777778,56.59413793103448
2024-06-30 13:53:00,29.5,66.83686715269339,33.53861111111111,56.4648275862069
2024-06-30 13:54:00,29.0,66.82767452218982,33.35527777777778,56.33379310344828
2024-06-30 13:55:00,29.0,66.81848635737997,33.17194444444444,56.20275862068966
2024-06-30 13:56:00,29.0,66.80930265501051,32.996944444444445,56.071724137931035
2024-06-30 13:57:00,29.0,66.80012341183135,32.83027777777777,55.94298850574713
2024-06-30 13:58:00,29.0,66.79094862459546,32.66361111111111,55.81540229885058
2024-06-30 13:59:00,29.0,66.78177829005904,32.502500000000005,55.687816091954026
2024-06-30 14:00:00,29.0,66.7726124049814,32.3525,55.560229885057474
2024-06-30 14:01:00,29.0,66.76345096612499,32.2025,55.43264367816092
2024-06-30 14:02:00,29.0,66.7542939702554,32.0525,55.30505747126437
2024-06-30 14:03:00,29.0,66.74514141414141,31.9025,55.17747126436782
2024-06-30 14:04:00,29.0,66.73599329455485,31.769166666666667,55.053333333333335
2024-06-30 14:05:00,29.0,66.72684960827073,31.645833333333332,54.92919540229885
2024-06-30 14:06:00,28.25,66.71752866602067,31.516666666666666,54.80247126436782
2024-06-30 14:07:00,28.0,66.70815169128925,31.383333333333333,54.676034482758624
2024-06-30 14:08:00,28.0,66.69877925746569,31.25,54.55189655172414
2024-06-30 14:09:00,28.0,66.68941136125231,31.116666666666667,54.42775862068966
2024-06-30 14:10:00,28.0,66.68004799935463,30.983333333333334,54.303620689655176
2024-06-30 14:11:00,28.0,66.67068916848133,30.858333333333334,54.17948275862069
2024-06-30 14:12:00,28.0,66.6613348653443,30.741666666666667,54.058103448275865
2024-06-30 14:13:00,28.0,66.6519850866586,30.625,53.93741379310345
2024-06-30 14:14:00,28.0,66.64263982914248,30.525,53.81672413793103
2024-06-30 14:15:00,27.0,66.63305736846345,30.408333333333335,53.69373563218391
2024-06-30 14:16:00,27.0,66.62347953922989,30.291666666666668,53.573045977011496
2024-06-30 14:17:00,27.0,66.61390633808487,30.175,53.45235632183908
2024-06-30 14:18:00,27.0,66.60433776167471,30.058333333333334,53.33166666666667
2024-06-30 14:19:00,27.0,66.59477380664896,29.954166666666666,53.21097701149426
2024-06-30 14:20:00,27.0,66.58521446966039,29.854166666666668,53.09235632183908
2024-06-30 14:21:00,27.0,66.57565974736502,29.754166666666666,52.975114942528734
2024-06-30 14:22:00,27.0,66.56610963642213,29.654166666666665,52.85787356321839
2024-06-30 14:23:00,27.0,66.55656413349416,29.554166666666667,52.742356321839075
2024-06-30 14:24:00,27.0,66.54702323524683,29.454166666666666,52.6285632183908
2024-06-30 14:25:00,26.5,66.53736636926291,29.345833333333335,52.513045977011494
2024-06-30 14:26:00,26.0,66.52759361941497,29.245833333333334,52.39580459770115
2024-06-30 14:27:00,26.0,66.51782558046115,29.145833333333332,52.27971264367816
2024-06-30 14:28:00,26.0,66.50806224899598,29.045833333333334,52.165919540229886
2024-06-30 14:29:00,26.0,66.49830362161728,28.945833333333333,52.05212643678161
2024-06-30 14:30:00,26.0,66.48854969492614,28.845833333333335,51.9417816091954
2024-06-30 14:31:00,26.0,66.47880046552693,28.745833333333334,51.8314367816092
2024-06-30 14:32:00,26.0,66.46905593002728,28.645833333333332,51.72109195402299
2024-06-30 14:33:00,26.0,66.4593160850381,28.5625,51.61189655172414
2024-06-30 14:34:00,26.0,66.44958092717356,28.479166666666668,51.505
2024-06-30 14:35:00,26.0,66.43985045305108,28.395833333333332,51.39810344827586
2024-06-30 14:36:00,26.0,66.43012465929132,28.3125,51.29379310344828
2024-06-30 14:37:00,26.0,66.42040354251823,28.229166666666668,51.19034482758621
2024-06-30 14:38:00,26.0,66.41068709935897,28.145833333333332,51.08689655172414
2024-06-30 14:39:00,26.0,66.40097532644396,28.0625,50.983448275862074
2024-06-30 14:40:00,26.0,66.39126822040686,27.979166666666668,50.88206896551725
2024-06-30 14:41:00,26.0,66.38156577788453,27.895833333333332,50.78206896551725
2024-06-30 14:42:00,25.666666666666668,66.37178794428434,27.806944444444447,50.681781609195404
2024-06-30 14:43:00,25.6,66.3619987995198,27.725277777777777,50.58385057471265
2024-06-30 14:44:00,25.0,66.35207033125299,27.641944444444444,50.48385057471265
2024-06-30 14:45:00,25.0,66.34214662826973,27.558611111111112,50.383850574712646
2024-06-30 14:46:00,25.0,66.3322276871401,27.475277777777777,50.283850574712645
2024-06-30 14:47:00,25.0,66.3223135044375,27.391944444444444,50.18729885057471
2024-06-30 14:48:00,25.0,66.3124040767386,27.308611111111112,50.09074712643678
2024-06-30 14:49:00,25.0,66.30249940062335,27.225277777777777,49.99649425287356
2024-06-30 14:50:00,25.0,66.29259947267496,27.141944444444444,49.9033908045977
2024-06-30 14:51:00,25.0,66.28270428947998,27.058611111111112,49.81086206896551
2024-06-30 14:52:00,,66.28270428947998,27.00875706214689,49.80444059976932
2024-06-30 14:53:00,,66.28270428947998,26.965804597701148,49.80028935185185
2024-06-30 14:54:00,,66.28270428947998,26.93011695906433,49.79610917537747
2024-06-30 14:55:00,,66.28270428947998,26.89315476190476,49.795396270396274
2024-06-30 14:56:00,,66.28270428947998,26.854848484848485,49.7946783625731
2024-06-30 14:57:00,,66.28270428947998,26.815123456790122,49.79395539906103
2024-06-30 14:58:00,,66.28270428947998,26.77389937106918,49.79587750294464
2024-06-30 14:59:00,,66.28270428947998,26.73108974358974,49.79869976359338
2024-06-30 15:00:00,,66.28270428947998,26.68660130718954,49.80154211150653
2024-06-30 15:01:00,,66.28270428947998,26.640333333333334,49.80529761904762
2024-06-30 15:02:00,,66.28270428947998,26.5921768707483,49.809976105137395
2024-06-30 15:03:00,,66.28270428947998,26.54201388888889,49.81558752997602
2024-06-30 15:04:00,,66.28270428947998,26.489716312056736,49.82214199759326
2024-06-30 15:05:00,,66.28270428947998,26.435144927536232,49.831642512077295
2024-06-30 15:06:00,,66.28270428947998,26.394814814814815,49.84193939393939
2024-06-30 15:07:00,,66.28270428947998,26.358333333333334,49.85352798053528
2024-06-30 15:08:00,,66.28270428947998,26.32015503875969,49.86642246642246
2024-06-30 15:09:00,,66.28270428947998,26.28015873015873,49.880637254901956
2024-06-30 15:10:00,,66.28270428947998,26.23821138211382,49.89569495694957
2024-06-30 15:11:00,,66.28270428947998,26.194166666666668,49.91382716049383
2024-06-30 15:12:00,,66.28270428947998,26.14786324786325,49.93209417596035
2024-06-30 15:13:00,,66.28270428947998,26.099122807017544,49.95348258706468
2024-06-30 15:14:00,,66.28270428947998,26.047747747747746,49.97578027465668
2024-06-30 15:15:00,,66.28270428947998,26.021296296296295,49.998245614035085
2024-06-30 15:16:00,,66.28270428947998,25.993333333333332,50.02088050314465
2024-06-30 15:17:00,,66.28270428947998,25.96372549019608,50.02088050314465
2024-06-30 15:18:00,,66.28270428947998,25.93232323232323,50.02088050314465
2024-06-30 15:19:00,,66.28270428947998,25.898958333333333,50.02088050314465
2024-06-30 15:20:00,,66.28270428947998,25.863440860215054,50.02088050314465
2024-06-30 15:21:00,,66.28270428947998,25.825555555555557,50.02088050314465
2024-06-30 15:22:00,,66.28270428947998,25.785057471264366,50.02088050314465
2024-06-30 15:23:00,,66.28270428947998,25.741666666666667,50.02088050314465
2024-06-30 15:24:00,,66.28270428947998,25.69506172839506,50.02088050314465
2024-06-30 15:25:00,,66.28270428947998,25.664102564102564,50.02088050314465
2024-06-30 15:26:00,,66.28270428947998,25.650666666666666,50.02088050314465
2024-06-30 15:27:00,,66.28270428947998,25.63611111111111,50.02088050314465
2024-06-30 15:28:00,,66.28270428947998,25.620289855072464,50.02088050314465
2024-06-30 15:29:00,,66.28270428947998,25.6030303030303,50.02088050314465
2024-06-30 15:30:00,,66.28270428947998,25.584126984126982,50.02088050314465
2024-06-30 15:31:00,,66.28270428947998,25.563333333333333,50.02088050314465
2024-06-30 15:32:00,,66.28270428947998,25.54035087719298,50.02088050314465
2024-06-30 15:33:00,,66.28270428947998,25.514814814814812,50.02088050314465
2024-06-30 15:34:00,,66.28270428947998,25.48627450980392,50.02088050314465
2024-06-30 15:35:00,,66.28270428947998,25.454166666666666,50.02088050314465
2024-06-30 15:36:00,,66.28270428947998,25.417777777777776,50.02088050314465
2024-06-30 15:37:00,,66.28270428947998,25.376190476190477,50.02088050314465
2024-06-30 15:38:00,,66.28270428947998,25.328205128205127,50.02088050314465
2024-06-30 15:39:00,,66.28270428947998,25.272222222222222,50.02088050314465
2024-06-30 15:40:00,,66.28270428947998,25.206060606060603,50.02088050314465
2024-06-30 15:41:00,,66.28270428947998,25.126666666666665,50.02088050314465
2024-06-30 15:42:00,,66.28270428947998,,50.02088050314465
2024-06-30 15:43:00,,66.28270428947998,,50.02088050314465
2024-06-30 15:44:00,,66.28270428947998,,50.02088050314465
2024-06-30 15:45:00,,66.28270428947998,,50.02088050314465
2024-06-30 15:46:00,,66.28270428947998,,50.02088050314465
2024-06-30 15:47:00,,66.28270428947998,,50.02088050314465
2024-06-30 15:48:00,,66.28270428947998,,50.02088050314465
2024-06-30 15:49:00,,66.28270428947998,,50.02088050314465
2024-06-30 15:50:00,,66.28270428947998,,50.02088050314465
2024-06-30 15:51:00,,66.28270428947998,,50.02088050314465
2024-06-30 15:52:00,,66.28270428947998,,50.02088050314465
2024-06-30 15:53:00,,66.28270428947998,,50.02088050314465
2024-06-30 15:54:00,,66.28270428947998,,50.02088050314465
2024-06-30 15:55:00,,66.28270428947998,,50.02088050314465
2024-06-30 15:56:00,,66.28270428947998,,50.02088050314465
2024-06-30 15:57:00,,66.28270428947998,,50.02088050314465
2024-06-30 15:58:00,,66.28270428947998,,50.02088050314465
2024-06-30 15:59:00,,66.28270428947998,,50.02088050314465
2024-06-30 16:00:00,,66.28270428947998,,50.02088050314465
2024-06-30 16:01:00,,66.28270428947998,,50.02088050314465
2024-06-30 16:02:00,,66.28270428947998,,50.02088050314465
2024-06-30 16:03:00,,66.28270428947998,,50.02088050314465
2024-06-30 16:04:00,,66.28270428947998,,50.02088050314465
2024-06-30 16:05:00,,66.28270428947998,,50.02088050314465
2024-06-30 16:06:00,,66.28270428947998,,50.02088050314465
2024-06-30 16:07:00,,66.28270428947998,,50.02088050314465
2024-06-30 16:08:00,,66.28270428947998,,50.02088050314465
2024-06-30 16:09:00,,66.28270428947998,,50.02088050314465
2024-06-30 16:10:00,,66.28270428947998,,50.02088050314465
2024-06-30 16:11:00,,66.28270428947998,,50.02088050314465
2024-06-30 16:12:00,,66.28270428947998,,50.02088050314465
2024-06-30 16:13:00,,66.28270428947998,,50.02088050314465
2024-06-30 16:14:00,,66.28270428947998,,50.02088050314465
2024-06-30 16:15:00,,66.28270428947998,,50.02088050314465
2024-06-30 16:16:00,,66.28270428947998,,50.02088050314465
2024-06-30 16:17:00,,66.28270428947998,,50.02088050314465
2024-06-30 16:18:00,,66.28270428947998,,50.02088050314465
2024-06-30 16:19:00,,66.28270428947998,,50.02088050314465
2024-06-30 16:20:00,,66.28270428947998,,50.02088050314465
2024-06-30 16:21:00,,66.28270428947998,,50.02088050314465
2024-06-30 16:22:00,,66.28270428947998,,50.02088050314465
2024-06-30 16:23:00,,66.28270428947998,,50.02088050314465
2024-06-30 16:24:00,,66.28270428947998,,50.02088050314465
2024-06-30 16:25:00,,66.28270428947998,,50.02088050314465
2024-06-30 16:26:00,,66.28270428947998,,50.02088050314465
2024-06-30 16:27:00,,66.28270428947998,,49.865656565656565
2024-06-30 16:28:00,,66.28270428947998,,49.71077313054499
2024-06-30 16:29:00,,66.28270428947998,,49.556997455470736
2024-06-30 16:30:00,,66.28270428947998,,49.40204342273307
2024-06-30 16:31:00,,66.28270428947998,,49.24782051282051
2024-06-30 16:32:00,,66.28270428947998,,49.09433719433719
2024-06-30 16:33:00,,66.28270428947998,,48.94224806201551
2024-06-30 16:34:00,,66.28270428947998,,48.789623865110244
2024-06-30 16:35:00,,66.28270428947998,,48.63645833333333
2024-06-30 16:36:00,,66.28270428947998,,48.48503267973856
2024-06-30 16:37:00,,66.28270428947998,,48.33339895013123
2024-06-30 16:38:00,,66.28270428947998,,48.180566534914355
2024-06-30 16:39:00,,66.28270428947998,,48.030489417989415
2024-06-30 16:40:00,,66.28270428947998,,47.87921646746348
2024-06-30 16:41:00,100.0,66.29078222328701,,47.93499335989375
2024-06-30 16:42:00,,66.29078222328701,,47.78273333333333
2024-06-30 16:43:00,,66.29078222328701,,47.63226238286479
2024-06-30 16:44:00,,66.29078222328701,,47.48158602150537
2024-06-30 16:45:00,,66.29078222328701,,47.329689608636976
2024-06-30 16:46:00,,66.29078222328701,,47.17859078590786
2024-06-30 16:47:00,,66.29078222328701,,47.028299319727886
2024-06-30 16:48:00,,66.29078222328701,,46.87677595628415
2024-06-30 16:49:00,,66.29078222328701,,46.724005486968444
2024-06-30 16:50:00,,66.29078222328701,,46.56997245179063
2024-06-30 16:51:00,,66.29078222328701,,46.41604426002766
2024-06-30 16:52:00,,66.29078222328701,,46.26361111111111
2024-06-30 16:53:00,100.0,66.29885628742514,,46.336527777777775
2024-06-30 16:54:00,100.0,66.30692648467432,,46.41152777777778
2024-06-30 16:55:00,100.0,66.31499281781183,,46.48652777777777
2024-06-30 16:56:00,100.0,66.32305528961226,,46.561527777777776
2024-06-30 16:57:00,100.0,66.33111390284756,,46.63791666666667
2024-06-30 16:58:00,100.0,66.33916866028707,,46.717083333333335
2024-06-30 16:59:00,,66.33916866028707,,46.57364016736402
2024-06-30 17:00:00,,66.33916866028707,,46.43319327731093
2024-06-30 17:01:00,,66.33916866028707,,46.2915611814346
2024-06-30 17:02:00,,66.33916866028707,,46.14872881355932
2024-06-30 17:03:00,,66.33916866028707,,46.0068085106383
2024-06-30 17:04:00,,66.33916866028707,,45.865811965811965
2024-06-30 17:05:00,,66.33916866028707,,45.723605150214595
2024-06-30 17:06:00,,66.33916866028707,,45.5834051724138
2024-06-30 17:07:00,,66.33916866028707,,45.44307359307359
2024-06-30 17:08:00,,66.33916866028707,,45.30297101449275
2024-06-30 17:09:00,,66.33916866028707,,45.163100436681226
2024-06-30 17:10:00,,66.33916866028707,,45.0234649122807
2024-06-30 17:11:00,,66.33916866028707,,44.88406754772393
2024-06-30 17:12:00,,66.33916866028707,,44.74491150442478
2024-06-30 17:13:00,,66.33916866028707,,44.606
2024-06-30 17:14:00,,66.33916866028707,,44.466741071428565
2024-06-30 17:15:00,,66.33916866028707,,44.32982062780269
2024-06-30 17:16:00,,66.33916866028707,,44.196171171171166
2024-06-30 17:17:00,,66.33916866028707,,44.06131221719457
2024-06-30 17:18:00,100.0,66.34721956469744,,44.1789592760181
2024-06-30 17:19:00,,66.34721956469744,,44.046136363636364
2024-06-30 17:20:00,,66.34721956469744,,43.913926940639264
2024-06-30 17:21:00,,66.34721956469744,,43.78509174311927
2024-06-30 17:22:00,,66.34721956469744,,43.65506912442396
2024-06-30 17:23:00,,66.34721956469744,,43.523842592592594
2024-06-30 17:24:00,,66.34721956469744,,43.393720930232554
2024-06-30 17:25:00,,66.34721956469744,,43.26471962616822
2024-06-30 17:26:00,,66.34721956469744,,43.13763693270736
2024-06-30 17:27:00,,66.34721956469744,,43.01092767295598
2024-06-30 17:28:00,,66.34721956469744,,42.8845971563981
2024-06-30 17:29:00,,66.34721956469744,,42.758650793650794
2024-06-30 17:30:00,,66.34721956469744,,42.633094098883575
2024-06-30 17:31:00,,66.34721956469744,,42.506330128205136
2024-06-30 17:32:00,,66.34721956469744,,42.38156199677939
2024-06-30 17:33:00,,66.34721956469744,,42.25720064724919
2024-06-30 17:34:00,,66.34721956469744,,42.131626016260164
2024-06-30 17:35:00,,66.34721956469744,,42.00482026143791
2024-06-30 17:36:00,,66.34721956469744,,41.88169129720854
2024-06-30 17:37:00,,66.34721956469744,,41.757343234323436
2024-06-30 17:38:00,,66.34721956469744,,41.635074626865666
2024-06-30 17:39:00,,66.34721956469744,,41.51075
2024-06-30 17:40:00,,66.34721956469744,,41.38768844221105
2024-06-30 17:41:00,,66.34721956469744,,41.26338383838384
2024-06-30 17:42:00,,66.34721956469744,,41.14289340101523
2024-06-30 17:43:00,,66.34721956469744,,41.022448979591836
2024-06-30 17:44:00,,66.34721956469744,,40.90205128205128
2024-06-30 17:45:00,,66.34721956469744,,40.781701030927834
2024-06-30 17:46:00,,66.34721956469744,,40.66139896373057
2024-06-30 17:47:00,,66.34721956469744,,40.539843749999996
2024-06-30 17:48:00,,66.34721956469744,,40.4196335078534
2024-06-30 17:49:00,,66.34721956469744,,40.30078947368421
2024-06-30 17:50:00,,66.34721956469744,,40.18068783068783
2024-06-30 17:51:00,,66.34721956469744,,40.059308510638296
2024-06-30 17:52:00,,66.34721956469744,,39.941978609625664
2024-06-30 17:53:00,,66.34721956469744,,39.82338709677419
2024-06-30 17:54:00,99.4,66.35512314681971,,40.0244623655914
2024-06-30 17:55:00,99.0,66.36292732488644,,40.22338709677419
2024-06-30 17:56:00,99.0,66.37072777246654,,40.42338709677419
2024-06-30 17:57:00,99.0,66.37852449223416,,40.62768817204301
2024-06-30 17:58:00,99.0,66.38631748686096,,40.831989247311824
2024-06-30 17:59:00,99.0,66.394106759016,,41.041666666666664
2024-06-30 18:00:00,99.0,66.40189231136581,,41.251344086021504
2024-06-30 18:01:00,99.0,66.40967414657436,,41.461021505376344
2024-06-30 18:02:00,99.0,66.4174522673031,99.14,41.67338709677419
2024-06-30 18:03:00,99.0,66.42522667621093,99.12727272727274,41.888440860215056
2024-06-30 18:04:00,99.0,66.4329973759542,99.11666666666667,42.10349462365591
2024-06-30 18:05:00,99.0,66.44076436918674,99.10769230769232,42.32213261648745
2024-06-30 18:06:00,99.0,66.44852765855985,99.10000000000001,42.54256272401433
2024-06-30 18:07:00,99.0,66.45628724672228,99.09333333333333,42.76406810035842
2024-06-30 18:08:00,,66.45628724672228,99.09333333333333,42.68711711711711
2024-06-30 18:09:00,,66.45628724672228,99.09333333333333,42.61476449275362
2024-06-30 18:10:00,,66.45628724672228,99.09333333333333,42.541621129326046
2024-06-30 18:11:00,,66.45628724672228,99.09333333333333,42.46767399267399
2024-06-30 18:12:00,,66.45628724672228,99.09333333333333,42.39843462246777
2024-06-30 18:13:00,,66.45628724672228,99.09333333333333,42.33259259259259
2024-06-30 18:14:00,,66.45628724672228,99.09333333333333,42.26741154562383
2024-06-30 18:15:00,,66.45628724672228,99.09333333333333,42.20149812734082
2024-06-30 18:16:00,,66.45628724672228,99.09333333333333,42.13483992467043
2024-06-30 18:17:00,,66.45628724672228,99.09333333333333,42.07310606060606
2024-06-30 18:18:00,,66.45628724672228,99.02857142857144,42.013523809523804
2024-06-30 18:19:00,,66.45628724672228,99.02857142857144,41.95613026819923
2024-06-30 18:20:00,,66.45628724672228,99.02857142857144,41.89807321772639
2024-06-30 18:21:00,,66.45628724672228,99.02857142857144,41.84370155038759
2024-06-30 18:22:00,,66.45628724672228,99.02857142857144,41.79210526315789
2024-06-30 18:23:00,,66.45628724672228,99.02857142857144,41.74382352941176
2024-06-30 18:24:00,,66.45628724672228,99.02857142857144,41.69497041420118
2024-06-30 18:25:00,,66.45628724672228,99.02857142857144,41.648511904761904
2024-06-30 18:26:00,,66.45628724672228,99.02857142857144,41.60449101796407
2024-06-30 18:27:00,,66.45628724672228,99.02857142857144,41.56395582329317
2024-06-30 18:28:00,,66.45628724672228,99.02857142857144,41.52343434343434
2024-06-30 18:29:00,,66.45628724672228,99.02857142857144,41.48394308943089
2024-06-30 18:30:00,,66.45628724672228,99.02857142857144,41.44703476482617
2024-06-30 18:31:00,,66.45628724672228,99.02857142857144,41.41275720164609
2024-06-30 18:32:00,,66.45628724672228,99.02857142857144,41.38302277432712
2024-06-30 18:33:00,,66.45628724672228,99.02857142857144,41.354166666666664
2024-06-30 18:34:00,,66.45628724672228,99.02857142857144,41.32494758909853
2024-06-30 18:35:00,,66.45628724672228,99.02857142857144,41.29789029535865
2024-06-30 18:36:00,,66.45628724672228,99.02857142857144,41.27430997876858
2024-06-30 18:37:00,,66.45628724672228,99.02857142857144,41.25555555555555
2024-06-30 18:38:00,,66.45628724672228,99.02857142857144,41.23784946236559
2024-06-30 18:39:00,,66.45628724672228,99.02857142857144,41.21991341991342
2024-06-30 18:40:00,,66.45628724672228,99.02857142857144,41.206971677559906
2024-06-30 18:41:00,,66.45628724672228,99.02857142857144,41.195175438596486
2024-06-30 18:42:00,,66.45628724672228,99.02857142857144,41.18322295805739
2024-06-30 18:43:00,,66.45628724672228,99.02857142857144,41.17377777777778
2024-06-30 18:44:00,,66.45628724672228,99.02857142857144,41.168232662192395
2024-06-30 18:45:00,,66.45628724672228,99.02857142857144,41.16261261261261
2024-06-30 18:46:00,,66.45628724672228,99.02857142857144,41.15691609977324
2024-06-30 18:47:00,,66.45628724672228,99.02857142857144,41.15570776255707
2024-06-30 18:48:00,,66.45628724672228,99.02857142857144,41.1567816091954
2024-06-30 18:49:00,,66.45628724672228,99.02857142857144,41.15787037037037
2024-06-30 18:50:00,,66.45628724672228,99.02857142857144,41.158974358974355
2024-06-30 18:51:00,,66.45628724672228,99.02857142857144,41.16009389671361
2024-06-30 18:52:00,,66.45628724672228,99.02857142857144,41.1612293144208
2024-06-30 18:53:00,,66.45628724672228,99.02857142857144,41.16238095238095
2024-06-30 18:54:00,,66.45628724672228,99.0,41.17074340527577
2024-06-30 18:55:00,,66.45628724672228,99.0,41.17922705314009
2024-06-30 18:56:00,,66.45628724672228,99.0,41.191484184914835
2024-06-30 18:57:00,,66.45628724672228,99.0,41.20759803921568
2024-06-30 18:58:00,,66.45628724672228,,41.22395061728395
2024-06-30 18:59:00,,66.45628724672228,,41.243034825870645
2024-06-30 19:00:00,,66.45628724672228,,41.26741854636592
2024-06-30 19:01:00,,66.45628724672228,,41.29217171717172
2024-06-30 19:02:00,,66.45628724672228,,41.31730279898219
2024-06-30 19:03:00,,66.45628724672228,,41.34282051282051
2024-06-30 19:04:00,,66.45628724672228,,41.3764857881137
2024-06-30 19:05:00,,66.45628724672228,,41.41536458333333
2024-06-30 19:06:00,,66.45628724672228,,41.45800524934383
2024-06-30 19:07:00,,66.45628724672228,,41.501322751322746
2024-06-30 19:08:00,,66.45628724672228,,41.54533333333333
2024-06-30 19:09:00,,66.45628724672228,,41.59005376344086
2024-06-30 19:10:00,,66.45628724672228,,41.635501355013545
2024-06-30 19:11:00,,66.45628724672228,,41.68579234972677
2024-06-30 19:12:00,,66.45628724672228,,41.74104683195592
2024-06-30 19:13:00,,66.45628724672228,,41.79722222222222
2024-06-30 19:14:00,,66.45628724672228,,41.86274509803921
2024-06-30 19:15:00,99.0,66.4640431363203,,42.408963585434165
2024-06-30 19:16:00,99.0,66.47179532999762,,42.955182072829125
2024-06-30 19:17:00,99.0,66.47954383039543,,43.501400560224084
2024-06-30 19:18:00,99.0,66.48728864015241,,44.047619047619044
2024-06-30 19:19:00,99.0,66.49502976190476,,44.600140056022404
2024-06-30 19:20:00,99.0,66.50276719828612,,45.1547619047619
2024-06-30 19:21:00,99.0,66.51050095192765,,45.7093837535014
2024-06-30 19:22:00,98.0,66.51799310016655,,46.25560224089635
2024-06-30 19:23:00,98.0,66.52548168411037,,46.80182072829131
2024-06-30 19:24:00,98.0,66.53296670630202,98.7,47.34803921568627
2024-06-30 19:25:00,98.0,66.54044816928197,98.63636363636364,47.89425770308123
2024-06-30 19:26:00,98.0,66.54792607558831,98.58333333333333,48.448879551820724
2024-06-30 19:27:00,97.5,66.55528160646388,98.5,48.99929971988795
2024-06-30 19:28:00,97.0,66.56251484913281,98.39285714285714,49.54551820728291
2024-06-30 19:29:00,97.0,66.56974465558194,98.3,50.09173669467786
2024-06-30 19:30:00,97.0,66.57697102825932,98.21875,50.63795518207282
2024-06-30 19:31:00,97.0,66.58419396961064,98.1470588235294,51.18417366946778
2024-06-30 19:32:00,97.0,66.59141348207928,98.08333333333333,51.73039215686274
2024-06-30 19:33:00,97.0,66.59862956810632,98.02631578947368,52.285014005602235
2024-06-30 19:34:00,97.0,66.60584223013049,97.975,52.83963585434173
2024-06-30 19:35:00,97.0,66.61305147058823,97.92857142857143,53.39425770308123
2024-06-30 19:36:00,97.0,66.62025729191369,97.88636363636364,53.948879551820724
2024-06-30 19:37:00,97.0,66.62745969653865,97.84782608695652,54.50350140056022
2024-06-30 19:38:00,97.0,66.63465868689264,97.8125,55.05812324929971
2024-06-30 19:39:00,97.0,66.64185426540284,97.78,55.61274509803921
2024-06-30 19:40:00,97.0,66.6490464344942,97.75,56.16736694677871
2024-06-30 19:41:00,97.0,66.6562351965893,97.72222222222223,56.7219887955182
2024-06-30 19:42:00,97.0,66.66342055410846,97.69642857142857,57.2766106442577
2024-06-30 19:43:00,97.0,66.6706025094697,97.67241379310344,57.83543417366946
2024-06-30 19:44:00,97.0,66.67778106508875,97.65,58.3984593837535
2024-06-30 19:45:00,97.0,66.68495622337907,97.62903225806451,58.96148459383753
2024-06-30 19:46:00,97.0,66.69212798675183,97.609375,59.52450980392156
2024-06-30 19:47:00,97.0,66.69929635761589,97.5909090909091,60.087535014005596
2024-06-30 19:48:00,97.0,66.70646133837786,97.57352941176471,60.65056022408963
2024-06-30 19:49:00,97.0,66.71362293144207,97.55714285714286,61.213585434173666
2024-06-30 19:50:00,97.0,66.72078113921059,97.54166666666667,61.7766106442577
2024-06-30 19:51:00,97.0,66.72793596408317,97.52702702702703,62.33963585434173
2024-06-30 19:52:00,97.0,66.73508740845736,97.51315789473684,62.902661064425764
2024-06-30 19:53:00,97.0,66.74223547472839,97.5,63.46988795518207
2024-06-30 19:54:00,97.0,66.74938016528925,97.4875,64.04131652661064
2024-06-30 19:55:00,97.0,66.75652148253069,97.47560975609755,64.61274509803921
2024-06-30 19:56:00,97.0,66.76365942884117,97.46428571428571,65.18417366946778
2024-06-30 19:57:00,97.0,66.77079400660689,97.45348837209302,65.75560224089635
2024-06-30 19:58:00,97.0,66.77792521821185,97.44318181818181,66.32703081232492
2024-06-30 19:59:00,97.0,66.78505306603773,97.43333333333334,66.89845938375349
2024-06-30 20:00:00,97.0,66.79217755246404,97.42391304347827,67.46988795518207
2024-06-30 20:01:00,97.0,66.79929867986799,97.41489361702128,68.04131652661064
2024-06-30 20:02:00,96.75,66.8063575300495,97.40104166666667,68.61064425770307
2024-06-30 20:03:00,96.0,66.8132363336475,97.37244897959184,69.17366946778711
2024-06-30 20:04:00,96.0,66.82011189634865,97.345,69.73669467787114
2024-06-30 20:05:00,96.0,66.82698422044277,97.31862745098039,70.29971988795518
2024-06-30 20:06:00,96.0,66.83385330821757,97.29326923076923,70.86904761904762
2024-06-30 20:07:00,96.0,66.84071916195857,97.26886792452831,71.44047619047619
2024-06-30 20:08:00,96.0,66.84758178394917,97.24537037037037,72.01190476190476
2024-06-30 20:09:00,96.0,66.85444117647059,97.22272727272727,72.58333333333333
2024-06-30 20:10:00,96.0,66.86129734180193,97.20089285714286,73.1547619047619
2024-06-30 20:11:00,96.0,66.86815028222013,97.1798245614035,73.72619047619047
2024-06-30 20:12:00,96.0,66.875,97.15948275862068,74.29761904761904
2024-06-30 20:13:00,96.0,66.8818464974142,97.13983050847457,74.86904761904762
2024-06-30 20:14:00,96.0,66.88868977673326,97.12083333333334,75.44047619047619
2024-06-30 20:15:00,96.0,66.89552984022556,97.07083333333334,76.0203081232493
2024-06-30 20:16:00,96.0,66.9023666901574,97.02083333333333,76.6001400560224
2024-06-30 20:17:00,96.0,66.90920032879286,96.97083333333333,77.17997198879551
2024-06-30 20:18:00,96.0,66.91603075839399,96.92083333333333,77.75980392156862
2024-06-30 20:19:00,96.0,66.92285798122066,96.87083333333334,78.33963585434174
2024-06-30 20:20:00,96.0,66.92968199953063,96.82083333333334,78.91946778711484
2024-06-30 20:21:00,95.75,66.93644415767245,96.76666666666667,79.49719887955182
2024-06-30 20:22:00,95.0,66.94302721088435,96.71666666666667,80.06862745098039
2024-06-30 20:23:00,95.0,66.94960717636023,96.66666666666667,80.64005602240896
2024-06-30 20:24:00,95.0,66.95618405627198,96.61666666666666,81.21148459383753
2024-06-30 20:25:00,94.75,66.96269924988279,96.5625,81.78501400560224
2024-06-30 20:26:00,94.0,66.96903562221702,96.49583333333334,82.3564425770308
2024-06-30 20:27:00,94.0,66.97536902530459,96.4375,82.92787114845937
2024-06-30 20:28:00,94.0,66.98169946123214,96.3875,83.49929971988794
2024-06-30 20:29:00,94.0,66.98802693208431,96.3375,84.07072829131653
2024-06-30 20:30:00,94.0,66.99435143994381,96.2875,84.6421568627451
2024-06-30 20:31:00,94.0,67.00067298689139,96.2375,85.21358543417367
2024-06-30 20:32:00,94.0,67.00699157500586,96.1875,85.78501400560224
2024-06-30 20:33:00,94.0,67.01330720636406,96.1375,86.3564425770308
2024-06-30 20:34:00,94.0,67.01961988304093,96.0875,86.92787114845937
2024-06-30 20:35:00,94.0,67.02592960710945,96.0375,87.49929971988794
2024-06-30 20:36:00,94.0,67.03223638064064,95.9875,88.07072829131653
2024-06-30 20:37:00,94.0,67.0385402057036,95.9375,88.6421568627451
2024-06-30 20:38:00,93.8,67.044794344473,95.88416666666667,89.21190476190476
2024-06-30 20:39:00,93.6,67.0509988317757,95.8275,89.77997198879551
2024-06-30 20:40:00,93.4,67.05715370240598,95.7675,90.34635854341737
2024-06-30 20:41:00,93.2,67.06325899112564,95.70416666666667,90.9110644257703
2024-06-30 20:42:00,93.0,67.06931473266403,95.6375,91.47689075630252
2024-06-30 20:43:00,93.0,67.07536764705883,95.57083333333334,92.04327731092437
2024-06-30 20:44:00,93.0,67.08141773628938,95.50416666666666,92.61470588235294
2024-06-30 20:45:00,93.0,67.08746500233318,95.4375,93.1861344537815
2024-06-30 20:46:00,93.0,67.09350944716586,95.37083333333334,93.75756302521008
2024-06-30 20:47:00,93.0,67.09955107276119,95.30416666666666,94.32899159663866
2024-06-30 20:48:00,93.0,67.10558988109116,95.2375,94.90042016806723
2024-06-30 20:49:00,93.0,67.11162587412588,95.17083333333333,95.4718487394958
2024-06-30 20:50:00,93.0,67.1176590538336,95.10416666666667,96.04327731092437
2024-06-30 20:51:00,93.0,67.1236894221808,95.0375,96.61470588235294
2024-06-30 20:52:00,93.0,67.12971698113208,94.97083333333333,96.58458333333333
2024-06-30 20:53:00,93.0,67.1357417326502,94.90416666666667,96.55495867768595
2024-06-30 20:54:00,93.0,67.14176367869617,94.8375,96.52581967213115
2024-06-30 20:55:00,92.0,67.14755004655494,94.75416666666666,96.4890243902439
2024-06-30 20:56:00,92.0,67.15333372120084,94.67083333333333,96.45282258064516
2024-06-30 20:57:00,92.0,67.15911470451373,94.5875,96.4172
2024-06-30 20:58:00,92.0,67.16489299837171,94.50416666666666,96.38214285714285
2024-06-30 20:59:00,92.0,67.17066860465117,94.42083333333333,96.34763779527559
2024-06-30 21:00:00,92.0,67.17644152522669,94.3375,96.313671875
2024-06-30 21:01:00,92.0,67.18221176197117,94.25416666666666,96.28023255813953
2024-06-30 21:02:00,92.0,67.18797931675576,94.175,96.24730769230769
2024-06-30 21:03:00,92.0,67.19374419144981,94.10833333333333,96.2148854961832
2024-06-30 21:04:00,92.0,67.19950638792102,94.04166666666667,96.18295454545455
2024-06-30 21:05:00,92.0,67.2052659080353,93.975,96.1515037593985
2024-06-30 21:06:00,92.0,67.21102275365683,93.90833333333333,96.1205223880597
2024-06-30 21:07:00,92.0,67.2167769266481,93.84166666666667,96.09
2024-06-30 21:08:00,91.0,67.22229635646322,93.75833333333334,96.05257352941176
2024-06-30 21:09:00,91.0,67.227813225058,93.675,96.01569343065694
2024-06-30 21:10:00,91.0,67.2333275342148,93.59166666666667,95.97934782608695
2024-06-30 21:11:00,91.0,67.23883928571429,93.50833333333334,95.94352517985611
2024-06-30 21:12:00,90.75,67.2442905170415,93.42083333333333,95.90642857142856
2024-06-30 21:13:00,90.5,67.2496812702828,93.32916666666667,95.86808510638298
2024-06-30 21:14:00,90.0,67.25495365005794,93.22916666666667,95.82676056338028
2024-06-30 21:15:00,90.0,67.2602235866543,93.12916666666666,95.78601398601398
2024-06-30 21:16:00,90.0,67.26549108176975,93.02916666666667,95.74583333333334
2024-06-30 21:17:00,90.0,67.2707561371005,92.92916666666666,95.70620689655172
2024-06-30 21:18:00,90.0,67.27601875434128,92.82916666666667,95.66712328767123
2024-06-30 21:19:00,90.0,67.28127893518518,92.72916666666667,95.62857142857142
2024-06-30 21:20:00,90.0,67.28653668132377,92.62916666666666,95.59054054054054
2024-06-30 21:21:00,90.0,67.29179199444701,92.53333333333333,95.55302013422819
2024-06-30 21:22:00,90.0,67.29704487624335,92.45,95.51599999999999
2024-06-30 21:23:00,90.0,67.30229532839962,92.36666666666666,95.4794701986755
2024-06-30 21:24:00,90.0,67.30754335260116,92.28333333333333,95.44342105263158
2024-06-30 21:25:00,90.0,67.31278895053167,92.20416666666667,95.4078431372549
2024-06-30 21:26:00,90.0,67.31803212387335,92.1375,95.37272727272727
2024-06-30 21:27:00,89.25,67.32309958410352,92.05833333333334,95.33322580645161
2024-06-30 21:28:00,89.0,67.32810695310695,91.975,95.2926282051282
2024-06-30 21:29:00,89.0,67.33311200923788,91.89166666666667,95.25254777070063
2024-06-30 21:30:00,89.0,67.33811475409836,91.80833333333334,95.2129746835443
2024-06-30 21:31:00,89.0,67.34311518928901,91.725,95.17389937106918
2024-06-30 21:32:00,89.0,67.34811331640896,91.64166666666667,95.1353125
2024-06-30 21:33:00,89.0,67.35310913705584,91.55833333333334,95.0972049689441
2024-06-30 21:34:00,89.0,67.35810265282583,91.475,95.05956790123457
2024-06-30 21:35:00,89.0,67.36309386531366,91.39166666666667,95.0223926380368
2024-06-30 21:36:00,89.0,67.36808277611252,91.30833333333334,94.98567073170732
2024-06-30 21:37:00,89.0,67.3730693868142,91.225,94.94939393939394
2024-06-30 21:38:00,88.0,67.37782323115925,91.12833333333333,94.90753012048192
2024-06-30 21:39:00,88.0,67.38257488479263,91.03500000000001,94.86616766467066
2024-06-30 21:40:00,88.0,67.3873243492283,90.945,94.82529761904762
2024-06-30 21:41:00,88.0,67.39207162597882,90.85833333333333,94.78491124260354
2024-06-30 21:42:00,88.0,67.39681671655538,90.775,94.745
2024-06-30 21:43:00,88.0,67.40155962246777,90.69166666666666,94.70555555555555
2024-06-30 21:44:00,88.0,67.4063003452244,90.60833333333333,94.66656976744186
2024-06-30 21:45:00,88.0,67.41103888633226,90.525,94.62803468208092
2024-06-30 21:46:00,88.0,67.41577524729699,90.44166666666666,94.58994252873563
2024-06-30 21:47:00,88.0,67.42050942962281,90.35833333333333,94.55228571428572
2024-06-30 21:48:00,87.25,67.42506898137503,90.2625,94.51079545454546
2024-06-30 21:49:00,87.0,67.42956896551725,90.1625,94.46836158192092
2024-06-30 21:50:00,87.0,67.43406688117675,90.0625,94.42640449438203
2024-06-30 21:51:00,87.0,67.4385627297794,89.9625,94.38491620111732
2024-06-30 21:52:00,87.0,67.44305651274983,89.8625,94.3438888888889
2024-06-30 21:53:00,87.0,67.44754823151125,89.7625,94.30331491712708
2024-06-30 21:54:00,87.0,67.45203788748564,89.6625,94.26318681318682
2024-06-30 21:55:00,87.0,67.45652548209367,89.57916666666667,94.22349726775957
2024-06-30 21:56:00,87.0,67.46101101675465,89.49583333333334,94.18423913043479
2024-06-30 21:57:00,87.0,67.46549449288665,89.4125,94.14540540540541
2024-06-30 21:58:00,87.0,67.4699759119064,89.32916666666667,94.10698924731183
2024-06-30 21:59:00,87.0,67.47445527522936,89.24583333333334,94.06898395721926
2024-06-30 22:00:00,87.0,67.47893258426966,89.1625,94.03138297872341
2024-06-30 22:01:00,87.0,67.48340784044017,89.07916666666667,93.99417989417991
2024-06-30 22:02:00,87.0,67.48788104515242,88.99583333333334,93.95736842105264
2024-06-30 22:03:00,87.0,67.49235219981668,88.9125,93.92094240837697
2024-06-30 22:04:00,87.0,67.49682130584192,88.82916666666667,93.88489583333335
2024-06-30 22:05:00,86.25,67.50111658268438,88.73333333333333,93.84533678756478
2024-06-30 22:06:00,86.0,67.50535264483628,88.63333333333334,93.8048969072165
2024-06-30 22:07:00,86.0,67.50958676739927,88.53333333333333,93.76487179487181
2024-06-30 22:08:00,86.0,67.51381895170519,88.45,93.72525510204082
2024-06-30 22:09:00,85.83333333333334,67.51801106025934,88.36388888888888,93.6851945854484
2024-06-30 22:10:00,85.66666666666667,67.52216312056737,88.275,93.64469696969698
2024-06-30 22:11:00,85.0,67.52616079597438,88.175,93.60125628140705
2024-06-30 22:12:00,85.0,67.53015664303682,88.07916666666667,93.55825
2024-06-30 22:13:00,85.0,67.53415066300869,87.9875,93.51567164179106
2024-06-30 22:14:00,85.0,67.53814285714286,87.90416666666667,93.47351485148515
2024-06-30 22:15:00,85.0,67.54213322669104,87.82083333333334,93.43177339901479
2024-06-30 22:16:00,85.0,67.54612177290382,87.7375,93.39044117647059
2024-06-30 22:17:00,85.0,67.5501084970306,87.65416666666667,93.34951219512196
2024-06-30 22:18:00,85.0,67.5540934003197,87.57083333333334,93.30898058252428
2024-06-30 22:19:00,84.0,67.55784817351598,87.47083333333333,93.26400966183576
2024-06-30 22:20:00,84.0,67.5616012325953,87.37083333333334,93.21947115384616
2024-06-30 22:21:00,84.0,67.56535257873118,87.27083333333333,93.17535885167464
2024-06-30 22:22:00,84.0,67.56910221309606,87.17083333333333,93.13166666666667
2024-06-30 22:23:00,84.0,67.57285013686132,87.07083333333334,93.08838862559243
2024-06-30 22:24:00,83.75,67.5765393386545,86.96666666666667,93.04433962264152
2024-06-30 22:25:00,83.0,67.58005585955313,86.85,92.99718309859156
2024-06-30 22:26:00,83.0,67.58357077729656,86.73333333333333,92.95046728971964
2024-06-30 22:27:00,83.0,67.58708409298086,86.62916666666666,92.90418604651164
2024-06-30 22:28:00,83.0,67.59059580770106,86.52916666666667,92.85833333333333
2024-06-30 22:29:00,83.0,67.59410592255125,86.42916666666666,92.81290322580645
2024-06-30 22:30:00,82.25,67.59744363470736,86.31666666666666,92.7644495412844
2024-06-30 22:31:00,82.0,67.60072290528232,86.2,92.71529680365298
2024-06-30 22:32:00,82.0,67.60400068290463,86.08333333333333,92.66659090909091
2024-06-30 22:33:00,82.0,67.60727696859354,85.96666666666667,92.61832579185521
2024-06-30 22:34:00,81.5,67.61043799772469,85.84166666666667,92.56824324324324
2024-06-30 22:35:00,81.0,67.61348384895359,85.70833333333333,92.51636771300448
2024-06-30 22:36:00,81.0,67.61652831476006,85.575,92.46495535714287
2024-06-30 22:37:00,80.0,67.6193440200091,85.425,92.40955555555556
2024-06-30 22:38:00,80.0,67.62215844510116,85.29166666666667,92.35464601769912
2024-06-30 22:39:00,80.0,67.62497159090908,85.15833333333333,92.30022026431719
2024-06-30 22:40:00,80.0,67.62778345830493,85.025,92.24627192982457
2024-06-30 22:41:00,80.0,67.63059404815992,84.89166666666667,92.15855263157896
2024-06-30 22:42:00,79.0,67.63317624347036,84.74166666666666,92.10109170305678
2024-06-30 22:43:00,78.66666666666667,67.63568157735392,84.58611111111112,92.04268115942028
2024-06-30 22:44:00,78.33333333333333,67.63811010215665,84.425,91.98333333333333
2024-06-30 22:45:00,78.0,67.64046187017703,84.25833333333334,91.92306034482759
2024-06-30 22:46:00,78.0,67.64281257090991,84.09166666666667,91.86330472103005
2024-06-30 22:47:00,78.0,67.64516220508168,83.925,91.80405982905984
2024-06-30 22:48:00,78.0,67.647510773418,83.77083333333333,91.74531914893618
2024-06-30 22:49:00,78.0,67.649858276644,83.62083333333334,91.68707627118644
2024-06-30 22:50:00,78.0,67.65220471548402,83.47083333333333,91.62932489451478
2024-06-30 22:51:00,78.0,67.65455009066183,83.32083333333334,91.57205882352942
2024-06-30 22:52:00,77.0,67.65666779968275,83.15416666666667,91.5110878661088
2024-06-30 22:53:00,77.0,67.65878454916175,82.9875,91.41485355648537
2024-06-30 22:54:00,76.5,67.66078708946772,82.8125,91.31652719665273
2024-06-30 22:55:00,76.0,67.6626754981884,82.62916666666666,91.21610878661089
2024-06-30 22:56:00,76.0,67.66456305184515,82.44583333333334,91.11569037656905
2024-06-30 22:57:00,76.0,67.66644975101856,82.2625,91.01527196652721
2024-06-30 22:58:00,76.0,67.66833559628876,82.07916666666667,90.91485355648537
2024-06-30 22:59:00,75.625,67.67013574660633,81.88958333333333,90.85114583333333
2024-06-30 23:00:00,75.25,67.67185026012214,81.69375,90.78641078838174
2024-06-30 23:01:00,75.125,67.67353573043872,81.49583333333334,90.72169421487604
2024-06-30 23:02:00,75.0,67.67519217725525,81.29583333333333,90.65699588477366
2024-06-30 23:03:00,75.0,67.67684787522604,81.09583333333333,90.59282786885247
2024-06-30 23:04:00,74.75,67.67844632768362,80.89166666666667,90.52816326530613
2024-06-30 23:05:00,74.0,67.67987460460913,80.6875,90.4609756097561
2024-06-30 23:06:00,74.0,67.68130223627739,80.4875,90.39433198380567
2024-06-30 23:07:00,74.0,67.68272922312556,80.2875,90.32822580645161
2024-06-30 23:08:00,74.0,67.68415556559043,80.0875,90.26265060240965
2024-06-30 23:09:00,74.0,67.68558126410835,79.89027777777778,90.19760000000001
2024-06-30 23:10:00,73.83333333333334,67.68696870533363,79.69305555555555,90.1324037184595
2024-06-30 23:11:00,73.66666666666667,67.68831791516246,79.50416666666666,90.0670634920635
2024-06-30 23:12:00,73.0,67.68951612903226,79.30416666666666,89.99960474308301
2024-06-30 23:13:00,73.0,67.69071380243572,79.10416666666667,89.93267716535433
2024-06-30 23:14:00,73.0,67.69191093573845,78.90416666666667,89.86627450980393
2024-06-30 23:15:00,72.5,67.69299481514878,78.69583333333334,89.7984375
2024-06-30 23:16:00,72.0,67.69396551724138,78.47916666666667,89.72918287937743
2024-06-30 23:17:00,,67.69396551724138,78.36864406779661,89.72918287937743
2024-06-30 23:18:00,,67.69396551724138,78.25431034482759,89.6890625
2024-06-30 23:19:00,,67.69396551724138,78.15350877192982,89.6890625
2024-06-30 23:20:00,,67.69396551724138,78.04910714285714,89.6890625
2024-06-30 23:21:00,,67.69396551724138,77.94090909090909,89.6890625
2024-06-30 23:22:00,,67.69396551724138,77.82870370370371,89.6890625
2024-06-30 23:23:00,70.0,67.69448512843623,77.56944444444444,89.61245136186771
2024-06-30 23:24:00,70.0,67.69500450551926,77.31481481481481,89.53643410852713
2024-06-30 23:25:00,70.0,67.69552364864865,77.07407407407408,89.46100386100386
2024-06-30 23:26:00,70.0,67.69604255798244,76.83333333333333,89.38615384615385
2024-06-30 23:27:00,69.0,67.69633610986043,76.57407407407408,89.3080459770115
2024-06-30 23:28:00,69.0,67.69662952959712,76.31481481481481,89.23053435114504
2024-06-30 23:29:00,68.5,67.6968103060306,76.04629629629629,89.15171102661597
2024-06-30 23:30:00,68.0,67.6968785151856,75.7824074074074,89.07159090909092
2024-06-30 23:31:00,68.0,67.69694669365722,75.52314814814815,88.99207547169812
2024-06-30 23:32:00,68.0,67.69701484146616,75.26388888888889,88.91315789473684
2024-06-30 23:33:00,68.0,67.69708295863309,75.00462962962963,88.83483146067417
2024-06-30 23:34:00,,67.69708295863309,74.88207547169812,88.83483146067417
2024-06-30 23:35:00,,67.69708295863309,74.76442307692308,88.83483146067417
2024-06-30 23:36:00,,67.69708295863309,74.6421568627451,88.83483146067417
2024-06-30 23:37:00,,67.69708295863309,74.535,88.83483146067417
2024-06-30 23:38:00,,67.69708295863309,74.4234693877551,88.83483146067417
2024-06-30 23:39:00,,67.69708295863309,74.30729166666667,88.83483146067417
2024-06-30 23:40:00,67.66666666666667,67.69707612197497,74.05034722222221,88.75584577114428
2024-06-30 23:41:00,67.5,67.69703183520599,73.78993055555556,88.67682775712515
2024-06-30 23:42:00,67.25,67.69693140118326,73.54513888888889,88.59746913580247
2024-06-30 23:43:00,67.0,67.69677485774184,73.30208333333333,88.51777367773677
2024-06-30 23:44:00,66.77777777777777,67.6965684806747,73.0613425925926,88.43784722222222
2024-06-30 23:45:00,66.55555555555556,67.69631230354737,72.82291666666667,88.35769230769232
2024-06-30 23:46:00,66.33333333333333,67.69600635989525,72.57986111111111,88.27731143552312
2024-06-30 23:47:00,66.0,67.69562574805505,72.32986111111111,88.19630303030303
2024-06-30 23:48:00,66.0,67.6952453070077,72.07986111111111,88.11588164251208
2024-06-30 23:49:00,66.0,67.69486503663825,71.82986111111111,88.03604091456077
2024-06-30 23:50:00,66.0,67.69448493683187,71.57986111111111,87.95677458033573
2024-06-30 23:51:00,66.0,67.69410500747384,71.32986111111111,87.87807646356033
2024-06-30 23:52:00,66.0,67.69372524844952,71.10069444444444,87.79994047619047
2024-06-30 23:53:00,66.0,67.6933456596444,70.87152777777779,87.7223606168446
2024-06-30 23:54:00,66.0,67.69296624094406,70.65277777777779,87.60349940688019
2024-06-30 23:55:00,65.5,67.6924749850657,70.43402777777779,87.48428232502965
2024-06-30 23:56:00,65.0,67.69187196715191,70.20486111111111,87.36328588374852
2024-06-30 23:57:00,64.5,67.69115726227795,69.96527777777779,87.24051008303677
2024-06-30 23:58:00,64.0,67.69033094545183,69.71527777777779,87.11595492289442
2024-06-30 23:59:00,64.0,67.6895049985079,69.47309027777779,86.99139976275207
2024-07-01 00:00:00,64.0,67.68867942119788,69.23871527777779,86.86684460260972
2024-07-01 00:01:00,64.0,67.68785421327367,69.00694444444444,86.74228944246737
2024-07-01 00:02:00,64.0,67.68702937448744,68.77777777777779,86.61773428232503
2024-07-01 00:03:00,63.25,67.68603719439474,68.53298611111111,86.49051008303677
2024-07-01 00:04:00,63.0,67.68498956703182,68.28819444444444,86.36239620403322
2024-07-01 00:05:00,62.75,67.6838865295783,68.05381944444444,86.23339264531435
2024-07-01 00:06:00,62.5,67.68272811918062,67.81423611111111,86.10349940688019
2024-07-01 00:07:00,62.25,67.68151437295204,67.56944444444444,85.97271648873073
2024-07-01 00:08:00,62.0,67.6802453279726,67.31944444444444,85.88770685579196
2024-07-01 00:09:00,62.0,67.67897684978412,67.06944444444444,85.80329799764428
2024-07-01 00:10:00,62.0,67.67770893800699,66.82291666666667,85.71948356807512
2024-07-01 00:11:00,62.0,67.6764415922619,66.57986111111111,85.63625730994151
2024-07-01 00:12:00,62.0,67.6751748121699,66.35069444444444,85.55361305361305
2024-07-01 00:13:00,62.0,67.67390859735237,66.12152777777779,85.47154471544715
2024-07-01 00:14:00,62.0,67.67264294743103,65.89236111111111,85.39004629629629
2024-07-01 00:15:00,61.0,67.67115484686292,65.65277777777779,85.30565167243367
2024-07-01 00:16:00,61.0,67.6696674098848,65.42361111111111,85.22183908045976
2024-07-01 00:17:00,61.0,67.6681806360529,65.33333333333334,85.13860252004581
2024-07-01 00:18:00,60.0,67.66647165886636,65.22666666666667,85.0525114155251
2024-07-01 00:19:00,60.0,67.66476344325609,65.12418300653594,84.967007963595
2024-07-01 00:20:00,60.0,67.66305598871314,65.02564102564102,84.88208616780045
2024-07-01 00:21:00,,67.66305598871314,65.02564102564102,84.88208616780045
2024-07-01 00:22:00,,67.66305598871314,65.02564102564102,84.88208616780045
2024-07-01 00:23:00,,67.66305598871314,64.9281045751634,84.88208616780045
2024-07-01 00:24:00,,67.66305598871314,64.82666666666667,84.88208616780045
2024-07-01 00:25:00,,67.66305598871314,64.72108843537416,84.88208616780045
2024-07-01 00:26:00,,67.66305598871314,64.61111111111111,84.88208616780045
2024-07-01 00:27:00,61.0,67.66157201187825,64.44444444444444,84.80112994350281
2024-07-01 00:28:00,61.0,67.66008869591033,64.27777777777779,84.72072072072072
2024-07-01 00:29:00,61.0,67.65860604036806,64.12152777777779,84.6408529741863
2024-07-01 00:30:00,61.0,67.65712404481044,63.97569444444445,84.56152125279641
2024-07-01 00:31:00,,67.65712404481044,63.89007092198582,84.56152125279641
2024-07-01 00:32:00,,67.65712404481044,63.800724637681164,84.56152125279641
2024-07-01 00:33:00,,67.65712404481044,63.70740740740741,84.56152125279641
2024-07-01 00:34:00,,67.65712404481044,63.70740740740741,84.56152125279641
2024-07-01 00:35:00,,67.65712404481044,63.70740740740741,84.56152125279641
2024-07-01 00:36:00,,67.65712404481044,63.70740740740741,84.56152125279641
2024-07-01 00:37:00,,67.65712404481044,63.70740740740741,84.56152125279641
2024-07-01 00:38:00,,67.65712404481044,63.70740740740741,84.56152125279641
2024-07-01 00:39:00,,67.65712404481044,63.70740740740741,84.56152125279641
2024-07-01 00:40:00,,67.65712404481044,63.61742424242425,84.56152125279641
2024-07-01 00:41:00,,67.65712404481044,63.527131782945744,84.56152125279641
2024-07-01 00:42:00,,67.65712404481044,63.43849206349207,84.56152125279641
2024-07-01 00:43:00,,67.65712404481044,63.35162601626017,84.56152125279641
2024-07-01 00:44:00,,67.65712404481044,63.26597222222223,84.56152125279641
2024-07-01 00:45:00,,67.65712404481044,63.18162393162394,84.56152125279641
2024-07-01 00:46:00,,67.65712404481044,63.098684210526315,84.56152125279641
2024-07-01 00:47:00,,67.65712404481044,63.020270270270274,84.56152125279641
2024-07-01 00:48:00,,67.65712404481044,62.9375,84.56152125279641
2024-07-01 00:49:00,,67.65712404481044,62.85,84.56152125279641
2024-07-01 00:50:00,,67.65712404481044,62.75735294117647,84.56152125279641
2024-07-01 00:51:00,,67.65712404481044,62.65909090909091,84.56152125279641
2024-07-01 00:52:00,,67.65712404481044,62.55468750000001,84.56152125279641
2024-07-01 00:53:00,,67.65712404481044,62.44354838709678,84.56152125279641
2024-07-01 00:54:00,,67.65712404481044,62.32500000000001,84.56152125279641
2024-07-01 00:55:00,,67.65712404481044,62.21551724137932,84.56152125279641
2024-07-01 00:56:00,,67.65712404481044,62.11607142857144,84.56152125279641
2024-07-01 00:57:00,,67.65712404481044,62.027777777777786,84.56152125279641
2024-07-01 00:58:00,,67.65712404481044,61.95192307692309,84.56152125279641
2024-07-01 00:59:00,,67.65712404481044,61.87000000000001,84.56152125279641
2024-07-01 01:00:00,,67.65712404481044,61.78125000000001,84.56152125279641
2024-07-01 01:01:00,83.0,67.66053812490728,62.572916666666664,84.55629877369007
2024-07-01 01:02:00,83.0,67.66395068594734,63.364583333333336,84.55111111111111
2024-07-01 01:03:00,83.0,67.66736172894424,64.1875,84.54595791805093
2024-07-01 01:04:00,83.0,67.67077125491068,65.02083333333333,84.54083885209712
2024-07-01 01:05:00,83.0,67.67417926485845,65.86458333333333,84.53575357535753
2024-07-01 01:06:00,83.0,67.67758575979848,66.71875,84.53070175438596
2024-07-01 01:07:00,82.75,67.68093518518518,67.57291666666667,84.52486338797814
2024-07-01 01:08:00,82.0,67.68411649263126,68.40625,84.51661220043573
2024-07-01 01:09:00,82.0,67.68729638679105,69.23958333333333,84.50841476655809
2024-07-01 01:10:00,82.0,67.69047486860612,70.07291666666667,84.50027056277055
2024-07-01 01:11:00,82.0,67.69365193901717,70.90625,84.49217907227616
2024-07-01 01:12:00,,67.69365193901717,71.29347826086956,84.49217907227616
2024-07-01 01:13:00,,67.69365193901717,71.7159090909091,84.49217907227616
2024-07-01 01:14:00,,67.69365193901717,72.17857142857143,84.49217907227616
2024-07-01 01:15:00,,67.69365193901717,72.7375,84.44507575757575
2024-07-01 01:16:00,,67.69365193901717,73.35526315789474,84.39766558089033
2024-07-01 01:17:00,,67.69365193901717,74.04166666666667,84.34994553376906
2024-07-01 01:18:00,80.0,67.69638364779874,75.15277777777777,84.28785403050108
2024-07-01 01:19:00,80.0,67.69911414410416,76.26388888888889,84.22576252723312
2024-07-01 01:20:00,80.0,67.70184342874047,77.375,84.16367102396514
2024-07-01 01:21:00,80.0,67.70457150251404,77.51315789473684,84.10157952069716
2024-07-01 01:22:00,80.0,67.7072983662305,77.6375,84.0427559912854
2024-07-01 01:23:00,80.0,67.71002402069475,77.75,83.98393246187364
2024-07-01 01:24:00,80.0,67.712748466711,77.85227272727273,83.92510893246187
2024-07-01 01:25:00,79.83333333333333,67.71543476654847,77.93840579710145,83.86574074074073
2024-07-01 01:26:00,79.66666666666666,67.71808294556466,78.01041666666667,83.80582788671023
2024-07-01 01:27:00,79.5,67.72069302909466,78.78125,83.74700435729847
2024-07-01 01:28:00,79.33333333333333,67.72326504245109,79.5451388888889,83.68927015250544
2024-07-01 01:29:00,79.33333333333333,67.72583591674048,80.30902777777779,83.63153594771242
2024-07-01 01:30:00,79.0,67.72833185742749,81.05902777777779,83.57271241830065
2024-07-01 01:31:00,79.0,67.73082669322709,80.97666666666667,83.51388888888889
2024-07-01 01:32:00,78.5,67.73320978092498,80.88141025641026,83.45343137254902
2024-07-01 01:33:00,78.0,67.73548119469027,80.7746913580247,83.39133986928104
2024-07-01 01:34:00,78.0,67.73775160362752,80.67559523809526,83.32924836601308
2024-07-01 01:35:00,78.0,67.74002100840336,80.58333333333334,83.2671568627451
2024-07-01 01:36:00,78.0,67.74228940968383,80.49722222222223,83.20506535947712
2024-07-01 01:37:00,78.0,67.74455680813439,80.41666666666667,83.14297385620915
2024-07-01 01:38:00,78.0,67.74682320441988,80.34114583333334,83.08088235294117
2024-07-01 01:39:00,77.4,67.74895603181618,80.2520202020202,83.01683006535947
2024-07-01 01:40:00,77.0,67.75099955820632,80.15637254901961,82.95147058823528
2024-07-01 01:41:00,77.0,67.7530421819788,80.06619047619047,82.8861111111111
2024-07-01 01:42:00,77.0,67.75508390373152,79.98101851851851,82.82075163398692
2024-07-01 01:43:00,77.0,67.75712472406181,79.90045045045045,82.75539215686274
2024-07-01 01:44:00,76.75,67.75910946810859,79.81754385964912,82.68921568627451
2024-07-01 01:45:00,76.0,67.76092784642542,79.71965811965812,82.62058823529411
2024-07-01 01:46:00,76.0,67.76274542245754,79.62666666666667,82.55196078431372
2024-07-01 01:47:00,76.0,67.76456219673578,79.53821138211381,82.48333333333332
2024-07-01 01:48:00,,67.76456219673578,79.53821138211381,82.43573770491803
2024-07-01 01:49:00,,67.76456219673578,79.53821138211381,82.38782894736842
2024-07-01 01:50:00,,67.76456219673578,79.53821138211381,82.33960396039603
2024-07-01 01:51:00,,67.76456219673578,79.53821138211381,82.291059602649
2024-07-01 01:52:00,,67.76456219673578,79.53821138211381,82.2421926910299
2024-07-01 01:53:00,,67.76456219673578,79.53821138211381,82.193
2024-07-01 01:54:00,,67.76456219673578,79.53821138211381,82.14347826086956
2024-07-01 01:55:00,,67.76456219673578,79.53821138211381,82.09362416107382
2024-07-01 01:56:00,,67.76456219673578,79.53821138211381,82.04343434343434
2024-07-01 01:57:00,,67.76456219673578,79.53821138211381,81.9929054054054
2024-07-01 01:58:00,,67.76456219673578,79.53821138211381,81.94203389830508
2024-07-01 01:59:00,,67.76456219673578,79.53821138211381,81.89081632653061
2024-07-01 02:00:00,,67.76456219673578,79.53821138211381,81.83924914675767
2024-07-01 02:01:00,,67.76456219673578,79.45166666666667,81.78732876712328
2024-07-01 02:02:00,74.0,67.76593715545756,79.22666666666666,81.70941780821917
2024-07-01 02:03:00,74.0,67.76731150793651,79.00166666666667,81.63407534246575
2024-07-01 02:04:00,74.0,67.76868525457351,78.77666666666667,81.55873287671233
2024-07-01 02:05:00,74.0,67.77005839576907,78.55166666666666,81.48339041095889
2024-07-01 02:06:00,74.0,67.77143093192333,78.32666666666667,81.40804794520547
2024-07-01 02:07:00,74.0,67.77280286343613,78.10791666666667,81.33270547945204
2024-07-01 02:08:00,74.0,67.7741741907069,77.90791666666667,81.25736301369862
2024-07-01 02:09:00,74.0,67.77554491413474,77.70791666666666,81.1820205479452
2024-07-01 02:10:00,74.0,67.77691503411843,77.50791666666666,81.10667808219178
2024-07-01 02:11:00,73.25,67.77811949823945,77.28916666666666,81.02876712328766
2024-07-01 02:12:00,73.0,67.77926842684269,77.18455284552846,80.94999999999999
2024-07-01 02:13:00,73.0,67.78041684997801,77.08492063492064,80.87123287671233
2024-07-01 02:14:00,73.0,67.78156476797889,76.98992248062015,80.79246575342465
2024-07-01 02:15:00,73.0,67.78271218117854,76.89924242424242,80.71369863013697
2024-07-01 02:16:00,72.0,67.78363926137614,76.79037037037037,80.63150684931506
2024-07-01 02:17:00,72.0,67.78456593406594,76.68623188405797,80.54931506849314
2024-07-01 02:18:00,72.0,67.7854921995166,76.51231884057971,80.46712328767123
2024-07-01 02:19:00,72.0,67.78641805799649,76.33840579710144,80.38493150684931
2024-07-01 02:20:00,72.0,67.78734350977378,76.1644927536232,80.30273972602738
2024-07-01 02:21:00,72.0,67.78826855511639,75.99057971014493,80.22140410958903
2024-07-01 02:22:00,71.8,67.78914928649836,75.8123188405797,80.14195205479452
2024-07-01 02:23:00,71.0,67.78985403863038,75.61666666666667,80.05976027397259
2024-07-01 02:24:00,71.0,67.7905584814571,75.42101449275363,79.97756849315067
2024-07-01 02:25:00,71.0,67.7912626151821,75.22898550724638,79.89623287671232
2024-07-01 02:26:00,70.5,67.79185676683484,75.02971014492753,79.81575342465753
2024-07-01 02:27:00,70.0,67.79234100877193,74.8231884057971,79.7335616438356
2024-07-01 02:28:00,70.0,67.79282503836878,74.62028985507246,79.65136986301368
2024-07-01 02:29:00,70.0,67.79330885576502,74.41739130434782,79.56917808219177
2024-07-01 02:30:00,70.0,67.79379246110015,74.22173913043478,79.48698630136985
2024-07-01 02:31:00,70.0,67.79427585451359,74.02608695652174,79.40479452054794
2024-07-01 02:32:00,69.0,67.79453997809419,73.8195652173913,79.31917808219177
2024-07-01 02:33:00,69.0,67.79480398598336,73.62391304347825,79.2335616438356
2024-07-01 02:34:00,69.0,67.79506787825706,73.42826086956521,79.14794520547945
2024-07-01 02:35:00,69.0,67.79533165499124,73.23260869565217,79.06232876712328
2024-07-01 02:36:00,68.0,67.79537644998906,73.01521739130435,78.97328767123287
2024-07-01 02:37:00,68.0,67.79542122538294,72.79782608695652,78.88424657534246
2024-07-01 02:38:00,68.0,67.79546598118574,72.58043478260869,78.79589041095889
2024-07-01 02:39:00,68.0,67.79551071741032,72.37608695652175,78.70821917808219
2024-07-01 02:40:00,67.33333333333333,67.79540965084918,72.16594202898551,78.6189497716895
2024-07-01 02:41:00,67.0,67.79523575280571,71.94855072463768,78.52922374429224
2024-07-01 02:42:00,67.0,67.79506193078323,71.73115942028986,78.44018264840183
2024-07-01 02:43:00,67.0,67.79488818473193,71.51376811594204,78.35114155251141
2024-07-01 02:44:00,67.0,67.79471451460199,71.3018115942029,78.262100456621
2024-07-01 02:45:00,67.0,67.79454092034366,71.10615942028986,78.17305936073059
2024-07-01 02:46:00,66.66666666666667,67.79429460580913,70.90326086956522,78.08287671232875
2024-07-01 02:47:00,66.0,67.79390283842795,70.6858695652174,77.99041095890409
2024-07-01 02:48:00,66.0,67.79351124208688,70.58617021276596,77.89794520547945
2024-07-01 02:49:00,66.0,67.79311981667395,70.49062500000001,77.80547945205478
2024-07-01 02:50:00,66.0,67.79272856207724,70.39897959183673,77.71301369863012
2024-07-01 02:51:00,66.0,67.79233747818499,70.311,77.62054794520547
2024-07-01 02:52:00,65.6,67.79185932388222,70.21862745098039,77.52671232876712
2024-07-01 02:53:00,65.0,67.79125054513737,70.11826923076923,77.43082191780822
2024-07-01 02:54:00,65.0,67.79064203182908,70.02169811320755,77.33493150684932
2024-07-01 02:55:00,65.0,67.79003378378378,69.9287037037037,77.24246575342465
2024-07-01 02:56:00,64.0,67.78920788842885,69.8209090909091,77.14657534246575
2024-07-01 02:57:00,64.0,67.78838235294117,69.71696428571428,77.05068493150685
2024-07-01 02:58:00,64.0,67.7875571770856,69.61666666666667,76.95479452054795
2024-07-01 02:59:00,64.0,67.78673236062717,69.5198275862069,76.85890410958903
2024-07-01 03:00:00,64.0,67.78590790333115,69.42627118644069,76.76301369863013
2024-07-01 03:01:00,64.0,67.785083804963,69.33583333333334,76.66712328767123
2024-07-01 03:02:00,64.0,67.78426006528835,69.16916666666667,76.57123287671233
2024-07-01 03:03:00,63.8,67.78339316797215,68.99916666666667,76.47465753424657
2024-07-01 03:04:00,63.0,67.78235262127474,68.81583333333333,76.37534246575342
2024-07-01 03:05:00,63.0,67.78131252718573,68.6325,76.27602739726026
2024-07-01 03:06:00,63.0,67.78027288540987,68.44916666666667,76.17671232876712
2024-07-01 03:07:00,62.75,67.77917934782609,68.26166666666667,76.0765410958904
2024-07-01 03:08:00,62.0,67.77792327754835,68.06166666666667,75.97722602739725
2024-07-01 03:09:00,62.0,67.7766677531508,67.86166666666666,75.87791095890411
2024-07-01 03:10:00,62.0,67.77541277427764,67.66166666666668,75.77859589041095
2024-07-01 03:11:00,62.0,67.77415834057341,67.47416666666668,75.6792808219178
2024-07-01 03:12:00,62.0,67.77290445168295,67.29083333333334,75.58082191780821
2024-07-01 03:13:00,62.0,67.7716511072514,67.1075,75.48321917808218
2024-07-01 03:14:00,61.75,67.7703440416757,66.92,75.38647260273972
2024-07-01 03:15:00,61.0,67.7688747829861,66.72,75.28715753424657
2024-07-01 03:16:00,61.0,67.76740616185722,66.53666666666668,75.18784246575342
2024-07-01 03:17:00,61.0,67.76593817787418,66.35333333333334,75.08852739726026
2024-07-01 03:18:00,60.8,67.76442745608328,66.16666666666667,74.98852739726027
2024-07-01 03:19:00,60.0,67.76274392888118,65.96666666666667,74.88578767123288
2024-07-01 03:20:00,60.0,67.76106113158465,65.76666666666667,74.78304794520547
2024-07-01 03:21:00,60.0,67.75937906371912,65.56666666666666,74.68030821917807
2024-07-01 03:22:00,60.0,67.75769772481041,65.36999999999999,74.57756849315068
2024-07-01 03:23:00,59.833333333333336,67.75598100808782,65.18388888888889,74.47425799086759
2024-07-01 03:24:00,59.666666666666664,67.75422893653888,64.99499999999999,74.37037671232876
2024-07-01 03:25:00,59.5,67.75244153313123,64.80333333333333,74.26592465753424
2024-07-01 03:26:00,59.0,67.75054665512016,64.61166666666666,74.1597602739726
2024-07-01 03:27:00,59.0,67.7486525974026,64.42833333333333,74.05616438356164
2024-07-01 03:28:00,59.0,67.74675935944602,64.24499999999999,73.95342465753424
2024-07-01 03:29:00,59.0,67.74486694071831,64.06166666666667,73.85068493150685
2024-07-01 03:30:00,58.0,67.7427590309323,63.861666666666665,73.7445205479452
2024-07-01 03:31:00,58.0,67.74065203287198,63.66166666666666,73.63835616438355
2024-07-01 03:32:00,58.0,67.73854594594594,63.47833333333333,73.5321917808219
2024-07-01 03:33:00,58.0,67.73644076956334,63.294999999999995,73.42602739726027
2024-07-01 03:34:00,58.0,67.73433650313379,63.111666666666665,73.31986301369862
2024-07-01 03:35:00,58.0,67.73223314606741,62.92833333333333,73.21369863013697
2024-07-01 03:36:00,57.25,67.72996867573991,62.74916666666666,73.10496575342465
2024-07-01 03:37:00,57.0,67.72765118790497,62.56583333333333,72.99537671232876
2024-07-01 03:38:00,57.0,67.72533470092853,62.3825,72.88921232876712
2024-07-01 03:39:00,56.75,67.7229652417962,62.195,72.7821917808219
2024-07-01 03:40:00,56.0,67.72043492337579,62.0061111111111,72.67260273972602
2024-07-01 03:41:00,56.0,67.71790569702202,61.82277777777777,72.56301369863013
2024-07-01 03:42:00,56.0,67.71537756202805,61.639444444444436,72.45342465753424
2024-07-01 03:43:00,56.0,67.71285051768767,61.456111111111106,72.34383561643835
2024-07-01 03:44:00,56.0,67.71032456329525,61.27277777777777,72.23424657534245
2024-07-01 03:45:00,55.8,67.7077565761104,61.08611111111111,72.12397260273971
2024-07-01 03:46:00,55.0,67.70501724509593,60.891666666666666,72.01095890410959
2024-07-01 03:47:00,55.0,67.70227909482759,60.708333333333336,71.89794520547945
2024-07-01 03:48:00,54.6,67.69945593622064,60.51833333333333,71.7861301369863
2024-07-01 03:49:00,54.0,67.69650473933649,60.318333333333335,71.67311643835616
2024-07-01 03:50:00,54.0,67.69355481369804,60.11833333333333,71.56010273972602
2024-07-01 03:51:00,54.0,67.69060615848406,59.91833333333333,71.4470890410959
2024-07-01 03:52:00,54.0,67.68765877287406,59.725,71.33407534246575
2024-07-01 03:53:00,54.0,67.6847126560482,59.541666666666664,71.22106164383561
2024-07-01 03:54:00,54.0,67.68176780718743,59.358333333333334,71.10804794520547
2024-07-01 03:55:00,53.333333333333336,67.678680794607,59.16388888888889,70.9927511415525
2024-07-01 03:56:00,53.0,67.67552341005235,58.98055555555556,70.87631278538812
2024-07-01 03:57:00,53.0,67.67236738351255,58.797222222222224,70.75987442922374
2024-07-01 03:58:00,53.0,67.66921271411167,58.613888888888894,70.64343607305935
2024-07-01 03:59:00,53.0,67.6660594009745,58.43055555555556,70.52699771689497
2024-07-01 04:00:00,52.333333333333336,67.66276416648758,58.23611111111111,70.40827625570775
2024-07-01 04:01:00,52.0,67.65939872511102,58.03611111111111,70.28841324200913
2024-07-01 04:02:00,52.0,67.65603472968135,57.83611111111111,70.1685502283105
2024-07-01 04:03:00,52.0,67.6526721792669,57.639444444444436,70.04868721461186
2024-07-01 04:04:00,52.0,67.6493110729368,57.456111111111106,69.92882420091323
2024-07-01 04:05:00,51.2,67.64577966222986,57.25944444444444,69.8087899543379
2024-07-01 04:06:00,51.0,67.64220683980827,57.059444444444445,69.68892694063926
2024-07-01 04:07:00,51.0,67.63863555078684,56.86361111111111,69.56906392694063
2024-07-01 04:08:00,50.666666666666664,67.63499427876707,56.67472222222222,69.4480593607306
2024-07-01 04:09:00,50.0,67.63121156871156,56.47472222222222,69.32534246575342
2024-07-01 04:10:00,50.0,67.62743048109228,56.274722222222216,69.20319634703196
2024-07-01 04:11:00,50.0,67.62365101486563,56.07472222222222,69.08333333333333
2024-07-01 04:12:00,50.0,67.61987316898892,55.87472222222222,68.9634703196347
2024-07-01 04:13:00,49.0,67.61588262608943,55.65805555555555,68.84018264840182
2024-07-01 04:14:00,49.0,67.61189379330047,55.44555555555555,68.71689497716895
2024-07-01 04:15:00,49.0,67.60790666952299,55.245555555555555,68.59360730593608
2024-07-01 04:16:00,48.6,67.6038355822089,55.038888888888884,68.4689497716895
2024-07-01 04:17:00,48.666666666666664,67.59978051391863,54.833333333333336,68.3445205479452
2024-07-01 04:18:00,48.0,67.59558445728966,54.620000000000005,68.21780821917808
2024-07-01 04:19:00,48.0,67.5913901969178,54.42,68.0945205479452
2024-07-01 04:20:00,48.0,67.5871977316499,54.220000000000006,67.97123287671232
2024-07-01 04:21:00,48.0,67.58300706033376,54.02,67.84794520547945
2024-07-01 04:22:00,47.5,67.57871122994652,53.811666666666675,67.72294520547945
2024-07-01 04:23:00,47.25,67.57436377245509,53.60194444444445,67.59708904109588
2024-07-01 04:24:00,47.0,67.56996472097498,53.39083333333334,67.47123287671232
2024-07-01 04:25:00,47.0,67.56556755023514,53.182500000000005,67.34794520547945
2024-07-01 04:26:00,47.0,67.5611722590297,52.9825,67.22465753424657
2024-07-01 04:27:00,46.4,67.55665064102564,52.7725,67.09931506849315
2024-07-01 04:28:00,46.0,67.55204550309763,52.55583333333333,66.97260273972603
2024-07-01 04:29:00,46.0,67.54744233233662,52.339166666666664,66.8458904109589
2024-07-01 04:30:00,46.0,67.54284112748239,52.13916666666667,66.72174657534246
2024-07-01 04:31:00,46.0,67.53824188727583,51.939166666666665,66.59845890410959
2024-07-01 04:32:00,46.0,67.53364461045891,51.73916666666666,66.47517123287672
2024-07-01 04:33:00,46.0,67.52904929577464,51.53916666666667,66.35188356164383
2024-07-01 04:34:00,46.0,67.52445594196715,51.339166666666664,66.23030821917808
2024-07-01 04:35:00,46.0,67.51986454778157,51.13916666666667,66.11044520547945
2024-07-01 04:36:00,46.0,67.51527511196417,50.95166666666667,65.99058219178082
2024-07-01 04:37:00,45.5,67.51058102345415,50.76,65.87243150684931
2024-07-01 04:38:00,45.0,67.50578234917928,50.559999999999995,65.75256849315069
2024-07-01 04:39:00,45.0,67.50098572037511,50.36416666666666,65.63270547945206
2024-07-01 04:40:00,45.0,67.49619113573407,50.18083333333333,65.51284246575342
2024-07-01 04:41:00,45.0,67.49139859394973,49.997499999999995,65.39297945205479
2024-07-01 04:42:00,45.0,67.48660809371673,49.814166666666665,65.27654109589041
2024-07-01 04:43:00,45.0,67.48181963373084,49.630833333333335,65.16124429223746
2024-07-01 04:44:00,45.0,67.47703321268895,49.4475,65.04708904109589
2024-07-01 04:45:00,,67.47703321268895,49.33983050847457,65.00257731958763
2024-07-01 04:46:00,,67.47703321268895,49.24224137931034,64.95775862068966
2024-07-01 04:47:00,,67.47703321268895,49.14122807017544,64.91262975778547
2024-07-01 04:48:00,,67.47703321268895,49.043749999999996,64.8671875
2024-07-01 04:49:00,,67.47703321268895,48.95363636363636,64.82142857142857
2024-07-01 04:50:00,,67.47703321268895,48.86018518518518,64.77534965034965
2024-07-01 04:51:00,,67.47703321268895,48.763207547169806,64.72894736842105
2024-07-01 04:52:00,,67.47703321268895,48.662499999999994,64.68573943661971
2024-07-01 04:53:00,45.0,67.47224882928906,48.489423076923075,64.5730633802817
2024-07-01 04:54:00,44.6,67.46738135773569,48.30865384615385,64.46073943661972
2024-07-01 04:55:00,44.0,67.46238829787234,48.12916666666667,64.34806338028169
2024-07-01 04:56:00,44.0,67.45739736226335,47.95608974358974,64.23538732394366
2024-07-01 04:57:00,44.0,67.45240854955338,47.78301282051282,64.12271126760562
2024-07-01 04:58:00,44.0,67.44742185838825,47.609935897435896,64.0100352112676
2024-07-01 04:59:00,44.0,67.44243728741496,47.43685897435898,63.89867957746478
2024-07-01 05:00:00,44.0,67.43745483528161,47.27660256410257,63.788644366197175
2024-07-01 05:01:00,44.0,67.43247450063748,47.122756410256414,63.67904929577464
2024-07-01 05:02:00,44.0,67.42749628213299,46.96891025641026,63.569894366197175
2024-07-01 05:03:00,44.0,67.4225201784197,46.81506410256411,63.46073943661971
2024-07-01 05:04:00,44.0,67.41754618815034,46.661217948717955,63.35246478873239
2024-07-01 05:05:00,43.0,67.41236199575371,46.50352564102564,63.24330985915493
2024-07-01 05:06:00,43.0,67.40718000424538,46.349679487179486,63.13415492957746
2024-07-01 05:07:00,43.0,67.40200021222411,46.19583333333333,63.02499999999999
2024-07-01 05:08:00,43.0,67.39682261828983,46.04839743589744,62.91584507042253
2024-07-01 05:09:00,43.0,67.3916472210437,45.913782051282055,62.80669014084506
2024-07-01 05:10:00,43.0,67.38647401908801,45.77916666666667,62.6981220657277
2024-07-01 05:11:00,43.0,67.38130301102629,45.64455128205129,62.590140845070415
2024-07-01 05:12:00,,67.38130301102629,45.559150326797386,62.55335689045936
2024-07-01 05:13:00,,67.38130301102629,45.49033333333334,62.51631205673758
2024-07-01 05:14:00,,67.38130301102629,45.4187074829932,62.47900355871886
2024-07-01 05:15:00,,67.38130301102629,45.344097222222224,62.443214285714284
2024-07-01 05:16:00,,67.38130301102629,45.27482269503547,62.4089605734767
2024-07-01 05:17:00,,67.38130301102629,45.20108695652174,62.4089605734767
2024-07-01 05:18:00,,67.38130301102629,45.13888888888889,62.4089605734767
2024-07-01 05:19:00,,67.38130301102629,45.07386363636364,62.4089605734767
2024-07-01 05:20:00,,67.38130301102629,45.00581395348838,62.4089605734767
2024-07-01 05:21:00,,67.38130301102629,44.93452380952382,62.4089605734767
2024-07-01 05:22:00,,67.38130301102629,44.8719512195122,62.4089605734767
2024-07-01 05:23:00,,67.38130301102629,44.81250000000001,62.38165467625899
2024-07-01 05:24:00,,67.38130301102629,44.75641025641026,62.354151624548734
2024-07-01 05:25:00,,67.38130301102629,44.69736842105264,62.326449275362314
2024-07-01 05:26:00,,67.38130301102629,44.635135135135144,62.29854545454545
2024-07-01 05:27:00,,67.38130301102629,44.586111111111116,62.27408759124087
2024-07-01 05:28:00,,67.38130301102629,44.54571428571429,62.24945054945054
2024-07-01 05:29:00,,67.38130301102629,44.50294117647059,62.22647058823529
2024-07-01 05:30:00,,67.38130301102629,44.45757575757576,62.20516605166051
2024-07-01 05:31:00,,67.38130301102629,44.409375000000004,62.1837037037037
2024-07-01 05:32:00,,67.38130301102629,44.35806451612903,62.162081784386615
2024-07-01 05:33:00,,67.38130301102629,44.303333333333335,62.14029850746268
2024-07-01 05:34:00,,67.38130301102629,44.2448275862069,62.14029850746268
2024-07-01 05:35:00,,67.38130301102629,44.182142857142864,62.14029850746268
2024-07-01 05:36:00,,67.38130301102629,44.11481481481482,62.14029850746268
2024-07-01 05:37:00,,67.38130301102629,44.06153846153847,62.14029850746268
2024-07-01 05:38:00,,67.38130301102629,44.02400000000001,62.14029850746268
2024-07-01 05:39:00,,67.38130301102629,43.98333333333334,62.14029850746268
2024-07-01 05:40:00,,67.38130301102629,43.93913043478261,62.119600499375785
2024-07-01 05:41:00,,67.38130301102629,43.8909090909091,62.09937343358396
2024-07-01 05:42:00,,67.38130301102629,43.83809523809524,62.079937106918244
2024-07-01 05:43:00,,67.38130301102629,43.78000000000001,62.06130050505051
2024-07-01 05:44:00,,67.38130301102629,43.71578947368422,62.04336713138994
2024-07-01 05:45:00,,67.38130301102629,43.71578947368422,62.02614503816794
2024-07-01 05:46:00,,67.38130301102629,43.71578947368422,62.00964240102171
2024-07-01 05:47:00,,67.38130301102629,43.71578947368422,61.99429487179487
2024-07-01 05:48:00,,67.38130301102629,43.71578947368422,61.97882882882883
2024-07-01 05:49:00,,67.38130301102629,43.71578947368422,61.96324289405685
2024-07-01 05:50:00,,67.38130301102629,43.71578947368422,61.947535667963685
2024-07-01 05:51:00,,67.38130301102629,43.71578947368422,61.931705729166666
2024-07-01 05:52:00,,67.38130301102629,43.71578947368422,61.91575163398693
2024-07-01 05:53:00,,67.38130301102629,43.64444444444445,61.8996719160105
2024-07-01 05:54:00,,67.38130301102629,43.58823529411765,61.883465085638996
2024-07-01 05:55:00,,67.38130301102629,43.56250000000001,61.86911375661376
2024-07-01 05:56:00,,67.38130301102629,43.53333333333334,61.8566401062417
2024-07-01 05:57:00,,67.38130301102629,43.50000000000001,61.846066666666665
2024-07-01 05:58:00,,67.38130301102629,43.46153846153847,61.837416331994646
2024-07-01 05:59:00,,67.38130301102629,43.41666666666668,61.82869623655914
2024-07-01 06:00:00,,67.38130301102629,43.363636363636374,61.81990553306343
2024-07-01 06:01:00,,67.38130301102629,43.30000000000001,61.8110433604336
2024-07-01 06:02:00,,67.38130301102629,,61.80210884353741
2024-07-01 06:03:00,,67.38130301102629,,61.796174863387975
2024-07-01 06:04:00,,67.38130301102629,,61.79122085048011
2024-07-01 06:05:00,,67.38130301102629,,61.78725895316804
2024-07-01 06:06:00,,67.38130301102629,,61.78430152143845
2024-07-01 06:07:00,,67.38130301102629,,61.78236111111111
2024-07-01 06:08:00,,67.38130301102629,,61.78145048814505
2024-07-01 06:09:00,,67.38130301102629,,61.780532212885156
2024-07-01 06:10:00,,67.38130301102629,,61.77960618846695
2024-07-01 06:11:00,,67.38130301102629,,61.77867231638418
2024-07-01 06:12:00,,67.38130301102629,,61.7777304964539
2024-07-01 06:13:00,,67.38130301102629,,61.77678062678063
2024-07-01 06:14:00,,67.38130301102629,,61.7758226037196
2024-07-01 06:15:00,,67.38130301102629,,61.77916666666667
2024-07-01 06:16:00,,67.38130301102629,,61.78253968253968
2024-07-01 06:17:00,,67.3743849416755,,61.78594202898551
2024-07-01 06:18:00,,67.36746393720831,,61.793740902474525
2024-07-01 06:19:00,,67.36053999575641,,61.801608187134505
2024-07-01 06:20:00,,67.36053999575641,,61.809544787077826
2024-07-01 06:21:00,,67.36053999575641,,61.809544787077826
2024-07-01 06:22:00,,67.36053999575641,,61.809544787077826
2024-07-01 06:23:00,,67.36053999575641,,61.809544787077826
2024-07-01 06:24:00,,67.36053999575641,,61.809544787077826
2024-07-01 06:25:00,,67.36053999575641,,61.809544787077826
2024-07-01 06:26:00,,67.36053999575641,,61.809544787077826
2024-07-01 06:27:00,,67.36053999575641,,61.81312684365781
2024-07-01 06:28:00,,67.36053999575641,,61.81674074074074
2024-07-01 06:29:00,,67.36053999575641,,61.820386904761904
2024-07-01 06:30:00,,67.36053999575641,,61.82406576980568
2024-07-01 06:31:00,,67.36053999575641,,61.82406576980568
2024-07-01 06:32:00,,67.36053999575641,,61.82406576980568
2024-07-01 06:33:00,,67.36053999575641,,61.82406576980568
2024-07-01 06:34:00,,67.36053999575641,,61.82406576980568
2024-07-01 06:35:00,,67.36053999575641,,61.82406576980568
2024-07-01 06:36:00,,67.36053999575641,,61.82406576980568
2024-07-01 06:37:00,,67.36053999575641,,61.82406576980568
2024-07-01 06:38:00,,67.36053999575641,,61.82406576980568
2024-07-01 06:39:00,,67.36053999575641,,61.82406576980568
2024-07-01 06:40:00,,67.36053999575641,,61.82406576980568
2024-07-01 06:41:00,,67.36053999575641,,61.82406576980568
2024-07-01 06:42:00,,67.36053999575641,,61.82406576980568
2024-07-01 06:43:00,,67.36053999575641,,61.82406576980568
2024-07-01 06:44:00,,67.36053999575641,,61.82406576980568
2024-07-01 06:45:00,,67.36053999575641,,61.82406576980568
2024-07-01 06:46:00,,67.36053999575641,,61.82406576980568
2024-07-01 06:47:00,,67.36053999575641,,61.82406576980568
2024-07-01 06:48:00,,67.36053999575641,,61.82406576980568
2024-07-01 06:49:00,,67.36053999575641,,61.82406576980568
2024-07-01 06:50:00,,67.36053999575641,,61.82406576980568
2024-07-01 06:51:00,,67.36053999575641,,61.82406576980568
2024-07-01 06:52:00,,67.36053999575641,,61.82406576980568
2024-07-01 06:53:00,,67.36053999575641,,61.82406576980568
2024-07-01 06:54:00,100.0,67.36746393720831,,61.99449404761905
2024-07-01 06:55:00,,67.36746393720831,,61.99449404761905
2024-07-01 06:56:00,,67.36746393720831,,61.99449404761905
2024-07-01 06:57:00,,67.36746393720831,,61.99449404761905
2024-07-01 06:58:00,,67.36746393720831,,61.99449404761905
2024-07-01 06:59:00,,67.36746393720831,,61.99449404761905
2024-07-01 07:00:00,,67.36746393720831,,61.99449404761905
2024-07-01 07:01:00,,67.36746393720831,,61.90029895366218
2024-07-01 07:02:00,,67.36746393720831,,61.805255255255254
2024-07-01 07:03:00,,67.36746393720831,,61.709351432880844
2024-07-01 07:04:00,,67.36746393720831,,61.612575757575755
2024-07-01 07:05:00,,67.36746393720831,,61.51491628614916
2024-07-01 07:06:00,,67.36746393720831,,61.416360856269115
2024-07-01 07:07:00,,67.36746393720831,,61.31804915514593
2024-07-01 07:08:00,,67.36746393720831,,61.222299382716045
2024-07-01 07:09:00,,67.36746393720831,,61.12565891472868
2024-07-01 07:10:00,,67.36746393720831,,61.028115264797506
2024-07-01 07:11:00,,67.36746393720831,,60.92965571205008
2024-07-01 07:12:00,,67.36746393720831,,60.92965571205008
2024-07-01 07:13:00,,67.36746393720831,,60.92965571205008
2024-07-01 07:14:00,,67.36746393720831,,60.92965571205008
2024-07-01 07:15:00,,67.36746393720831,,60.92965571205008
2024-07-01 07:16:00,,67.36746393720831,,60.92965571205008
2024-07-01 07:17:00,,67.36746393720831,,60.92965571205008
2024-07-01 07:18:00,,67.36746393720831,,60.839701257861634
2024-07-01 07:19:00,,67.36746393720831,,60.74889415481832
2024-07-01 07:20:00,,67.36746393720831,,60.657222222222224
2024-07-01 07:21:00,,67.36746393720831,,60.56467304625199
2024-07-01 07:22:00,,67.36746393720831,,60.471233974358974
2024-07-01 07:23:00,,67.36746393720831,,60.3768921095008
2024-07-01 07:24:00,,67.36746393720831,,60.28163430420712
2024-07-01 07:25:00,,67.36746393720831,,60.18626016260162
2024-07-01 07:26:00,,67.36746393720831,,60.09076797385621
2024-07-01 07:27:00,,67.36746393720831,,59.99515599343185
2024-07-01 07:28:00,,67.36746393720831,,59.89942244224422
2024-07-01 07:29:00,,67.36746393720831,,59.80273631840796
2024-07-01 07:30:00,,67.36746393720831,,59.70675
2024-07-01 07:31:00,,67.36746393720831,,59.609798994974874
2024-07-01 07:32:00,,67.36746393720831,,59.51439393939394
2024-07-01 07:33:00,,67.36746393720831,,59.42055837563452
2024-07-01 07:34:00,,67.36746393720831,,59.32576530612245
2024-07-01 07:35:00,,67.36746393720831,,59.230000000000004
2024-07-01 07:36:00,,67.36746393720831,,59.13324742268041
2024-07-01 07:37:00,,67.36746393720831,,59.035492227979276
2024-07-01 07:38:00,,67.36746393720831,,58.936718750000004
2024-07-01 07:39:00,,67.36746393720831,,58.84005235602095
2024-07-01 07:40:00,,67.36746393720831,,58.74447368421053
2024-07-01 07:41:00,,67.36746393720831,,58.6478835978836
2024-07-01 07:42:00,,67.36746393720831,,58.55026595744681
2024-07-01 07:43:00,,67.36746393720831,,58.45160427807487
2024-07-01 07:44:00,,67.36746393720831,,58.35322580645162
2024-07-01 07:45:00,,67.36746393720831,,58.25783783783784
2024-07-01 07:46:00,,67.36746393720831,,58.16141304347826
2024-07-01 07:47:00,,67.36746393720831,,58.063934426229515
2024-07-01 07:48:00,,67.36746393720831,,58.063934426229515
2024-07-01 07:49:00,,67.36746393720831,,58.063934426229515
2024-07-01 07:50:00,,67.36746393720831,,58.063934426229515
2024-07-01 07:51:00,,67.36746393720831,,58.063934426229515
2024-07-01 07:52:00,,67.36746393720831,,58.063934426229515
2024-07-01 07:53:00,,67.36746393720831,,58.063934426229515
2024-07-01 07:54:00,,67.36746393720831,,58.063934426229515
2024-07-01 07:55:00,,67.36746393720831,,58.063934426229515
2024-07-01 07:56:00,,67.36746393720831,,58.063934426229515
2024-07-01 07:57:00,,67.36746393720831,,58.063934426229515
2024-07-01 07:58:00,,67.36746393720831,,58.063934426229515
2024-07-01 07:59:00,,67.36746393720831,,58.063934426229515
2024-07-01 08:00:00,,67.36746393720831,,58.063934426229515
2024-07-01 08:01:00,,67.36746393720831,,58.063934426229515
2024-07-01 08:02:00,,67.36746393720831,,57.97637362637363
2024-07-01 08:03:00,,67.36746393720831,,57.88784530386741
2024-07-01 08:04:00,,67.36746393720831,,57.79833333333334
2024-07-01 08:05:00,,67.36746393720831,,57.70782122905028
2024-07-01 08:06:00,,67.36746393720831,,57.61629213483147
2024-07-01 08:07:00,,67.36746393720831,,57.52372881355932
2024-07-01 08:08:00,,67.36746393720831,,57.43011363636364
2024-07-01 08:09:00,,67.36746393720831,,57.33542857142857
2024-07-01 08:10:00,,67.36746393720831,,57.2396551724138
2024-07-01 08:11:00,,67.36746393720831,,57.1471098265896
2024-07-01 08:12:00,,67.36746393720831,,57.05494186046512
2024-07-01 08:13:00,,67.36746393720831,,56.96169590643275
2024-07-01 08:14:00,,67.36746393720831,,56.86735294117648
2024-07-01 08:15:00,,67.36746393720831,,56.77189349112427
2024-07-01 08:16:00,,67.36746393720831,,56.681250000000006
2024-07-01 08:17:00,,67.36746393720831,,56.58952095808384
2024-07-01 08:18:00,,67.36746393720831,,56.496686746987955
2024-07-01 08:19:00,,67.36746393720831,,56.402727272727276
2024-07-01 08:20:00,,67.36746393720831,,56.30762195121952
2024-07-01 08:21:00,,67.36746393720831,,56.21134969325154
2024-07-01 08:22:00,,67.36746393720831,,56.11512345679012
2024-07-01 08:23:00,,67.36746393720831,,56.022670807453416
2024-07-01 08:24:00,,67.36746393720831,,55.9290625
2024-07-01 08:25:00,,67.36746393720831,,55.83427672955975
2024-07-01 08:26:00,,67.36746393720831,,55.74145569620253
2024-07-01 08:27:00,,67.36746393720831,,55.650636942675156
2024-07-01 08:28:00,,67.36746393720831,,55.558653846153845
2024-07-01 08:29:00,,67.36746393720831,,55.46548387096774
2024-07-01 08:30:00,,67.36746393720831,,55.3711038961039
2024-07-01 08:31:00,,67.36746393720831,,55.27549019607843
2024-07-01 08:32:00,,67.36746393720831,,55.18519736842105
2024-07-01 08:33:00,,67.36746393720831,,55.09370860927152
2024-07-01 08:34:00,,67.36746393720831,,55.001
2024-07-01 08:35:00,,67.36746393720831,,54.90704697986577
2024-07-01 08:36:00,,67.36746393720831,,54.81858108108108
2024-07-01 08:37:00,,67.36746393720831,,54.72891156462585
2024-07-01 08:38:00,,67.36746393720831,,54.63801369863013
2024-07-01 08:39:00,,67.36746393720831,,54.54586206896551
2024-07-01 08:40:00,,67.36746393720831,,54.457060185185185
2024-07-01 08:41:00,,67.36746393720831,,54.36934731934732
2024-07-01 08:42:00,,67.36746393720831,,54.28039906103287
2024-07-01 08:43:00,,67.36746393720831,,54.19018912529551
2024-07-01 08:44:00,,67.36746393720831,,54.09869047619048
2024-07-01 08:45:00,,67.36746393720831,,54.00587529976019
2024-07-01 08:46:00,,67.36746393720831,,53.91413043478261
2024-07-01 08:47:00,,67.36746393720831,,53.82591240875912
2024-07-01 08:48:00,,67.36746393720831,,53.73639705882353
2024-07-01 08:49:00,,67.36746393720831,,53.64555555555555
2024-07-01 08:50:00,,67.36746393720831,,53.553358208955224
2024-07-01 08:51:00,,67.36746393720831,,53.45977443609022
2024-07-01 08:52:00,,67.36746393720831,,53.36780303030303
2024-07-01 08:53:00,,67.36746393720831,,53.27900763358779
2024-07-01 08:54:00,,67.36746393720831,,53.18884615384616
2024-07-01 08:55:00,,67.36746393720831,,53.09728682170543
2024-07-01 08:56:00,,67.36746393720831,,53.012109375
2024-07-01 08:57:00,,67.36746393720831,,52.9255905511811
2024-07-01 08:58:00,,67.36746393720831,,52.837698412698415
2024-07-01 08:59:00,,67.36746393720831,,52.748400000000004
2024-07-01 09:00:00,,67.36746393720831,,52.65766129032258
2024-07-01 09:01:00,,67.36746393720831,,52.56544715447155
2024-07-01 09:02:00,,67.36746393720831,,52.47172131147541
2024-07-01 09:03:00,,67.36746393720831,,52.37809917355372
2024-07-01 09:04:00,,67.36746393720831,,52.28958333333333
2024-07-01 09:05:00,,67.36746393720831,,52.19957983193277
2024-07-01 09:06:00,,67.36746393720831,,52.108050847457626
2024-07-01 09:07:00,,67.36746393720831,,52.01709401709402
2024-07-01 09:08:00,,67.36746393720831,,51.93103448275862
2024-07-01 09:09:00,,67.36746393720831,,51.84347826086957
2024-07-01 09:10:00,,67.36746393720831,,51.75438596491228
2024-07-01 09:11:00,,67.36746393720831,,51.663716814159294
2024-07-01 09:12:00,,67.36746393720831,,51.57142857142857
2024-07-01 09:13:00,,67.36746393720831,,51.47747747747748
2024-07-01 09:14:00,,67.36746393720831,,51.38409090909091
2024-07-01 09:15:00,,67.36746393720831,,51.29587155963303
2024-07-01 09:16:00,,67.36746393720831,,51.20601851851852
2024-07-01 09:17:00,,67.36746393720831,,51.11448598130841
2024-07-01 09:18:00,,67.36746393720831,,51.02311320754717
2024-07-01 09:19:00,,67.36746393720831,,50.937619047619044
2024-07-01 09:20:00,,67.36746393720831,,50.85048076923077
2024-07-01 09:21:00,,67.36746393720831,,50.76165048543689
2024-07-01 09:22:00,,67.36746393720831,,50.67107843137255
2024-07-01 09:23:00,,67.36746393720831,,50.58036303630363
2024-07-01 09:24:00,,67.36746393720831,,50.4895
2024-07-01 09:25:00,,67.36746393720831,,50.39848484848485
2024-07-01 09:26:00,,67.36746393720831,,50.31071428571428
2024-07-01 09:27:00,,67.36746393720831,,50.22113402061856
2024-07-01 09:28:00,,67.36746393720831,,50.129687499999996
2024-07-01 09:29:00,,67.36053999575641,,50.03631578947368
2024-07-01 09:30:00,,67.3536131154499,,49.95159574468085
2024-07-01 09:31:00,,67.34668329441732,,49.865053763440855
2024-07-01 09:32:00,,67.33975053078555,,49.776630434782604
2024-07-01 09:33:00,,67.33281482267996,,49.68626373626373
2024-07-01 09:34:00,,67.3258761682243,,49.593888888888884
2024-07-01 09:35:00,,67.31893456554067,,49.49943820224719
2024-07-01 09:36:00,,67.31213167587477,,49.41136363636363
2024-07-01 09:37:00,,67.30539674105562,,49.32413793103448
2024-07-01 09:38:00,,67.29865894274376,,49.23488372093023
2024-07-01 09:39:00,,67.29191827911262,,49.14647058823529
2024-07-01 09:40:00,,67.28517474833404,,49.06488095238095
2024-07-01 09:41:00,,67.27842834857832,,48.98132530120482
2024-07-01 09:42:00,,67.2717854609929,,48.89573170731707
2024-07-01 09:43:00,,67.26524615166348,,48.80802469135802
2024-07-01 09:44:00,,67.25870405846459,,48.718125
2024-07-01 09:45:00,,67.25215917961819,,48.62848101265823
2024-07-01 09:46:00,,67.24561151334468,,48.54679487179487
2024-07-01 09:47:00,,67.23906105786297,,48.462987012987014
2024-07-01 09:48:00,,67.23250781139042,,48.382236842105264
2024-07-01 09:49:00,,67.2259517721429,,48.30733333333333
2024-07-01 09:50:00,,67.21939293833475,,48.230405405405406
2024-07-01 09:51:00,,67.21283130817878,,48.1513698630137
2024-07-01 09:52:00,,67.20626687988629,,48.07013888888889
2024-07-01 09:53:00,,67.19969965166702,,47.98661971830986
2024-07-01 09:54:00,,67.19312962172924,,47.90071428571429
2024-07-01 09:55:00,,67.18655678827963,,47.8219806763285
2024-07-01 09:56:00,,67.1799811495234,,47.74583333333334
2024-07-01 09:57:00,,67.17344539309853,,47.667412935323384
2024-07-01 09:58:00,,67.1669353116994,,47.58661616161616
2024-07-01 09:59:00,,67.1605648088832,,47.50333333333333
2024-07-01 10:00:00,,67.15419158479283,,47.42786458333333
2024-07-01 10:01:00,,67.14781563768425,,47.355291005291
2024-07-01 10:02:00,,67.14143696581196,,47.28037634408602
2024-07-01 10:03:00,,67.13505556742894,,47.203005464480874
2024-07-01 10:04:00,,67.12867144078666,,47.12305555555555
2024-07-01 10:05:00,,67.12228458413513,,47.05395480225989
2024-07-01 10:06:00,,67.11589499572284,,46.98591954022989
2024-07-01 10:07:00,,67.10950267379678,,46.91549707602339
2024-07-01 10:08:00,,67.10310761660249,,46.8485119047619
2024-07-01 10:09:00,,67.0967098223839,,46.79121212121212
2024-07-01 10:10:00,,67.09030928938355,,46.73179012345678
2024-07-01 10:11:00,,67.08412010276172,,46.67012578616352
2024-07-01 10:12:00,,67.07792826552462,,46.60608974358974
2024-07-01 10:13:00,,67.07173377596915,,46.55915032679738
2024-07-01 10:14:00,,67.06553663239075,,46.51033333333333
2024-07-01 10:15:00,,67.05933683308335,,46.4595238095238
2024-07-01 10:16:00,,67.05313437633947,,46.41493055555555
2024-07-01 10:17:00,,67.04692926045016,,46.36702127659574
2024-07-01 10:18:00,,67.04072148370497,,46.33152173913044
2024-07-01 10:19:00,,67.03451104439202,,46.294444444444444
2024-07-01 10:20:00,,67.02829794079794,,46.25568181818182
2024-07-01 10:21:00,,67.0220821712079,,46.21511627906977
2024-07-01 10:22:00,,67.01586373390558,,46.18452380952381
2024-07-01 10:23:00,,67.0096426271732,,46.15853658536585
2024-07-01 10:24:00,,67.00341884929153,,46.1375
2024-07-01 10:25:00,100.0,67.00427758694718,,47.4625
2024-07-01 10:26:00,100.0,67.00513632460283,,48.7875
2024-07-01 10:27:00,100.0,67.00599506225848,,50.1275
2024-07-01 10:28:00,100.0,67.00685379991413,,51.4775
2024-07-01 10:29:00,100.0,67.00771253756977,,52.8275
2024-07-01 10:30:00,100.0,67.00857127522542,,54.177499999999995
2024-07-01 10:31:00,100.0,67.00943001288107,,55.527499999999996
2024-07-01 10:32:00,100.0,67.0102887505367,,56.8775
2024-07-01 10:33:00,100.0,67.0112762988407,,58.2275
2024-07-01 10:34:00,100.0,67.01234972091025,100.0,59.5775
2024-07-01 10:35:00,99.0,67.0132084585659,99.9090909090909,60.902499999999996
2024-07-01 10:36:00,99.0,67.01406719622155,99.83333333333333,62.2275
2024-07-01 10:37:00,99.0,67.0149259338772,99.76923076923077,63.565
2024-07-01 10:38:00,99.0,67.01578467153284,99.71428571428571,64.91499999999999
2024-07-01 10:39:00,99.0,67.01664340918849,99.66666666666667,66.265
2024-07-01 10:40:00,99.0,67.01750214684414,99.625,67.615
2024-07-01 10:41:00,99.0,67.01848969514813,99.58823529411765,68.965
2024-07-01 10:42:00,99.0,67.01956311721769,99.55555555555556,70.315
2024-07-01 10:43:00,99.0,67.02063653928725,99.52631578947368,71.66499999999999
2024-07-01 10:44:00,99.0,67.0217099613568,99.5,73.015
2024-07-01 10:45:00,99.0,67.02278338342636,99.47619047619048,73.64878048780487
2024-07-01 10:46:00,98.0,67.023642121082,99.4090909090909,74.22857142857143
2024-07-01 10:47:00,98.0,67.02450085873765,99.34782608695652,74.78139534883721
2024-07-01 10:48:00,98.0,67.0253595963933,99.29166666666667,75.30909090909091
2024-07-01 10:49:00,98.0,67.02621833404895,99.24,75.81333333333333
2024-07-01 10:50:00,98.0,67.0270770717046,99.1923076923077,76.29565217391304
2024-07-01 10:51:00,98.0,67.02793580936024,99.14814814814815,76.75744680851064
2024-07-01 10:52:00,98.0,67.02879454701589,99.10714285714286,77.2
2024-07-01 10:53:00,98.0,67.02965328467154,99.06896551724138,78.30416666666666
2024-07-01 10:54:00,98.0,67.03072670674109,99.03333333333333,79.41666666666667
2024-07-01 10:55:00,98.0,67.03180012881064,99.0,80.54166666666667
2024-07-01 10:56:00,98.0,67.03287355088021,98.96875,81.66666666666667
2024-07-01 10:57:00,98.0,67.03394697294976,98.93939393939394,82.79166666666667
2024-07-01 10:58:00,98.0,67.0350740661228,98.91176470588235,83.91666666666667
2024-07-01 10:59:00,98.0,67.03629061113496,98.88571428571429,85.04166666666667
2024-07-01 11:00:00,98.0,67.03757871761843,98.86111111111111,86.16666666666667
2024-07-01 11:01:00,97.0,67.03865213968798,98.8108108108108,87.27083333333333
2024-07-01 11:02:00,97.0,67.03972556175754,98.76315789473684,88.375
2024-07-01 11:03:00,97.0,67.0407989838271,98.71794871794872,89.47916666666667
2024-07-01 11:04:00,97.0,67.04208709031057,98.675,90.58333333333333
2024-07-01 11:05:00,97.0,67.04337519679403,98.63414634146342,91.70833333333333
2024-07-01 11:06:00,97.0,67.0446633032775,98.5952380952381,92.83333333333333
2024-07-01 11:07:00,97.0,67.04595140976097,98.55813953488372,93.95833333333333
2024-07-01 11:08:00,96.5,67.04723951624445,98.51136363636364,95.07291666666667
2024-07-01 11:09:00,96.0,67.04852762272792,98.45555555555555,96.17708333333333
2024-07-01 11:10:00,96.0,67.04981572921139,98.40217391304348,97.28125
2024-07-01 11:11:00,96.0,67.05110383569486,98.35106382978724,98.38541666666667
2024-07-01 11:12:00,96.0,67.05239194217832,98.30208333333333,98.33673469387755
2024-07-01 11:13:00,96.0,67.05368004866179,98.25510204081633,98.29
2024-07-01 11:14:00,,67.04875277360246,98.25510204081633,98.29
2024-07-01 11:15:00,,67.04382338201603,98.25510204081633,98.29
2024-07-01 11:16:00,,67.03889187253849,98.25510204081633,98.29
2024-07-01 11:17:00,,67.0339582438046,98.25510204081633,98.29
2024-07-01 11:18:00,,67.02902249444801,98.25510204081633,98.29
2024-07-01 11:19:00,,67.02408462310116,98.25510204081633,98.29
2024-07-01 11:20:00,,67.01914462839532,98.25510204081633,98.29
2024-07-01 11:21:00,,67.01420250896057,98.25510204081633,98.29
2024-07-01 11:22:00,,67.00925826342582,98.25510204081633,98.29
2024-07-01 11:23:00,,67.00441946356855,98.25510204081633,98.29
2024-07-01 11:24:00,,66.99968617746215,98.25510204081633,98.29
2024-07-01 11:25:00,,66.99495085378102,98.21875,98.29
2024-07-01 11:26:00,,66.99021349120918,98.18085106382979,98.29
2024-07-01 11:27:00,,66.98547408842951,98.1413043478261,98.29
2024-07-01 11:28:00,,66.98073264412376,98.1,98.29
2024-07-01 11:29:00,,66.97598915697256,98.05681818181819,98.29
2024-07-01 11:30:00,,66.9712974933563,98.01162790697674,98.29
2024-07-01 11:31:00,,66.96676544540229,97.96428571428571,98.29
2024-07-01 11:32:00,,66.96223144355822,97.91463414634147,98.29
2024-07-01 11:33:00,,66.9576954865603,97.8625,98.29
2024-07-01 11:34:00,,66.95331931564948,97.8076923076923,98.29
2024-07-01 11:35:00,,66.94899518262869,97.77631578947368,98.29
2024-07-01 11:36:00,,66.94466918374684,97.74324324324324,98.29
2024-07-01 11:37:00,,66.9405571140843,97.70833333333333,98.29
2024-07-01 11:38:00,,66.93644326929994,97.67142857142858,98.29
2024-07-01 11:39:00,,66.93238162061024,97.63235294117646,98.29
2024-07-01 11:40:00,96.0,66.93475640472077,97.54411764705883,98.24509803921569
2024-07-01 11:41:00,96.0,66.93718516119746,97.45588235294117,98.20192307692308
2024-07-01 11:42:00,96.0,66.93977583477259,97.36764705882354,98.16037735849056
2024-07-01 11:43:00,96.0,66.94236650834772,97.27941176470588,98.12037037037037
2024-07-01 11:44:00,96.0,66.94495718192285,97.19117647058823,98.08181818181818
2024-07-01 11:45:00,96.0,66.94754785549797,97.1029411764706,98.04464285714286
2024-07-01 11:46:00,96.0,66.9501385290731,97.04411764705883,98.00877192982456
2024-07-01 11:47:00,96.0,66.95283714738054,96.98529411764706,97.97413793103448
2024-07-01 11:48:00,96.0,66.95564371042026,96.92647058823529,97.94067796610169
2024-07-01 11:49:00,96.0,66.95850424582613,96.86764705882354,97.90833333333333
2024-07-01 11:50:00,96.0,66.96152669833045,96.80882352941177,97.87704918032787
2024-07-01 11:51:00,96.0,66.96454915083477,96.75,97.84677419354838
2024-07-01 11:52:00,96.0,66.96757160333908,96.69117647058823,97.81746031746032
2024-07-01 11:53:00,96.0,66.9705940558434,96.63235294117646,97.7890625
2024-07-01 11:54:00,96.0,66.97383239781232,96.57352941176471,97.76153846153846
2024-07-01 11:55:00,96.0,66.97707073978123,96.51470588235294,97.73484848484848
2024-07-01 11:56:00,96.0,66.98047099884859,96.45588235294117,97.7089552238806
2024-07-01 11:57:00,95.6,66.98383887449626,96.38529411764705,97.6779411764706
2024-07-01 11:58:00,95.0,66.98707721646517,96.29705882352941,97.63913043478261
2024-07-01 11:59:00,95.0,66.99042350316638,96.20882352941176,97.60142857142857
2024-07-01 12:00:00,95.0,66.99387773459988,96.12058823529412,97.56478873239438
2024-07-01 12:01:00,95.0,66.99749388313184,96.06176470588235,97.52916666666667
2024-07-01 12:02:00,95.0,67.00116400402993,96.00294117647059,97.49452054794521
2024-07-01 12:03:00,95.0,67.00483412492804,95.94411764705882,97.46081081081081
2024-07-01 12:04:00,95.0,67.00850424582613,95.88529411764705,97.42800000000001
2024-07-01 12:05:00,95.0,67.01239025618884,95.8264705882353,97.39605263157895
2024-07-01 12:06:00,95.0,67.01627626655153,95.76764705882353,97.36493506493507
2024-07-01 12:07:00,95.0,67.02016227691422,95.70882352941176,97.33461538461539
2024-07-01 12:08:00,95.0,67.02413464306275,95.66470588235293,97.30506329113925
2024-07-01 12:09:00,95.0,67.02819336499712,95.63529411764705,97.27625
2024-07-01 12:10:00,95.0,67.03233844271733,95.60588235294118,97.24814814814815
2024-07-01 12:11:00,95.0,67.03656987622337,95.5764705882353,97.22073170731707
2024-07-01 12:12:00,95.0,67.04088766551526,95.54705882352941,97.19397590361446
2024-07-01 12:13:00,94.8,67.04521624928036,95.51176470588236,97.16547619047618
2024-07-01 12:14:00,94.0,67.04953403857225,95.46857142857144,97.12823529411764
2024-07-01 12:15:00,94.0,67.05385182786414,95.42777777777778,97.09186046511627
2024-07-01 12:16:00,94.0,67.05816961715601,95.3891891891892,97.05632183908045
2024-07-01 12:17:00,94.0,67.06270329591248,95.35263157894737,97.0215909090909
2024-07-01 12:18:00,94.0,67.06723697466897,95.31794871794872,96.9876404494382
2024-07-01 12:19:00,94.0,67.07177065342545,95.285,96.95444444444443
2024-07-01 12:20:00,94.0,67.07652022164652,95.25365853658536,96.92197802197802
2024-07-01 12:21:00,94.0,67.08126978986759,95.22380952380952,96.89021739130435
2024-07-01 12:22:00,93.4,67.0858898244099,95.18139534883721,96.852688172043
2024-07-01 12:23:00,93.0,67.09058542026483,95.13181818181819,96.81170212765957
2024-07-01 12:24:00,93.0,67.0953349884859,95.08444444444444,96.77157894736841
2024-07-01 12:25:00,93.0,67.10019250143927,95.0391304347826,96.73229166666665
2024-07-01 12:26:00,93.0,67.10515795912492,94.99574468085106,96.69381443298968
2024-07-01 12:27:00,93.0,67.1101234168106,94.95416666666667,96.65612244897959
2024-07-01 12:28:00,92.0,67.11498092976396,94.89387755102041,96.6090909090909
2024-07-01 12:29:00,92.0,67.11994638744963,94.836,96.56299999999999
2024-07-01 12:30:00,92.0,67.12491184513529,94.78039215686275,96.51782178217822
2024-07-01 12:31:00,92.0,67.12998524755325,94.72692307692309,96.4735294117647
2024-07-01 12:32:00,92.0,67.13516659470352,94.67547169811321,96.43009708737863
2024-07-01 12:33:00,91.6,67.14026158606794,94.61851851851851,96.38365384615385
2024-07-01 12:34:00,91.0,67.14538896085205,94.55272727272727,96.33238095238094
2024-07-01 12:35:00,91.0,67.1505703080023,94.48928571428571,96.2820754716981
2024-07-01 12:36:00,91.0,67.15575165515256,94.42807017543859,96.23271028037382
2024-07-01 12:37:00,91.0,67.16098697466897,94.36896551724138,96.18425925925925
2024-07-01 12:38:00,91.0,67.16638421128381,94.31186440677965,96.13669724770642
2024-07-01 12:39:00,90.0,67.17156555843408,94.24,96.08090909090909
2024-07-01 12:40:00,90.0,67.17674690558434,94.14,96.02612612612613
2024-07-01 12:41:00,90.0,67.18198222510074,94.03999999999999,95.97232142857142
2024-07-01 12:42:00,90.0,67.1873794617156,93.94,95.91946902654867
2024-07-01 12:43:00,90.0,67.19277669833045,93.83999999999999,95.86754385964912
2024-07-01 12:44:00,90.0,67.1981739349453,93.74,95.81652173913044
2024-07-01 12:45:00,90.0,67.20357117156016,93.64,95.76637931034483
2024-07-01 12:46:00,90.0,67.20918429763961,93.53999999999999,95.71709401709401
2024-07-01 12:47:00,89.6,67.21471106793321,93.43333333333334,95.66525423728814
2024-07-01 12:48:00,89.0,67.22010830454806,93.31666666666666,95.60924369747899
2024-07-01 12:49:00,89.0,67.22550554116292,93.2,95.55416666666666
2024-07-01 12:50:00,89.0,67.23111866724237,93.08333333333333,95.5
2024-07-01 12:51:00,88.0,67.23662384858952,92.95,95.43852459016394
2024-07-01 12:52:00,88.0,67.24223697466896,92.81666666666666,95.3780487804878
2024-07-01 12:53:00,88.0,67.24785010074841,92.68333333333334,95.31854838709677
2024-07-01 12:54:00,88.0,67.25353518998273,92.55,95.22177419354838
2024-07-01 12:55:00,88.0,67.25931023316062,92.41666666666667,95.164
2024-07-01 12:56:00,88.0,67.26513924870466,92.28333333333333,95.10714285714286
2024-07-01 12:57:00,87.0,67.27075237478411,92.14,95.04330708661418
2024-07-01 12:58:00,87.0,67.27636550086356,92.00666666666666,94.98046875
2024-07-01 12:59:00,86.0,67.28176273747842,91.85666666666665,94.9108527131783
2024-07-01 13:00:00,86.0,67.28730390040299,91.70666666666666,94.8423076923077
2024-07-01 13:01:00,86.0,67.29291702648243,91.55666666666666,94.77480916030534
2024-07-01 13:02:00,86.0,67.29853015256188,91.40666666666667,94.70833333333333
2024-07-01 13:03:00,86.0,67.30414327864133,91.25666666666666,94.64285714285714
2024-07-01 13:04:00,86.0,67.30997229418537,91.10666666666665,94.57835820895522
2024-07-01 13:05:00,86.0,67.31585528209555,90.95666666666666,94.51481481481481
2024-07-01 13:06:00,85.5,67.32172027921703,90.79833333333333,94.44852941176471
2024-07-01 13:07:00,85.0,67.3273765831894,90.63166666666666,94.37956204379562
2024-07-01 13:08:00,85.0,67.33320559873344,90.46499999999999,94.31159420289855
2024-07-01 13:09:00,85.0,67.3390346142775,90.29833333333333,94.24460431654676
2024-07-01 13:10:00,85.0,67.34486362982153,90.13166666666666,94.17857142857143
2024-07-01 13:11:00,84.75,67.35063867299942,89.96083333333333,94.11170212765957
2024-07-01 13:12:00,84.0,67.35646768854346,89.77749999999999,94.04049295774648
2024-07-01 13:13:00,84.0,67.36235067645366,89.59750000000001,93.97027972027972
2024-07-01 13:14:00,84.0,67.3683955814623,89.43083333333334,93.90104166666667
2024-07-01 13:15:00,84.0,67.37444048647093,89.26416666666667,93.83275862068966
2024-07-01 13:16:00,83.5,67.38037744674726,89.08916666666667,93.76198630136986
2024-07-01 13:17:00,83.0,67.3863144070236,88.90583333333333,93.68877551020408
2024-07-01 13:18:00,83.0,67.39235931203224,88.72250000000001,93.61655405405405
2024-07-01 13:19:00,82.25,67.39831426309729,88.52666666666667,93.54026845637584
2024-07-01 13:20:00,82.0,67.40435916810593,88.32666666666667,93.46333333333334
2024-07-01 13:21:00,82.0,67.41040407311456,88.12666666666668,93.38741721854305
2024-07-01 13:22:00,82.0,67.4164489781232,87.93666666666667,93.3125
2024-07-01 13:23:00,81.75,67.42243991076568,87.74916666666667,93.23692810457516
2024-07-01 13:24:00,81.0,67.42843084340817,87.54916666666666,93.15746753246754
2024-07-01 13:25:00,81.0,67.4344757484168,87.34916666666666,93.07903225806452
2024-07-01 13:26:00,81.0,67.44052065342544,87.14916666666666,93.00160256410257
2024-07-01 13:27:00,80.25,67.44661953080022,86.93666666666667,92.92038216560509
2024-07-01 13:28:00,80.0,67.45266443580886,86.73666666666666,92.8386075949367
2024-07-01 13:29:00,80.0,67.45870934081749,86.53666666666666,92.75786163522012
2024-07-01 13:30:00,79.75,67.46470027345998,86.3325,92.6765625
2024-07-01 13:31:00,79.0,67.47052928900402,86.11583333333333,92.5916149068323
2024-07-01 13:32:00,79.0,67.47635830454807,85.89916666666666,92.50771604938272
2024-07-01 13:33:00,78.0,67.48197143062751,85.6725,92.41871165644172
2024-07-01 13:34:00,78.0,67.48758455670696,85.45583333333335,92.33079268292683
2024-07-01 13:35:00,78.0,67.49334160909613,85.23916666666668,92.2439393939394
2024-07-01 13:36:00,78.0,67.49917062464019,85.02250000000001,92.15813253012048
2024-07-01 13:37:00,77.0,67.5049564622913,84.78916666666667,92.06736526946108
2024-07-01 13:38:00,77.0,67.51078547783534,84.55583333333334,91.97767857142857
2024-07-01 13:39:00,77.0,67.51661449337938,84.33916666666667,91.88905325443787
2024-07-01 13:40:00,77.0,67.52255145365572,84.1225,91.80147058823529
2024-07-01 13:41:00,76.0,67.52838046919976,83.88916666666667,91.70906432748538
2024-07-01 13:42:00,76.0,67.53429584052965,83.65583333333333,91.61773255813954
2024-07-01 13:43:00,76.0,67.54034074553829,83.4225,91.52745664739885
2024-07-01 13:44:00,76.0,67.54638565054692,83.18916666666668,91.4382183908046
2024-07-01 13:45:00,75.33333333333333,67.55228662924584,82.94472222222223,91.34619047619049
2024-07-01 13:46:00,75.16666666666666,67.55831354346574,82.6975,91.25426136363636
2024-07-01 13:47:00,75.0,67.56435844847438,82.45416666666667,91.16242937853107
2024-07-01 13:48:00,74.25,67.57041414795624,82.20833333333333,91.06741573033707
2024-07-01 13:49:00,74.0,67.57645905296488,81.95833333333333,90.97206703910615
2024-07-01 13:50:00,74.0,67.58250395797351,81.70833333333333,90.87777777777778
2024-07-01 13:51:00,74.0,67.5887107800806,81.475,90.78453038674033
2024-07-01 13:52:00,73.0,67.59475568508924,81.225,90.68681318681318
2024-07-01 13:53:00,73.0,67.60080059009786,80.975,90.59016393442623
2024-07-01 13:54:00,72.75,67.60700741220495,80.72083333333333,90.49320652173913
2024-07-01 13:55:00,72.0,67.61305231721359,80.45416666666667,90.39324324324325
2024-07-01 13:56:00,72.0,67.61909722222222,80.1875,90.29435483870968
2024-07-01 13:57:00,72.0,67.6253040443293,79.9375,90.19652406417113
2024-07-01 13:58:00,71.25,67.63140292170408,79.675,90.09574468085107
2024-07-01 13:59:00,71.0,67.63759175302245,79.425,89.994708994709
2024-07-01 14:00:00,71.0,67.64385254749567,79.175,89.89473684210526
2024-07-01 14:01:00,70.66666666666667,67.65004137881404,78.91944444444445,89.79406631762653
2024-07-01 14:02:00,70.0,67.65608628382267,78.65277777777779,89.69097222222223
2024-07-01 14:03:00,70.0,67.66213118883131,78.38611111111112,89.58894645941278
2024-07-01 14:04:00,70.0,67.66828403857224,78.11944444444445,89.48797250859107
2024-07-01 14:05:00,70.0,67.67454483304547,77.85277777777779,89.3880341880342
2024-07-01 14:06:00,70.0,67.67504676595438,77.59444444444445,89.28911564625851
2024-07-01 14:07:00,69.25,67.67538663501654,77.33194444444445,89.18739424703892
2024-07-01 14:08:00,69.0,67.67567241999281,77.06527777777778,89.08543771043772
2024-07-01 14:09:00,68.25,67.6757963042853,76.78611111111111,88.98073701842547
2024-07-01 14:10:00,68.0,67.6758662209762,76.50277777777778,88.87583333333333
2024-07-01 14:11:00,68.0,67.6759361075176,76.22361111111111,88.77197346600332
2024-07-01 14:12:00,67.66666666666667,67.67593410936264,75.95138888888889,88.66749174917491
2024-07-01 14:13:00,67.33333333333333,67.6758602729885,75.67361111111111,88.56239737274221
2024-07-01 14:14:00,67.0,67.67571464483228,75.39027777777778,88.45669934640523
2024-07-01 14:15:00,67.0,67.67556907941979,75.10694444444445,88.35203252032521
2024-07-01 14:16:00,67.0,67.67542357671046,74.83194444444445,88.24838187702267
2024-07-01 14:17:00,66.0,67.67506280505312,74.54861111111111,88.14090177133656
2024-07-01 14:18:00,66.0,67.6747021887334,74.26527777777778,88.03445512820514
2024-07-01 14:19:00,66.0,67.67434172765103,73.99444444444445,87.92902711323765
2024-07-01 14:20:00,66.0,67.67398142170575,73.72777777777779,87.82460317460318
2024-07-01 14:21:00,66.0,67.67362127079747,73.46111111111112,87.72116903633491
2024-07-01 14:22:00,65.0,67.67304617480461,73.17777777777778,87.61399371069183
2024-07-01 14:23:00,65.0,67.67247132616487,72.89861111111112,87.50782472613459
2024-07-01 14:24:00,64.0,67.67168171719342,72.61527777777778,87.39797507788163
2024-07-01 14:25:00,64.0,67.67089244769274,72.33194444444445,87.28914728682172
2024-07-01 14:26:00,64.0,67.67010351744393,72.04861111111111,87.18132716049384
2024-07-01 14:27:00,64.0,67.66931492622832,71.77777777777779,87.07450076804916
2024-07-01 14:28:00,63.2,67.66835481561046,71.49777777777778,86.96498470948012
2024-07-01 14:29:00,63.0,67.66735216208477,71.21444444444445,86.85555555555555
2024-07-01 14:30:00,63.0,67.66634993915969,70.93527777777778,86.7471212121212
2024-07-01 14:31:00,62.25,67.66518713324746,70.65611111111112,86.63627450980391
2024-07-01 14:32:00,62.0,67.66397116691708,70.37277777777778,86.52530030030029
2024-07-01 14:33:00,62.0,67.66275572246066,70.10611111111112,86.41532137518683
2024-07-01 14:34:00,62.0,67.6615407995423,69.83944444444445,86.3063244047619
2024-07-01 14:35:00,61.5,67.66021914771915,69.56444444444445,86.19607407407406
2024-07-01 14:36:00,61.0,67.65879083565659,69.28111111111112,86.08458702064895
2024-07-01 14:37:00,61.0,67.65736313607775,69.01444444444445,85.97408223201174
2024-07-01 14:38:00,60.0,67.65572168631654,68.73111111111112,85.86016081871344
2024-07-01 14:39:00,60.0,67.6540809401343,68.44777777777777,85.74723435225619
2024-07-01 14:40:00,60.0,67.65244089707878,68.16444444444444,85.63528985507246
2024-07-01 14:41:00,59.75,67.65074800057126,67.89361111111111,85.52323232323232
2024-07-01 14:42:00,59.0,67.64889519525951,67.61027777777778,85.408908045977
2024-07-01 14:43:00,59.0,67.6470431834404,67.32694444444445,85.29556509298997
2024-07-01 14:44:00,59.0,67.6451919646043,67.04361111111112,85.18319088319087
2024-07-01 14:45:00,58.5,67.64323451769405,66.76305555555555,85.06964539007092
2024-07-01 14:46:00,58.0,67.64117091090662,66.47694444444444,84.95494350282485
2024-07-01 14:47:00,58.0,67.6391081871345,66.19361111111111,84.84120956399437
2024-07-01 14:48:00,58.0,67.63704634581104,65.92277777777778,84.72843137254901
2024-07-01 14:49:00,57.666666666666664,67.6349141003707,65.65055555555556,84.61520223152021
2024-07-01 14:50:00,57.0,67.6326402252156,65.36722222222222,84.50013888888888
2024-07-01 14:51:00,57.0,67.63036732221747,65.0838888888889,84.38603042876902
2024-07-01 14:52:00,57.0,67.62809539075302,64.81722222222223,84.27286501377411
2024-07-01 14:53:00,57.0,67.62582443019943,64.55055555555556,84.16063100137174
2024-07-01 14:54:00,57.0,67.6235544399345,64.28805555555556,84.0493169398907
2024-07-01 14:55:00,57.0,67.62128541933647,64.03805555555556,83.93891156462585
2024-07-01 14:56:00,57.0,67.61901736778418,63.78805555555555,83.82940379403794
2024-07-01 14:57:00,57.0,67.61675028465699,63.53805555555555,83.72078272604588
2024-07-01 14:58:00,57.0,67.61448416933476,63.300555555555555,83.6130376344086
2024-07-01 14:59:00,57.0,67.6122190211979,63.06722222222222,83.5061579651941
2024-07-01 15:00:00,57.0,67.60995483962733,62.833888888888886,83.40013333333333
2024-07-01 15:01:00,57.0,67.60769162400454,62.60611111111111,83.29495351925631
2024-07-01 15:02:00,56.333333333333336,67.60528719698586,62.37833333333334,83.18796296296296
2024-07-01 15:03:00,56.0,67.60281272210376,62.145,83.08050065876152
2024-07-01 15:04:00,56.0,67.6003393022099,61.91166666666667,82.9738845144357
2024-07-01 15:05:00,56.0,67.59786693662971,61.678333333333335,82.86810457516339
2024-07-01 15:06:00,55.0,67.59518254137367,61.428333333333335,82.75924479166666
2024-07-01 15:07:00,55.0,67.5924992898736,61.19083333333334,82.65123216601815
2024-07-01 15:08:00,54.333333333333336,67.58967518636847,60.94638888888889,82.54147286821706
2024-07-01 15:09:00,54.0,67.58678130323679,60.708888888888886,82.43127413127414
2024-07-01 15:10:00,54.0,67.58388865233127,60.47555555555555,82.32192307692308
2024-07-01 15:11:00,54.0,67.58099723286504,60.242222222222225,82.21340996168583
2024-07-01 15:12:00,53.0,67.57789423281548,59.99777777777777,82.10190839694657
2024-07-01 15:13:00,53.0,67.57479255319149,59.75888888888889,81.99125475285172
2024-07-01 15:14:00,52.583333333333336,67.57160355952634,59.51861111111111,81.87986111111111
2024-07-01 15:15:00,52.16666666666667,67.5683273075287,59.271388888888886,81.7677358490566
2024-07-01 15:16:00,51.75,67.56496385285988,59.01722222222222,81.65488721804512
2024-07-01 15:17:00,51.333333333333336,67.56151325113379,58.77277777777778,81.54132334581773
2024-07-01 15:18:00,51.0,67.55799326957138,58.52277777777778,81.4273631840796
2024-07-01 15:19:00,50.5,67.55436853661992,58.26444444444444,81.31239157372987
2024-07-01 15:20:00,50.0,67.55063911904256,57.99777777777778,81.19641975308642
2024-07-01 15:21:00,50.0,67.54691128575475,57.73111111111111,81.08130381303813
2024-07-01 15:22:00,50.0,67.53841510903428,57.48111111111111,80.96703431372549
2024-07-01 15:23:00,50.0,67.52991893231379,57.23111111111111,80.85360195360195
2024-07-01 15:24:00,49.75,67.52142275559332,56.993611111111115,80.74008515815085
2024-07-01 15:25:00,49.666666666666664,67.51306818181817,56.75472222222222,80.62709090909091
2024-07-01 15:26:00,49.0,67.5046251062022,56.50472222222222,80.5125
2024-07-01 15:27:00,49.0,67.49623513169074,56.25472222222222,80.39873646209386
2024-07-01 15:28:00,48.6,67.48781329651656,56.01138888888889,80.28435251798561
2024-07-01 15:29:00,48.2,67.47935960067969,55.76472222222222,80.16935483870968
2024-07-01 15:30:00,47.8,67.47096254602096,55.51138888888889,80.05375
2024-07-01 15:31:00,47.4,67.46255133106769,55.263888888888886,79.93754448398576
2024-07-01 15:32:00,47.0,67.4540551543472,55.013888888888886,79.82074468085106
2024-07-01 15:33:00,47.0,67.44570058057208,54.763888888888886,79.7047703180212
2024-07-01 15:34:00,47.0,67.43741680826962,54.513888888888886,79.58961267605635
2024-07-01 15:35:00,47.0,67.42913303596715,54.27222222222222,79.47526315789474
2024-07-01 15:36:00,46.0,67.42063685924667,54.02222222222222,79.35821678321679
2024-07-01 15:37:00,46.0,67.41235308694421,53.77222222222222,79.24198606271777
2024-07-01 15:38:00,,67.40861659939098,53.666666666666664,79.24198606271777
2024-07-01 15:39:00,,67.40509101855787,53.55747126436781,79.24198606271777
2024-07-01 15:40:00,,67.4015639390719,53.444444444444436,79.24198606271777
2024-07-01 15:41:00,,67.39803535997733,53.331845238095234,79.24198606271777
2024-07-01 15:42:00,,67.39450528031753,53.22878787878788,79.24198606271777
2024-07-01 15:43:00,,67.39097369913512,53.12191358024691,79.24198606271777
2024-07-01 15:44:00,,67.38758242927037,53.01100628930817,79.24198606271777
2024-07-01 15:45:00,,67.38426063829786,52.905448717948715,79.24198606271777
2024-07-01 15:46:00,,67.38109704192381,52.80555555555555,79.24198606271777
2024-07-01 15:47:00,,67.3779853128991,52.70166666666666,79.24198606271777
2024-07-01 15:48:00,,67.37487225888864,52.59353741496598,79.24198606271777
2024-07-01 15:49:00,,67.37175787904599,52.48784722222222,79.24198606271777
2024-07-01 15:50:00,,67.3688019169329,52.391843971631204,79.24198606271777
2024-07-01 15:51:00,,67.36589795483596,52.291666666666664,79.24198606271777
2024-07-01 15:52:00,,67.36299275516727,52.18703703703704,79.24198606271777
2024-07-01 15:53:00,,67.36019288150042,52.07765151515151,79.24198606271777
2024-07-01 15:54:00,,67.35749840119377,51.96317829457364,79.24198606271777
2024-07-01 15:55:00,,67.354802771855,51.84325396825396,79.24198606271777
2024-07-01 15:56:00,,67.35210599274897,51.71747967479674,79.24198606271777
2024-07-01 15:57:00,,67.34962137372013,51.58541666666666,79.24198606271777
2024-07-01 15:58:00,,67.34713569447408,51.44658119658119,79.24198606271777
2024-07-01 15:59:00,,67.34480900554844,51.300438596491226,79.24198606271777
2024-07-01 16:00:00,,67.34253468516542,51.14639639639639,79.24198606271777
2024-07-01 16:01:00,,67.34025939368061,50.98379629629629,79.24198606271777
2024-07-01 16:02:00,,67.3380543099153,50.830952380952375,79.24198606271777
2024-07-01 16:03:00,,67.33591947885519,50.67892156862745,79.24198606271777
2024-07-01 16:04:00,,67.33385494552445,50.51767676767677,79.24198606271777
2024-07-01 16:05:00,,67.33191773504274,50.346354166666664,79.24198606271777
2024-07-01 16:06:00,,67.33006518486856,50.196236559139784,79.24198606271777
2024-07-01 16:07:00,,67.3282920051304,50.03611111111111,79.24198606271777
2024-07-01 16:08:00,,67.32659824673937,49.88793103448275,79.24198606271777
2024-07-01 16:09:00,,67.32495722840034,49.74107142857142,79.24198606271777
2024-07-01 16:10:00,,67.32345811051692,49.58333333333332,79.24198606271777
2024-07-01 16:11:00,,67.32202966766509,49.41346153846153,79.24198606271777
2024-07-01 16:12:00,,67.32060061345317,49.26999999999999,79.24198606271777
2024-07-01 16:13:00,,67.31927796803652,49.11458333333332,79.24198606271777
2024-07-01 16:14:00,,67.31806179975736,48.963768115942024,79.24198606271777
2024-07-01 16:15:00,,67.31684511063526,48.818181818181806,79.24198606271777
2024-07-01 16:16:00,,67.31573498964802,48.678571428571416,79.24198606271777
2024-07-01 16:17:00,,67.3147315052842,48.54583333333333,79.24198606271777
2024-07-01 16:18:00,,67.31372759088636,48.41666666666666,79.24198606271777
2024-07-01 16:19:00,,67.31272324617802,48.30092592592592,79.24198606271777
2024-07-01 16:20:00,,67.31186137906394,48.20098039215685,79.24198606271777
2024-07-01 16:21:00,,67.31107061177815,48.08854166666666,79.24198606271777
2024-07-01 16:22:00,,67.31033311887911,47.9611111111111,79.24198606271777
2024-07-01 16:23:00,,67.30967574717575,47.81547619047618,79.24198606271777
2024-07-01 16:24:00,,67.30909854823715,47.66666666666666,79.24198606271777
2024-07-01 16:25:00,,67.30852110157367,47.49999999999998,79.1694055944056
2024-07-01 16:26:00,,67.30794340702582,47.363636363636346,79.09631578947369
2024-07-01 16:27:00,,67.30743702590524,47.19999999999998,79.02271126760563
2024-07-01 16:28:00,,67.30700200415146,,78.94858657243816
2024-07-01 16:29:00,,67.3066383877434,,78.87393617021277
2024-07-01 16:30:00,,67.30640350877194,,78.79875444839858
2024-07-01 16:31:00,,67.30626880103137,,78.72303571428571
2024-07-01 16:32:00,,67.30623432910667,,78.6467741935484
2024-07-01 16:33:00,,67.30630015763829,,78.56996402877698
2024-07-01 16:34:00,,67.30636601447718,,78.49259927797834
2024-07-01 16:35:00,,67.30643189964158,,78.41829710144928
2024-07-01 16:36:00,,67.30649781314978,,78.34345454545455
2024-07-01 16:37:00,,67.30661754159495,,78.26806569343066
2024-07-01 16:38:00,,67.3068987160175,,78.19212454212455
2024-07-01 16:39:00,,67.3071800114794,,78.11562500000001
2024-07-01 16:40:00,,67.30751524937209,,78.03856088560886
2024-07-01 16:41:00,,67.30790446454206,,77.96092592592593
2024-07-01 16:42:00,,67.30834769186589,,77.88271375464684
2024-07-01 16:43:00,,67.30884496625018,,77.80391791044777
2024-07-01 16:44:00,,67.3095579257344,,77.724531835206
2024-07-01 16:45:00,89.0,67.31494469582705,,77.6870786516854
2024-07-01 16:46:00,88.5,67.32022373051785,,77.65149812734083
2024-07-01 16:47:00,88.0,67.3253950298068,,77.61404494382023
2024-07-01 16:48:00,87.5,67.33045859369389,,77.57471910112359
2024-07-01 16:49:00,87.0,67.33562989298284,,77.53352059925093
2024-07-01 16:50:00,87.0,67.34080119227178,,77.49232209737828
2024-07-01 16:51:00,86.25,67.34586475615887,,77.44831460674158
2024-07-01 16:52:00,86.0,67.35103605544782,,77.40337078651686
2024-07-01 16:53:00,86.0,67.35620735473677,,77.35842696629214
2024-07-01 16:54:00,86.0,67.36137865402571,87.125,77.31348314606741
2024-07-01 16:55:00,85.25,67.36638835021188,86.95454545454545,77.26573033707865
2024-07-01 16:56:00,85.0,67.37155964950082,86.79166666666667,77.21704119850187
2024-07-01 16:57:00,85.0,67.37673094878977,86.65384615384616,77.1683520599251
2024-07-01 16:58:00,84.5,67.38179451267686,86.5,77.11779026217229
2024-07-01 16:59:00,84.0,67.38696581196581,86.33333333333333,77.06535580524344
2024-07-01 17:00:00,84.0,67.39213711125475,86.1875,77.0129213483146
2024-07-01 17:01:00,84.0,67.3973084105437,86.05882352941177,76.96423220973783
2024-07-01 17:02:00,84.0,67.40247970983265,85.94444444444444,76.91554307116105
2024-07-01 17:03:00,84.0,67.4078664799253,85.84210526315789,76.86685393258428
2024-07-01 17:04:00,84.0,67.41346872082165,85.75,76.81816479400749
2024-07-01 17:05:00,83.0,67.41885549091431,85.61904761904762,76.76573033707865
2024-07-01 17:06:00,83.0,67.42424226100697,85.5,76.71329588014981
2024-07-01 17:07:00,82.25,67.42946742799684,85.3586956521739,76.65805243445693
2024-07-01 17:08:00,82.0,67.43463872728579,85.21875,76.60374531835207
2024-07-01 17:09:00,82.0,67.43997162967752,85.09,76.55131086142322
2024-07-01 17:10:00,81.75,67.44530453206923,84.96153846153847,76.49794007490637
2024-07-01 17:11:00,81.0,67.45047583135818,84.81481481481481,76.44176029962547
2024-07-01 17:12:00,81.0,67.45575486604898,84.67857142857143,76.38558052434458
2024-07-01 17:13:00,80.25,67.46098003303885,84.52586206896552,76.32659176029962
2024-07-01 17:14:00,80.0,67.4661513323278,84.375,76.34029850746269
2024-07-01 17:15:00,80.0,67.47132263161674,84.23387096774194,76.35390334572492
2024-07-01 17:16:00,80.0,67.47649393090569,84.1015625,76.36740740740741
2024-07-01 17:17:00,79.25,67.48155749479278,83.95454545454545,76.37804428044281
2024-07-01 17:18:00,79.0,67.48666145945558,83.80882352941177,76.38768382352941
2024-07-01 17:19:00,78.75,67.49180582489406,83.66428571428571,76.396336996337
2024-07-01 17:20:00,78.0,67.49688285570639,83.50694444444444,76.4021897810219
2024-07-01 17:21:00,78.0,67.50205415499534,83.35810810810811,76.408
2024-07-01 17:22:00,78.0,67.50722545428428,83.21710526315789,76.41376811594203
2024-07-01 17:23:00,77.66666666666667,67.51248653307476,83.07478632478632,76.41829121540312
2024-07-01 17:24:00,77.33333333333333,67.51772965596494,82.93125,76.42158273381295
2024-07-01 17:25:00,77.0,67.52290095525389,82.78658536585365,76.4236559139785
2024-07-01 17:26:00,77.0,67.52828772534654,82.64880952380952,76.42571428571429
2024-07-01 17:27:00,76.0,67.53345902463549,82.49418604651163,76.42419928825623
2024-07-01 17:28:00,76.0,67.53863032392444,82.3465909090909,76.42269503546099
2024-07-01 17:29:00,76.0,67.54380162321338,82.20555555555555,76.42120141342757
2024-07-01 17:30:00,75.0,67.54875745169862,82.04891304347827,76.41619718309859
2024-07-01 17:31:00,75.0,67.55371328018387,81.89893617021276,76.41122807017544
2024-07-01 17:32:00,74.0,67.55866910866911,81.734375,76.4027972027972
2024-07-01 17:33:00,74.0,67.56378654025713,81.5765306122449,76.39442508710802
2024-07-01 17:34:00,74.0,67.56895783954607,81.425,76.38611111111112
2024-07-01 17:35:00,73.66666666666667,67.57405731523379,81.27287581699348,76.37670126874279
2024-07-01 17:36:00,73.0,67.57901314371902,81.11378205128206,76.36505747126436
2024-07-01 17:37:00,72.0,67.58386123680242,80.94182389937107,76.35005727376861
2024-07-01 17:38:00,72.0,67.58881706528766,80.77623456790124,76.3351598173516
2024-07-01 17:39:00,71.5,67.59371902607197,80.60757575757576,76.31865756541524
2024-07-01 17:40:00,71.0,67.59867485455722,80.43601190476191,76.23333333333333
2024-07-01 17:41:00,71.0,67.60363068304245,80.27046783625731,76.14800910125142
2024-07-01 17:42:00,71.0,67.60858651152769,80.11063218390805,76.0626848691695
2024-07-01 17:43:00,70.66666666666667,67.61357825181355,79.9505649717514,75.97622298065984
2024-07-01 17:44:00,70.33333333333333,67.61860590390002,79.79027777777779,75.88862343572241
2024-07-01 17:45:00,70.0,67.62356173238527,79.47361111111111,75.79988623435722
2024-07-01 17:46:00,69.66666666666667,67.62844573726927,79.15972222222221,75.71001137656428
2024-07-01 17:47:00,69.33333333333333,67.63325791855203,78.84861111111111,75.61899886234356
2024-07-01 17:48:00,69.0,67.63799827623357,78.54027777777779,75.52684869169511
2024-07-01 17:49:00,69.0,67.64291101055807,78.24027777777778,75.43469852104664
2024-07-01 17:50:00,69.0,67.6478668390433,77.94027777777778,75.34254835039818
2024-07-01 17:51:00,68.66666666666667,67.65275084392732,77.64722222222221,75.24926052332195
2024-07-01 17:52:00,68.33333333333333,67.65756302521008,77.35277777777779,75.15483503981797
2024-07-01 17:53:00,68.0,67.66230338289162,77.05277777777778,75.05927189988623
2024-07-01 17:54:00,68.0,67.66704374057315,76.75277777777778,74.96370875995449
2024-07-01 17:55:00,68.0,67.67178409825469,76.46527777777779,74.86814562002274
2024-07-01 17:56:00,67.25,67.67643467643467,76.16944444444445,74.77002275312854
2024-07-01 17:57:00,67.0,67.68117503411621,75.86944444444445,74.67241183162685
2024-07-01 17:58:00,67.0,67.68591539179774,75.57777777777778,74.5768486916951
2024-07-01 17:59:00,66.66666666666667,67.69058392587804,75.28888888888888,74.4801478953356
2024-07-01 18:00:00,66.33333333333333,67.69522373051785,74.99444444444445,74.38230944254835
2024-07-01 18:01:00,66.0,67.69996408819938,74.69444444444444,74.28333333333333
2024-07-01 18:02:00,66.0,67.70470444588092,74.39444444444445,74.18435722411832
2024-07-01 18:03:00,65.2,67.70927242691948,74.08111111111111,74.08265073947668
2024-07-01 18:04:00,65.0,67.71379731379731,73.76444444444445,73.98026166097839
2024-07-01 18:05:00,65.0,67.71832220067515,73.46444444444445,73.8778725824801
2024-07-01 18:06:00,65.0,67.72284708755296,73.16444444444444,73.7754835039818
2024-07-01 18:07:00,64.25,67.72721037132801,72.86444444444444,73.67053469852105
2024-07-01 18:08:00,64.0,67.73173525820584,72.56444444444445,73.56473265073947
2024-07-01 18:09:00,64.0,67.73626014508368,72.26444444444445,73.4589306029579
2024-07-01 18:10:00,64.0,67.74078503196151,71.96861111111112,73.35312855517634
2024-07-01 18:11:00,64.0,67.74530991883933,71.68527777777778,73.24732650739477
2024-07-01 18:12:00,63.75,67.74978093801623,71.39777777777778,73.14067121729238
2024-07-01 18:13:00,63.0,67.75409035409035,71.11027777777778,73.03213879408418
2024-07-01 18:14:00,63.0,67.75844286432522,70.82694444444445,72.92633674630261
2024-07-01 18:15:00,63.0,67.76296775120305,70.54361111111112,72.82053469852104
2024-07-01 18:16:00,62.666666666666664,67.76742081447964,70.25472222222223,72.71359499431172
2024-07-01 18:17:00,62.0,67.77173023055376,69.96722222222223,72.60437997724686
2024-07-01 18:18:00,62.0,67.77603964662788,69.6838888888889,72.49516496018202
2024-07-01 18:19:00,62.0,67.780349062702,69.40472222222223,72.38594994311717
2024-07-01 18:20:00,62.0,67.78465847877612,69.13805555555557,72.27673492605233
2024-07-01 18:21:00,61.333333333333336,67.78882424764778,68.86027777777778,72.16524459613196
2024-07-01 18:22:00,61.0,67.7929181929182,68.57694444444445,72.05466439135381
2024-07-01 18:23:00,60.5,67.79690440278677,68.29083333333332,71.94374288964733
2024-07-01 18:24:00,59.75,67.80072900955254,67.99777777777778,71.83026166097838
2024-07-01 18:25:00,59.0,67.80460748401926,67.69777777777777,71.71422070534699
2024-07-01 18:26:00,59.0,67.80848595848596,67.39777777777778,71.59817974971558
2024-07-01 18:27:00,59.0,67.81236443295268,67.11444444444444,71.48213879408418
2024-07-01 18:28:00,58.8,67.81619981325863,66.82777777777777,71.36882821387941
2024-07-01 18:29:00,58.53333333333333,67.81997773468362,66.53666666666666,71.25460750853243
2024-07-01 18:30:00,58.266666666666666,67.82369819722761,66.25777777777778,71.13947667804324
2024-07-01 18:31:00,58.0,67.82752280399339,65.97444444444444,71.02343572241183
2024-07-01 18:32:00,58.0,67.8314012784601,65.70777777777778,70.90739476678044
2024-07-01 18:33:00,58.0,67.83527975292681,65.44111111111111,70.79271899886234
2024-07-01 18:34:00,58.0,67.83915822739353,65.17444444444445,70.68009101251423
2024-07-01 18:35:00,58.0,67.84303670186023,64.91333333333334,70.5674630261661
2024-07-01 18:36:00,58.0,67.84691517632695,64.66333333333334,70.45483503981798
2024-07-01 18:37:00,57.0,67.85057817998994,64.41333333333334,70.33879408418657
2024-07-01 18:38:00,57.0,67.85424118365295,64.16333333333334,70.22275312855517
2024-07-01 18:39:00,56.8,67.85786109315521,63.91833333333334,70.1094425483504
2024-07-01 18:40:00,56.0,67.8613086260145,63.66833333333334,69.993401592719
2024-07-01 18:41:00,55.6,67.86466997055233,63.41166666666667,69.87599544937429
2024-07-01 18:42:00,55.2,67.86794512676865,63.14833333333333,69.75722411831626
2024-07-01 18:43:00,54.8,67.8711340946635,62.88388888888889,69.63708759954493
2024-07-01 18:44:00,54.4,67.87423687423687,62.61833333333334,69.51558589306029
2024-07-01 18:45:00,54.0,67.87725346548875,62.351666666666674,69.39271899886234
2024-07-01 18:46:00,54.0,67.88027005674064,62.090555555555554,69.2698521046644
2024-07-01 18:47:00,54.0,67.88328664799252,61.83500000000001,69.14835039817976
2024-07-01 18:48:00,54.0,67.88651871004812,61.58500000000001,69.02889647326508
2024-07-01 18:49:00,53.0,67.8895353013,61.31833333333334,68.90602957906712
2024-07-01 18:50:00,53.0,67.8925518925519,61.05166666666667,68.78316268486917
2024-07-01 18:51:00,53.0,67.89556848380377,60.79055555555556,68.66370875995449
2024-07-01 18:52:00,52.0,67.89836960425195,60.51833333333334,68.54084186575655
2024-07-01 18:53:00,52.6,67.90130000718236,60.26166666666667,68.42002275312855
2024-07-01 18:54:00,52.0,67.90410112763054,59.995000000000005,68.2971558589306
2024-07-01 18:55:00,52.0,67.90690224807872,59.72833333333334,68.17428896473265
2024-07-01 18:56:00,51.5,67.90959563312505,59.465833333333336,68.04971558589305
2024-07-01 18:57:00,51.0,67.91218128276952,59.19916666666667,67.9268486916951
2024-07-01 18:58:00,51.0,67.914766932414,58.932500000000005,67.80398179749716
2024-07-01 18:59:00,50.0,67.91713711125476,58.65472222222222,67.6811149032992
2024-07-01 19:00:00,50.0,67.91950729009552,58.38250000000001,67.55824800910125
2024-07-01 19:01:00,50.0,67.9218774689363,58.115833333333335,67.4353811149033
2024-07-01 19:02:00,50.0,67.9243194713783,57.84916666666667,67.31251422070534
2024-07-01 19:03:00,49.666666666666664,67.92683329742152,57.59027777777778,67.18850967007964
2024-07-01 19:04:00,49.0,67.92920347626229,57.323611111111106,67.06222980659841
2024-07-01 19:05:00,49.0,67.93157365510305,57.05694444444444,66.93594994311718
2024-07-01 19:06:00,48.5,67.93383609854197,56.78194444444444,66.80967007963595
2024-07-01 19:07:00,48.0,67.93599080657903,56.511111111111106,66.68339021615472
2024-07-01 19:08:00,48.0,67.9381455146161,56.24444444444444,66.55711035267349
2024-07-01 19:09:00,48.0,67.94030022265315,55.977777777777774,66.43083048919226
2024-07-01 19:10:00,48.0,67.94245493069022,55.71111111111111,66.30455062571103
2024-07-01 19:11:00,48.0,67.94460963872727,55.44444444444444,66.17912400455063
2024-07-01 19:12:00,47.8,67.94672125260361,55.17861111111111,66.05557451649602
2024-07-01 19:13:00,47.0,67.94866048983697,54.911944444444444,65.9292946530148
2024-07-01 19:14:00,47.0,67.95059972707031,54.64527777777778,65.80301478953356
2024-07-01 19:15:00,47.0,67.95253896430367,54.37861111111111,65.67673492605233
2024-07-01 19:16:00,47.0,67.95447820153703,54.1175,65.55216154721273
2024-07-01 19:17:00,47.0,67.95641743877039,53.8675,65.4292946530148
2024-07-01 19:18:00,46.0,67.95814120520004,53.600833333333334,65.30301478953356
2024-07-01 19:19:00,46.0,67.95986497162968,53.33416666666667,65.1792946530148
2024-07-01 19:20:00,46.0,67.96158873805933,53.0675,65.05642775881684
2024-07-01 19:21:00,46.0,67.96331250448898,52.81194444444444,64.93356086461888
2024-07-01 19:22:00,46.0,67.96503627091863,52.56194444444444,64.81069397042093
2024-07-01 19:23:00,46.0,67.96676003734828,52.320277777777775,64.6886803185438
2024-07-01 19:24:00,46.0,67.96862745098039,52.09111111111111,64.56922639362912
2024-07-01 19:25:00,46.0,67.97056668821375,51.87444444444444,64.44977246871444
2024-07-01 19:26:00,46.0,67.97250592544711,51.65777777777778,64.33031854379978
2024-07-01 19:27:00,45.75,67.97439129497954,51.43694444444444,64.21257110352673
2024-07-01 19:28:00,45.0,67.97611506140919,51.20694444444445,64.09311717861206
2024-07-01 19:29:00,44.75,67.97778496013791,50.97722222222223,63.97281001137656
2024-07-01 19:30:00,44.5,67.9794009911657,50.74777777777778,63.85250284414107
2024-07-01 19:31:00,44.25,67.98096315449257,50.51861111111111,63.73390216154721
2024-07-01 19:32:00,44.0,67.98247145011851,50.28527777777778,63.61444823663253
2024-07-01 19:33:00,44.0,67.98397974574446,50.051944444444445,63.498407281001136
2024-07-01 19:34:00,44.0,67.98553113553115,49.81861111111111,63.38236632536974
2024-07-01 19:35:00,44.0,67.9872549019608,49.58527777777778,63.26632536973834
2024-07-01 19:36:00,44.0,67.98897866839044,49.35194444444445,63.150284414106935
2024-07-01 19:37:00,43.6,67.9906162464986,49.12861111111111,63.036291240045514
2024-07-01 19:38:00,43.5,67.9922322775264,48.90361111111111,62.921956769055754
2024-07-01 19:39:00,43.0,67.99374057315234,48.67361111111111,62.80591581342435
2024-07-01 19:40:00,43.0,67.99524886877828,48.45694444444444,62.68987485779295
2024-07-01 19:41:00,43.0,67.99675716440423,48.246944444444445,62.57724687144483
2024-07-01 19:42:00,42.25,67.99810385692739,48.031111111111116,62.46205915813425
2024-07-01 19:43:00,42.0,67.99939668174963,47.81777777777778,62.34601820250285
2024-07-01 19:44:00,42.0,68.00068950657186,47.61111111111111,62.22997724687145
2024-07-01 19:45:00,42.0,68.0019823313941,47.41111111111111,62.116211604095575
2024-07-01 19:46:00,42.0,68.00327515621633,47.21111111111111,62.003014789533566
2024-07-01 19:47:00,42.0,68.00456798103858,47.011111111111106,61.89038680318544
2024-07-01 19:48:00,42.0,68.0058608058608,46.81111111111111,61.78031854379978
2024-07-01 19:49:00,42.0,68.00715363068305,46.62777777777777,61.67110352673493
2024-07-01 19:50:00,41.333333333333336,68.0083028083028,46.43333333333333,61.55961319681457
2024-07-01 19:51:00,41.0,68.00938016232134,46.233333333333334,61.446985210466444
2024-07-01 19:52:00,41.0,68.01045751633987,46.05,61.337770193401596
2024-07-01 19:53:00,40.333333333333336,68.01139122315594,45.84555555555555,61.226279863481224
2024-07-01 19:54:00,40.0,68.00535688639955,45.64555555555555,61.11450511945392
2024-07-01 19:55:00,40.0,67.99932514896979,45.44555555555555,61.005290102389075
2024-07-01 19:56:00,40.0,67.99329600918749,45.25388888888889,60.89607508532423
2024-07-01 19:57:00,40.0,67.98726946537496,45.07055555555555,60.78686006825939
2024-07-01 19:58:00,40.0,67.98124551585595,44.88722222222222,60.68020477815699
2024-07-01 19:59:00,40.0,67.97522415895561,44.72055555555555,60.574402730375425
2024-07-01 20:00:00,40.0,67.96920539300058,44.553888888888885,60.46860068259385
2024-07-01 20:01:00,40.0,67.96318921631892,44.38722222222222,60.36393629124004
2024-07-01 20:02:00,40.0,67.95717562724015,44.22055555555555,60.261547212741746
2024-07-01 20:03:00,40.0,67.95803584229391,44.059444444444445,60.159158134243455
2024-07-01 20:04:00,40.0,67.95889605734767,43.909444444444446,60.05676905574516
2024-07-01 20:05:00,40.0,67.95982795698924,43.75944444444444,59.954379977246866
2024-07-01 20:06:00,40.0,67.96090322580645,43.617777777777775,59.85199089874857
2024-07-01 20:07:00,40.0,67.96197849462366,43.48444444444444,59.75216154721274
2024-07-01 20:08:00,40.0,67.96305376344087,43.35111111111111,59.65318543799772
2024-07-01 20:09:00,39.0,67.96391397849463,43.20111111111111,59.55335608646188
2024-07-01 20:10:00,39.0,67.9647741935484,43.05111111111111,59.454379977246866
2024-07-01 20:11:00,39.0,67.96563440860216,42.90111111111111,59.35540386803185
2024-07-01 20:12:00,39.0,67.96662365591399,42.75444444444444,59.2575654152446
2024-07-01 20:13:00,39.0,67.9676989247312,42.621111111111105,59.16086461888509
2024-07-01 20:14:00,39.0,67.9687741935484,42.48777777777777,59.06530147895335
2024-07-01 20:15:00,39.0,67.9698494623656,42.35444444444444,58.96973833902161
2024-07-01 20:16:00,39.0,67.9709247311828,42.22111111111111,58.87417519908987
2024-07-01 20:17:00,39.0,67.97200000000001,42.087777777777774,58.7820250284414
2024-07-01 20:18:00,38.0,67.97286021505377,41.95444444444444,58.68646188850966
2024-07-01 20:19:00,38.0,67.97372043010753,41.82111111111111,58.59089874857792
2024-07-01 20:20:00,38.0,67.9745806451613,41.687777777777775,58.49533560864618
2024-07-01 20:21:00,38.0,67.97544086021506,41.55444444444444,58.39977246871444
2024-07-01 20:22:00,38.0,67.97630107526882,41.42111111111111,58.30762229806598
2024-07-01 20:23:00,38.0,67.97716129032258,41.28777777777778,58.21547212741751
2024-07-01 20:24:00,38.0,67.97802150537635,41.154444444444444,58.12673492605233
2024-07-01 20:25:00,38.0,67.97888172043012,41.021111111111104,58.03799772468714
2024-07-01 20:26:00,38.0,67.97974193548389,40.88777777777777,57.94926052332195
2024-07-01 20:27:00,38.0,67.98060215053765,40.75861111111111,57.86052332195676
2024-07-01 20:28:00,38.0,67.98146236559141,40.64194444444444,57.77451649601821
2024-07-01 20:29:00,38.0,67.98232258064517,40.529444444444444,57.68919226393629
2024-07-01 20:30:00,38.0,67.98318279569894,40.42111111111111,57.60386803185438
2024-07-01 20:31:00,38.0,67.9840430107527,40.31694444444444,57.521103526734926
2024-07-01 20:32:00,38.0,67.98490322580646,40.216944444444444,57.43919226393629
2024-07-01 20:33:00,38.0,67.98576344086023,40.11694444444444,57.35728100113766
2024-07-01 20:34:00,38.0,67.98683870967743,40.01694444444444,57.27536973833902
2024-07-01 20:35:00,38.0,67.98791397849463,39.91694444444444,57.19516496018203
2024-07-01 20:36:00,38.0,67.98898924731184,39.81694444444444,57.11666666666667
2024-07-01 20:37:00,38.0,67.99006451612904,39.72361111111111,57.038168373151315
2024-07-01 20:38:00,38.0,67.99113978494624,39.63194444444444,56.96308304891923
2024-07-01 20:39:00,38.0,67.99221505376345,39.54861111111111,56.887997724687146
2024-07-01 20:40:00,38.0,67.99329032258065,39.46527777777778,56.81291240045507
2024-07-01 20:41:00,37.2,67.9941935483871,39.368611111111115,56.735949943117184
2024-07-01 20:42:00,37.0,67.99505376344086,39.281111111111116,56.6608646188851
2024-07-01 20:43:00,37.0,67.99591397849463,39.19777777777778,56.58577929465302
2024-07-01 20:44:00,37.0,67.99677419354839,39.114444444444445,56.51069397042094
2024-07-01 20:45:00,37.0,67.99763440860215,39.031111111111116,56.4373151308305
2024-07-01 20:46:00,37.0,67.99849462365592,38.94777777777778,56.36564277588169
2024-07-01 20:47:00,37.0,67.99935483870968,38.864444444444445,56.29397042093289
2024-07-01 20:48:00,37.0,68.00021505376344,38.781111111111116,56.22229806598408
2024-07-01 20:49:00,36.5,68.00118279569892,38.68944444444445,56.15005688282139
2024-07-01 20:50:00,36.0,68.00204301075269,38.60055555555555,56.078384527872586
2024-07-01 20:51:00,36.0,68.00290322580645,38.51722222222222,56.00671217292378
2024-07-01 20:52:00,36.0,68.00376344086021,38.43388888888889,55.935039817974975
2024-07-01 20:53:00,36.0,68.00462365591397,38.36166666666667,55.863367463026165
2024-07-01 20:54:00,36.0,68.00548387096774,38.295,55.79169510807736
2024-07-01 20:55:00,36.0,68.0063440860215,38.22833333333334,55.72002275312855
2024-07-01 20:56:00,36.0,68.00720430107526,38.16166666666667,55.64835039817975
2024-07-01 20:57:00,36.0,68.00806451612904,38.095000000000006,55.57667804323095
2024-07-01 20:58:00,36.0,68.0089247311828,38.028333333333336,55.50500568828214
2024-07-01 20:59:00,36.0,68.00978494623656,37.96166666666667,55.43333333333334
2024-07-01 21:00:00,35.25,68.01048387096775,37.88250000000001,55.359101251422075
2024-07-01 21:01:00,35.0,68.01112903225807,37.79916666666667,55.28401592718999
2024-07-01 21:02:00,35.0,68.01177419354839,37.715833333333336,55.21120591581342
2024-07-01 21:03:00,35.0,68.01241935483871,37.63250000000001,55.13953356086462
2024-07-01 21:04:00,35.0,68.01306451612903,37.54916666666667,55.06786120591581
2024-07-01 21:05:00,34.5,68.01360215053764,37.4575,54.99448236632537
2024-07-01 21:06:00,34.0,68.01403225806452,37.3575,54.92281001137656
2024-07-01 21:07:00,34.666666666666664,68.01460573476703,37.26861111111111,54.853412969283276
2024-07-01 21:08:00,34.0,68.01503584229391,37.16861111111111,54.784015927189984
2024-07-01 21:09:00,34.0,68.0154659498208,37.08527777777778,54.715756541524456
2024-07-01 21:10:00,34.0,68.01589605734767,37.00194444444445,54.64749715585893
2024-07-01 21:11:00,34.0,68.01632616487456,36.91861111111111,54.579237770193394
2024-07-01 21:12:00,34.0,68.01675627240144,36.83527777777778,54.51439135381114
2024-07-01 21:13:00,34.0,68.0170788530466,36.75194444444445,54.44954493742889
2024-07-01 21:14:00,34.0,68.01722222222222,36.66861111111111,54.38612059158134
2024-07-01 21:15:00,34.0,68.01722222222222,36.58527777777778,54.32411831626848
2024-07-01 21:16:00,34.0,68.01692114695341,36.50194444444445,54.26353811149033
2024-07-01 21:17:00,34.0,68.0163835125448,36.41861111111111,54.20437997724687
2024-07-01 21:18:00,34.0,68.01568458781362,36.35194444444445,54.14635949943117
2024-07-01 21:19:00,34.0,68.01482437275986,36.28527777777778,54.09004550625711
2024-07-01 21:20:00,34.0,68.01366308243728,36.218611111111116,54.035437997724685
2024-07-01 21:21:00,34.0,68.01237275985663,36.151944444444446,53.980830489192265
2024-07-01 21:22:00,34.0,68.01081362007169,36.08527777777778,53.92622298065984
2024-07-01 21:23:00,34.0,68.00905017921147,36.01861111111111,53.87161547212742
2024-07-01 21:24:00,34.0,68.00704301075268,35.95194444444444,53.81786120591581
2024-07-01 21:25:00,34.0,68.00489247311828,35.88527777777778,53.76439135381114
2024-07-01 21:26:00,34.0,68.00247311827957,35.81861111111111,53.713196814562
2024-07-01 21:27:00,33.75,67.99979569892473,35.74777777777778,53.66114903299203
2024-07-01 21:28:00,34.0,67.997,35.681111111111115,53.6113196814562
2024-07-01 21:29:00,33.5,67.99388172043011,35.60611111111111,53.561149032992034
2024-07-01 21:30:00,33.0,67.99044086021505,35.52277777777778,53.51063708759955
2024-07-01 21:31:00,33.0,67.98678494623655,35.43944444444445,53.46149032992036
2024-07-01 21:32:00,33.0,67.98291397849462,35.35611111111111,53.41370875995449
2024-07-01 21:33:00,33.0,67.97882795698925,35.27277777777778,53.36592718998862
2024-07-01 21:34:00,33.0,67.97452688172042,35.18944444444445,53.31814562002275
2024-07-01 21:35:00,33.0,67.97001075268817,35.10611111111111,53.27036405005688
2024-07-01 21:36:00,33.0,67.96533333333333,35.02277777777778,53.22599544937428
2024-07-01 21:37:00,33.0,67.96045878136201,34.93944444444445,53.18162684869169
2024-07-01 21:38:00,33.0,67.9553835125448,34.85611111111111,53.112981859410425
2024-07-01 21:39:00,32.0,67.94979211469534,34.75611111111111,53.041412429378525
2024-07-01 21:40:00,32.0,67.94409318996415,34.656111111111116,52.970326576576575
2024-07-01 21:41:00,32.0,67.9381146953405,34.56944444444444,52.89971941638608
2024-07-01 21:42:00,32.0,67.93194982078853,34.48611111111111,52.82958612975391
2024-07-01 21:43:00,32.0,67.92555197132616,34.40277777777778,52.75992196209587
2024-07-01 21:44:00,32.0,67.91899283154122,34.31944444444444,52.69072222222222
2024-07-01 21:45:00,32.0,67.91219713261648,34.23611111111111,52.6219822812846
2024-07-01 21:46:00,32.0,67.90517204301075,34.15277777777778,52.553697571743925
2024-07-01 21:47:00,32.0,67.89796774193547,34.06944444444444,52.48586358635863
2024-07-01 21:48:00,32.0,67.89060215053763,33.986111111111114,52.418475877192975
2024-07-01 21:49:00,32.5,67.88307526881721,33.919444444444444,52.3531693989071
2024-07-01 21:50:00,33.0,67.87549462365591,33.86944444444445,52.28992374727668
2024-07-01 21:51:00,33.5,67.86775268817205,33.827777777777776,52.2287187839305
2024-07-01 21:52:00,34.333333333333336,67.85999641577061,33.8,52.17061688311688
2024-07-01 21:53:00,35.5,67.85229032258064,33.791666666666664,52.11666666666667
2024-07-01 21:54:00,36.25,67.84460215053763,33.795833333333334,52.06548387096774
2024-07-01 21:55:00,37.333333333333336,67.83687813620072,33.81805555555556,52.018113612004285
2024-07-01 21:56:00,38.2,67.82913620071685,33.85472222222222,51.97382478632478
2024-07-01 21:57:00,39.5,67.8214301075269,33.91305555555555,51.93397231096911
2024-07-01 21:58:00,40.25,67.81374193548388,33.98388888888889,51.89676220806793
2024-07-01 21:59:00,41.5,67.80605376344087,34.07555555555555,51.86375661375661
2024-07-01 22:00:00,42.0,67.798311827957,34.18805555555556,51.832542194092824
2024-07-01 22:01:00,43.5,67.79067741935485,34.32972222222222,51.80625657202944
2024-07-01 22:02:00,44.0,67.78293548387097,34.47972222222222,51.78170859538783
2024-07-01 22:03:00,45.4,67.77549462365592,34.653055555555554,51.761703239289446
2024-07-01 22:04:00,46.25,67.76823655913978,34.840555555555554,51.744479166666665
2024-07-01 22:05:00,47.5,67.76124731182796,35.05722222222222,51.731256490134996
2024-07-01 22:06:00,48.25,67.7544193548387,35.29472222222223,51.72044513457557
2024-07-01 22:07:00,49.5,67.74781720430107,35.54194444444445,51.71357069143447
2024-07-01 22:08:00,50.25,67.74120430107526,35.81277777777778,51.709053497942385
2024-07-01 22:09:00,51.333333333333336,67.7346093189964,36.101666666666674,51.707897435897436
2024-07-01 22:10:00,52.2,67.72798566308244,36.405,51.70940695296523
2024-07-01 22:11:00,53.25,67.72137275985662,36.725833333333334,51.71411824668705
2024-07-01 22:12:00,54.25,67.71483154121864,37.06333333333334,51.72184959349593
2024-07-01 22:13:00,55.0,67.70816487455197,37.413333333333334,51.731813576494424
2024-07-01 22:14:00,56.0,67.70128315412187,37.78,51.74474747474748
2024-07-01 22:15:00,57.25,67.69467025089605,38.167500000000004,51.76137965760322
2024-07-01 22:16:00,58.0,67.68800358422939,38.5675,51.780170682730926
2024-07-01 22:17:00,59.0,67.68155197132617,38.98416666666667,51.80185185185185
2024-07-01 22:18:00,60.0,67.67510035842294,39.417500000000004,51.82639720558882
2024-07-01 22:19:00,61.25,67.66891756272402,39.87166666666667,51.854527363184076
2024-07-01 22:20:00,62.0,67.66289605734767,40.33833333333334,51.88472222222222
2024-07-01 22:21:00,,67.65809134580914,40.44576271186441,51.88472222222222
2024-07-01 22:22:00,,67.65328456683879,40.556896551724144,51.88472222222222
2024-07-01 22:23:00,,67.64632379312819,40.67192982456141,51.88472222222222
2024-07-01 22:24:00,,67.63936002295883,40.791071428571435,51.88472222222222
2024-07-01 22:25:00,,67.63239325439541,40.91454545454546,51.88472222222222
2024-07-01 22:26:00,,67.625423485501,41.0425925925926,51.88472222222222
2024-07-01 22:27:00,,67.618450714337,41.18018867924528,51.88472222222222
2024-07-01 22:28:00,,67.6114749389631,41.31826923076923,51.88472222222222
2024-07-01 22:29:00,,67.60449615743734,41.471568627450985,51.88472222222222
2024-07-01 22:30:00,,67.59751436781609,41.641000000000005,51.88472222222222
2024-07-01 22:31:00,,67.59052956815405,41.817346938775515,51.88472222222222
2024-07-01 22:32:00,,67.58354175650425,42.001041666666666,51.88472222222222
2024-07-01 22:33:00,,67.57655093091797,42.19255319148936,51.88472222222222
2024-07-01 22:34:00,,67.56955708944493,42.392391304347825,51.88472222222222
2024-07-01 22:35:00,,67.56256023013304,42.60111111111111,51.88472222222222
2024-07-01 22:36:00,,67.55556035102863,42.81931818181818,51.88472222222222
2024-07-01 22:37:00,,67.54855745017628,43.04767441860465,51.88472222222222
2024-07-01 22:38:00,,67.54155152561889,43.28690476190476,51.88472222222222
2024-07-01 22:39:00,,67.53459655941842,43.56219512195122,51.88472222222222
2024-07-01 22:40:00,,67.5277195824334,43.85125,51.88472222222222
2024-07-01 22:41:00,,67.52092064520775,44.15512820512821,51.88472222222222
2024-07-01 22:42:00,,67.51433484586575,44.475,51.88472222222222
2024-07-01 22:43:00,,67.5077461998415,44.81216216216216,51.88472222222222
2024-07-01 22:44:00,,67.50115470528895,45.168055555555554,51.88472222222222
2024-07-01 22:45:00,,67.4947045045045,45.544285714285714,51.77393034825871
2024-07-01 22:46:00,,67.48832360149942,45.942647058823525,51.66397205588822
2024-07-01 22:47:00,,67.4819399379912,46.36515151515152,51.55485485485485
2024-07-01 22:48:00,,67.47555351218809,46.8140625,51.446586345381526
2024-07-01 22:49:00,,67.46916432229675,47.2758064516129,51.33917421953676
2024-07-01 22:50:00,,67.46277236652236,47.751666666666665,51.23111111111111
2024-07-01 22:51:00,,67.45637764306848,48.24310344827586,51.12467071935157
2024-07-01 22:52:00,,67.44998015013714,48.73988095238095,51.01834349593496
2024-07-01 22:53:00,,67.4437242798354,49.230246913580245,50.91136595310907
2024-07-01 22:54:00,,67.43753791161178,49.72948717948718,50.80373210633947
2024-07-01 22:55:00,,67.4313488624052,50.22533333333333,50.69774358974359
2024-07-01 22:56:00,,67.42515713047247,50.72638888888889,50.59187242798354
2024-07-01 22:57:00,,67.41896271406894,51.21449275362319,50.48534571723426
2024-07-01 22:58:00,,67.41276561144839,51.71287878787879,50.379710144927536
2024-07-01 22:59:00,,67.40656582086315,52.19920634920635,50.27497403946002
2024-07-01 23:00:00,,67.40058026030368,52.70916666666667,50.169583333333335
2024-07-01 23:01:00,,67.39459210240832,53.19385964912281,50.06353187042842
2024-07-01 23:02:00,,67.38860134548611,53.70462962962963,49.95681341719077
2024-07-01 23:03:00,,67.38260798784458,54.193137254901956,49.84942166140904
2024-07-01 23:04:00,,67.37661202778983,54.68958333333333,49.74135021097047
2024-07-01 23:05:00,,67.37061346362648,55.16888888888889,49.635767195767194
2024-07-01 23:06:00,,67.36472089487403,55.66309523809524,49.52951167728238
2024-07-01 23:07:00,,67.35893439061482,56.13717948717949,49.42497337593184
2024-07-01 23:08:00,100.0,67.3602378883337,59.96410256410256,49.48248136315229
2024-07-01 23:09:00,100.0,67.36154138605256,63.707692307692305,49.539989350372736
2024-07-01 23:10:00,100.0,67.36284488377144,67.38461538461539,49.59829605963791
2024-07-01 23:11:00,100.0,67.36414838149032,70.98076923076923,49.658998935037275
2024-07-01 23:12:00,100.0,67.3654518792092,74.5,49.71970181043663
2024-07-01 23:13:00,100.0,67.36675537692808,77.96153846153847,49.78280085197018
2024-07-01 23:14:00,100.0,67.36805887464696,81.34615384615384,49.846698615548455
2024-07-01 23:15:00,100.0,67.36936237236584,84.63461538461539,49.91059637912673
2024-07-01 23:16:00,99.5,67.37072018248968,87.82692307692308,49.97289669861555
2024-07-01 23:17:00,99.0,67.37202368020856,90.90384615384616,50.0359957401491
2024-07-01 23:18:00,99.0,67.37332717792744,93.90384615384616,50.099893503727365
2024-07-01 23:19:00,99.0,67.37463067564632,96.8076923076923,50.164589989350375
2024-07-01 23:20:00,99.0,67.3759341733652,99.65384615384616,50.23168264110756
2024-07-01 23:21:00,99.0,67.37723767108407,99.60714285714286,50.29877529286475
2024-07-01 23:22:00,99.0,67.37854116880295,99.56666666666666,50.36586794462194
2024-07-01 23:23:00,99.0,67.37984466652183,99.53125,50.434025559105436
2024-07-01 23:24:00,99.0,67.38114816424071,99.5,50.50324813631523
2024-07-01 23:25:00,99.0,67.38245166195959,99.47222222222223,50.57353567625133
2024-07-01 23:26:00,99.0,67.38375515967847,99.44736842105263,50.643823216187435
2024-07-01 23:27:00,99.0,67.3852215946122,99.425,50.71730564430245
2024-07-01 23:28:00,99.0,67.38674234195089,99.4047619047619,50.79078807241746
2024-07-01 23:29:00,98.5,67.38815446447968,99.36363636363636,50.86267305644302
2024-07-01 23:30:00,98.0,67.38945796219856,99.30434782608695,50.93615548455804
2024-07-01 23:31:00,98.0,67.39076145991744,99.25,51.00963791267306
2024-07-01 23:32:00,97.75,67.39201064523137,99.19,51.085516506922254
2024-07-01 23:33:00,97.0,67.39309689333044,99.10576923076923,51.158998935037275
2024-07-01 23:34:00,97.0,67.3941831414295,99.02777777777777,51.23248136315229
2024-07-01 23:35:00,96.25,67.39521507712361,98.92857142857143,51.30463258785942
2024-07-01 23:36:00,96.0,67.39621985661525,98.82758620689656,51.378115015974444
2024-07-01 23:37:00,96.0,67.39725179230936,98.73333333333333,51.45479233226837
2024-07-01 23:38:00,96.0,67.39831088420596,98.64516129032258,51.5314696485623
2024-07-01 23:39:00,95.25,67.39923419509016,98.5390625,51.607348242811504
2024-07-01 23:40:00,95.0,67.40010319356941,98.43181818181819,51.684025559105436
2024-07-01 23:41:00,95.0,67.40097219204866,98.33088235294117,51.76070287539936
2024-07-01 23:42:00,94.75,67.4018592946629,98.22857142857143,51.836581469648564
2024-07-01 23:43:00,95.0,67.40287312622203,98.13888888888889,51.9143237486688
2024-07-01 23:44:00,94.4,67.40382902454921,98.03783783783784,51.99121405750799
2024-07-01 23:45:00,94.0,67.40469802302846,97.93157894736842,52.06789137380192
2024-07-01 23:46:00,94.0,67.40556702150772,97.83076923076923,52.145633652822156
2024-07-01 23:47:00,94.0,67.40643601998697,97.735,52.22444089456869
2024-07-01 23:48:00,94.0,67.40730501846622,97.64390243902439,52.304313099041536
2024-07-01 23:49:00,93.5,67.40810160040554,97.54523809523809,52.38258785942492
2024-07-01 23:50:00,93.0,67.4088257658049,97.43953488372092,52.45926517571885
2024-07-01 23:51:00,93.0,67.40958613947426,97.33863636363635,52.53700745473908
2024-07-01 23:52:00,93.0,67.41038272141358,97.24222222222221,52.61581469648562
2024-07-01 23:53:00,93.0,67.41121551162286,97.14999999999999,52.695686900958464
2024-07-01 23:54:00,92.0,67.4118672604823,97.04042553191489,52.772364217252395
2024-07-01 23:55:00,92.0,67.41251900934174,96.93541666666665,52.84904153354633
2024-07-01 23:56:00,92.0,67.41317075820118,96.83469387755102,52.92811501597444
2024-07-01 23:57:00,92.0,67.41382250706062,96.738,53.00798722044728
2024-07-01 23:58:00,92.0,67.41447425592006,96.64509803921568,53.087859424920126
2024-07-01 23:59:00,92.0,67.4151260047795,96.55576923076923,53.16879659211927
2024-07-02 00:00:00,92.0,67.41586465348686,96.46981132075472,53.25079872204473
2024-07-02 00:01:00,92.0,67.41673365196611,96.38703703703703,53.33386581469649
2024-07-02 00:02:00,92.0,67.41760265044537,96.30727272727272,53.41693290734824
2024-07-02 00:03:00,92.0,67.41847164892462,96.23035714285713,53.50255591054313
2024-07-02 00:04:00,92.0,67.41934064740387,96.15614035087718,53.5888178913738
2024-07-02 00:05:00,92.0,67.42020964588313,96.08448275862068,53.67507987220447
2024-07-02 00:06:00,92.0,67.42107864436238,96.01525423728813,53.76134185303514
2024-07-02 00:07:00,91.66666666666667,67.4218752263017,95.94277777777778,53.8489350372737
2024-07-02 00:08:00,91.0,67.42252697516113,95.79277777777777,53.93519701810437
2024-07-02 00:09:00,91.0,67.42317872402057,95.64277777777778,54.02145899893504
2024-07-02 00:10:00,90.0,67.4236132232602,95.47611111111111,54.1045260915868
2024-07-02 00:11:00,90.0,67.42410203490478,95.30944444444444,54.18759318423855
2024-07-02 00:12:00,90.0,67.42475378376422,95.14277777777778,54.27145899893504
2024-07-02 00:13:00,90.0,67.42540553262366,94.97611111111111,54.35772097976571
2024-07-02 00:14:00,90.0,67.42612969802303,94.80944444444444,54.44398296059638
2024-07-02 00:15:00,90.0,67.42692627996236,94.64277777777778,54.53024494142705
2024-07-02 00:16:00,90.0,67.42779527844161,94.48444444444445,54.61757188498404
2024-07-02 00:17:00,90.0,67.42866427692086,94.33444444444444,54.70702875399362
2024-07-02 00:18:00,89.66666666666667,67.42946085886017,94.17888888888889,54.79542066027689
2024-07-02 00:19:00,89.25,67.43016692012456,94.0163888888889,54.882481363152294
2024-07-02 00:20:00,89.0,67.430818668984,93.84972222222223,54.968743343982965
2024-07-02 00:21:00,89.0,67.43147041784344,93.68305555555555,55.057135250266235
2024-07-02 00:22:00,89.0,67.43212216670288,93.5163888888889,55.146592119275816
2024-07-02 00:23:00,89.0,67.43277391556232,93.34972222222223,55.23764643237486
2024-07-02 00:24:00,88.5,67.43331703961185,93.17472222222223,55.32949946751863
2024-07-02 00:25:00,88.0,67.43375153885148,92.99138888888889,55.42215122470713
2024-07-02 00:26:00,88.0,67.4341860380911,92.80805555555555,55.51480298189563
2024-07-02 00:27:00,88.0,67.43462053733073,92.62472222222223,55.607454739084126
2024-07-02 00:28:00,88.0,67.43505503657036,92.4413888888889,55.70074547390841
2024-07-02 00:29:00,88.0,67.43548953580998,92.2663888888889,55.79488817891374
2024-07-02 00:30:00,88.0,67.43614128466942,92.09972222222223,55.88988285410011
2024-07-02 00:31:00,87.5,67.43668440871896,91.92472222222223,55.98413205537806
2024-07-02 00:32:00,87.0,67.43711890795858,91.74555555555555,56.07678381256656
2024-07-02 00:33:00,87.0,67.43762582373814,91.5788888888889,56.16943556975506
2024-07-02 00:34:00,87.0,67.43827757259758,91.41222222222223,56.26208732694356
2024-07-02 00:35:00,87.0,67.43892932145702,91.25805555555556,56.354739084132056
2024-07-02 00:36:00,86.75,67.43952675791151,91.10388888888889,56.44659211927583
2024-07-02 00:37:00,86.0,67.44017850677095,90.93722222222223,56.53924387646432
2024-07-02 00:38:00,86.0,67.44083025563039,90.77055555555556,56.63189563365282
2024-07-02 00:39:00,86.0,67.44153631689478,90.61638888888889,56.725186368477104
2024-07-02 00:40:00,86.0,67.44240531537403,90.46638888888889,56.82103301384451
2024-07-02 00:41:00,85.33333333333333,67.44318379317836,90.30527777777777,56.916027689030884
2024-07-02 00:42:00,85.0,67.44394416684771,90.14277777777778,57.01123535676251
2024-07-02 00:43:00,85.0,67.44475885292202,89.97611111111111,57.10772097976571
2024-07-02 00:44:00,85.0,67.44562785140127,89.81944444444444,57.205484558040474
2024-07-02 00:45:00,84.0,67.44627960026071,89.65277777777779,57.30133120340789
2024-07-02 00:46:00,84.0,67.44693134912015,89.48611111111111,57.3971778487753
2024-07-02 00:47:00,84.0,67.4478003475994,89.31944444444444,57.493024494142716
2024-07-02 00:48:00,84.0,67.44866934607865,89.15277777777779,57.588871139510125
2024-07-02 00:49:00,84.0,67.44959265696286,88.99444444444445,57.68791267305645
2024-07-02 00:50:00,83.0,67.4503530306322,88.82777777777778,57.78375931842386
2024-07-02 00:51:00,83.0,67.45116771670651,88.66111111111111,57.87960596379128
2024-07-02 00:52:00,83.0,67.45203671518576,88.49444444444445,57.978647497337604
2024-07-02 00:53:00,82.0,67.4526884640452,88.31111111111112,58.07257720979766
2024-07-02 00:54:00,82.0,67.45341262944457,88.14444444444445,58.168423855165074
2024-07-02 00:55:00,82.0,67.45420921138388,87.97777777777779,58.26427050053248
2024-07-02 00:56:00,82.0,67.45507820986315,87.81111111111112,58.361714589989354
2024-07-02 00:57:00,81.5,67.45583858353248,87.63611111111112,58.45915867944622
2024-07-02 00:58:00,81.0,67.45649033239192,87.45277777777778,58.555005324813635
2024-07-02 00:59:00,80.5,67.45714208125136,87.26111111111112,58.6524494142705
2024-07-02 01:00:00,80.0,67.4577938301108,87.06111111111112,58.748296059637916
2024-07-02 01:01:00,80.0,67.45844557897024,86.86111111111111,58.844142705005325
2024-07-02 01:02:00,80.0,67.45909732782968,86.66111111111111,58.93998935037274
2024-07-02 01:03:00,80.0,67.45974907668912,86.46111111111112,59.03690095846646
2024-07-02 01:04:00,80.0,67.46040082554856,86.26111111111112,59.13594249201279
2024-07-02 01:05:00,79.0,67.46083532478819,86.04444444444445,59.231789137380204
2024-07-02 01:06:00,78.66666666666667,67.46119740748787,85.82222222222224,59.32816826411076
2024-07-02 01:07:00,78.33333333333333,67.46165001086248,85.6,59.425079872204485
2024-07-02 01:08:00,78.0,67.46208451010212,85.38333333333334,59.520926517571894
2024-07-02 01:09:00,78.0,67.46251900934175,85.16666666666667,59.6167731629393
2024-07-02 01:10:00,78.0,67.46300782098632,84.96666666666667,59.71261980830672
2024-07-02 01:11:00,78.0,67.46355094503585,84.76666666666667,59.80846645367413
2024-07-02 01:12:00,78.0,67.46414838149035,84.56666666666666,59.90495207667732
2024-07-02 01:13:00,77.33333333333333,67.4646552972699,84.35555555555555,60.00186368477103
2024-07-02 01:14:00,77.0,67.46508979650953,84.13888888888889,60.09771033013844
2024-07-02 01:15:00,76.5,67.46552429574915,83.91388888888888,60.191959531416394
2024-07-02 01:16:00,76.0,67.46595879498878,83.68055555555556,60.28461128860489
2024-07-02 01:17:00,76.0,67.46639329422841,83.44722222222222,60.37726304579339
2024-07-02 01:18:00,76.0,67.46682779346803,83.21944444444443,60.47310969116081
2024-07-02 01:19:00,76.0,67.46726229270766,82.9986111111111,60.56895633652822
2024-07-02 01:20:00,76.0,67.4679140415671,82.78194444444443,60.66480298189563
2024-07-02 01:21:00,76.0,67.46856579042654,82.56527777777777,60.76064962726304
2024-07-02 01:22:00,75.0,67.46910891447607,82.33194444444443,60.85330138445154
2024-07-02 01:23:00,75.0,67.4697606633355,82.0986111111111,60.94595314164004
2024-07-02 01:24:00,75.0,67.47041241219495,81.8736111111111,61.03860489882854
2024-07-02 01:25:00,74.8,67.47102071113042,81.6536111111111,61.13061767838125
2024-07-02 01:26:00,74.0,67.47145521037005,81.42027777777777,61.22007454739084
2024-07-02 01:27:00,74.0,67.47194402201463,81.18694444444444,61.310330138445146
2024-07-02 01:28:00,74.0,67.47259577087407,80.9536111111111,61.402981895633644
2024-07-02 01:29:00,74.0,67.4732475197335,80.72027777777777,61.49643237486687
2024-07-02 01:30:00,74.0,67.47466514624963,80.48694444444443,61.59068157614483
2024-07-02 01:31:00,73.5,67.47597357944264,80.2536111111111,61.68413205537806
2024-07-02 01:32:00,73.0,67.47717289043277,80.02027777777776,61.776783812566556
2024-07-02 01:33:00,73.0,67.47837168077564,79.78694444444444,61.869435569755055
2024-07-02 01:34:00,72.6,67.47948314525462,79.54694444444445,61.96080937167199
2024-07-02 01:35:00,72.0,67.48046394734938,79.29694444444445,62.05026624068158
2024-07-02 01:36:00,,67.48046394734938,79.17062146892656,62.10811965811966
2024-07-02 01:37:00,,67.48046394734938,79.05287356321838,62.167631296891756
2024-07-02 01:38:00,,67.48046394734938,78.93099415204678,62.2278494623656
2024-07-02 01:39:00,,67.48035120081018,78.8047619047619,62.290075512405615
2024-07-02 01:40:00,,67.48023840532522,78.67393939393939,62.35270562770563
2024-07-02 01:41:00,,67.48023411492257,78.55061728395061,62.41574375678611
2024-07-02 01:42:00,,67.48033840028954,78.42893081761007,62.4816448801743
2024-07-02 01:43:00,,67.48055133217491,78.3025641025641,62.54879781420765
2024-07-02 01:44:00,70.0,67.48142014190559,78.01410256410257,62.64060109289618
2024-07-02 01:45:00,70.0,67.48228895163625,77.7448717948718,62.73240437158471
2024-07-02 01:46:00,70.0,67.48315776136693,77.47564102564102,62.82420765027323
2024-07-02 01:47:00,69.0,67.48384556907037,77.18717948717949,62.912732240437165
2024-07-02 01:48:00,69.0,67.48456957717926,76.89871794871796,63.0012568306011
2024-07-02 01:49:00,68.0,67.48511258326093,76.59102564102565,63.08650273224044
2024-07-02 01:50:00,68.0,67.48569178974805,76.3025641025641,63.173934426229515
2024-07-02 01:51:00,68.0,67.4863071966406,76.01410256410257,63.26245901639345
2024-07-02 01:52:00,68.0,67.4869588039386,75.72564102564102,63.350983606557385
2024-07-02 01:53:00,68.0,67.4876104112366,75.45641025641027,63.44169398907104
2024-07-02 01:54:00,,67.48815084365269,75.32810457516341,63.51880482456141
2024-07-02 01:55:00,,67.48890880776473,75.19466666666668,63.59642464246425
2024-07-02 01:56:00,,67.48966710135477,75.05578231292517,63.674558498896246
2024-07-02 01:57:00,,67.49042572463767,74.92152777777778,63.753211517165006
2024-07-02 01:58:00,,67.49118467782851,74.79219858156029,63.83238888888889
2024-07-02 01:59:00,,67.49194396114252,74.66811594202899,63.91209587513936
2024-07-02 02:00:00,67.0,67.4927414093084,74.38550724637682,64.00239687848384
2024-07-02 02:01:00,67.0,67.49361135276207,74.10289855072465,64.09269788182831
2024-07-02 02:02:00,66.0,67.49437255328404,73.79855072463769,64.17965440356745
2024-07-02 02:03:00,66.0,67.49524249673772,73.49420289855072,64.26661092530658
2024-07-02 02:04:00,66.0,67.49618493547919,73.18985507246377,64.3535674470457
2024-07-02 02:05:00,66.0,67.49719986950848,72.9072463768116,64.44052396878485
2024-07-02 02:06:00,66.0,67.49828729882557,72.631884057971,64.52748049052397
2024-07-02 02:07:00,65.75,67.49937472814267,72.35833333333333,64.61360089186176
2024-07-02 02:08:00,65.5,67.50046215745976,72.08659420289855,64.69888517279821
2024-07-02 02:09:00,65.25,67.50154958677686,71.80942028985508,64.78667781493868
2024-07-02 02:10:00,65.0,67.50263701609396,71.5268115942029,64.87363433667781
2024-07-02 02:11:00,64.33333333333333,67.50357945483545,71.22971014492754,64.95836120401337
2024-07-02 02:12:00,64.0,67.50448564593302,70.92536231884058,65.04197324414716
2024-07-02 02:13:00,64.0,67.5054280846745,70.6355072463768,65.12558528428093
2024-07-02 02:14:00,64.0,67.50640677105989,70.35289855072463,65.20919732441472
2024-07-02 02:15:00,63.5,67.50731296215746,70.07028985507246,65.29113712374581
2024-07-02 02:16:00,63.0,67.50814665796725,69.78768115942029,65.37140468227425
2024-07-02 02:17:00,63.0,67.50901660142091,69.50507246376812,65.45167224080268
2024-07-02 02:18:00,62.0,67.50971255618384,69.20072463768115,65.5319397993311
2024-07-02 02:19:00,62.0,67.51058249963752,68.8963768115942,65.61220735785953
2024-07-02 02:20:00,62.0,67.5114524430912,68.59202898550724,65.69247491638795
2024-07-02 02:21:00,62.0,67.51232238654487,68.28768115942029,65.77274247491638
2024-07-02 02:22:00,62.0,67.51340981586196,68.00507246376812,65.85301003344482
2024-07-02 02:23:00,62.0,67.51449724517906,67.72246376811594,65.93327759197324
2024-07-02 02:24:00,62.0,67.515639045962,67.43985507246376,66.01354515050167
2024-07-02 02:25:00,61.666666666666664,67.5168714658547,67.15434782608696,66.09269788182831
2024-07-02 02:26:00,61.0,67.51545444661882,66.87173913043479,66.1696209587514
2024-07-02 02:27:00,61.0,67.51403804347825,66.58913043478262,66.24654403567448
2024-07-02 02:28:00,60.5,67.51251358400347,66.29565217391306,66.32179487179488
2024-07-02 02:29:00,60.0,67.51088113863537,65.9913043478261,66.3953734671126
2024-07-02 02:30:00,60.0,67.50924940256354,65.68695652173913,66.46895206243032
2024-07-02 02:31:00,60.0,67.50761837532579,65.39347826086957,66.54253065774805
2024-07-02 02:32:00,59.0,67.5082699826238,65.08913043478262,66.61276477146042
2024-07-02 02:33:00,59.0,67.5089215899218,64.78478260869566,66.6829988851728
2024-07-02 02:34:00,,67.51142189876167,64.61111111111111,66.77925055928412
2024-07-02 02:35:00,,67.51142189876167,64.44318181818181,66.87615039281707
2024-07-02 02:36:00,,67.51142189876167,64.44318181818181,66.97370495495495
2024-07-02 02:37:00,,67.51142189876167,64.44318181818181,67.0719209039548
2024-07-02 02:38:00,,67.51142189876167,64.44318181818181,67.17080498866213
2024-07-02 02:39:00,,67.51142189876167,64.44318181818181,67.27036405005688
2024-07-02 02:40:00,,67.51142189876167,64.44318181818181,67.37060502283106
2024-07-02 02:41:00,,67.51142189876167,64.44318181818181,67.47428407789232
2024-07-02 02:42:00,,67.51142189876167,64.44318181818181,67.57936781609196
2024-07-02 02:43:00,,67.51142189876167,64.44318181818181,67.6851787773933
2024-07-02 02:44:00,,67.51142189876167,64.31395348837209,67.79172453703704
2024-07-02 02:45:00,,67.51142189876167,64.17857142857143,67.89901277584204
2024-07-02 02:46:00,,67.51142189876167,64.03658536585365,68.00705128205128
2024-07-02 02:47:00,,67.51142189876167,63.9125,68.11584795321637
2024-07-02 02:48:00,,67.51142189876167,63.782051282051285,68.22541079812207
2024-07-02 02:49:00,,67.51142189876167,63.671052631578945,68.33751472320377
2024-07-02 02:50:00,,67.51142189876167,63.554054054054056,68.45218676122931
2024-07-02 02:51:00,58.0,67.50935599478713,63.28378378378378,68.53020094562648
2024-07-02 02:52:00,58.0,67.50729098805645,63.013513513513516,68.60821513002364
2024-07-02 02:53:00,58.0,67.50522687798522,62.74324324324324,68.6862293144208
2024-07-02 02:54:00,58.0,67.50316366398957,62.61842105263158,68.76424349881796
2024-07-02 02:55:00,58.0,67.5011013454861,62.5,68.84225768321512
2024-07-02 02:56:00,58.0,67.49903992189194,62.3875,68.92027186761229
2024-07-02 02:57:00,58.0,67.49697939262472,62.28048780487805,68.99828605200946
2024-07-02 02:58:00,58.0,67.49491975710256,62.17857142857143,69.07630023640662
2024-07-02 02:59:00,58.0,67.49286101474414,62.08139534883721,69.15431442080379
2024-07-02 03:00:00,58.0,67.49080316496855,61.872093023255815,69.23498817966903
2024-07-02 03:01:00,58.0,67.48874620719548,61.66279069767442,69.31654846335697
2024-07-02 03:02:00,58.0,67.48669014084506,61.47674418604651,69.39810874704492
2024-07-02 03:03:00,58.0,67.48463496533795,61.2906976744186,69.47966903073286
2024-07-02 03:04:00,58.0,67.4825806800953,61.104651162790695,69.5612293144208
2024-07-02 03:05:00,58.0,67.48052728453875,60.91860465116279,69.64456264775414
2024-07-02 03:06:00,,67.48052728453875,60.79761904761905,69.77141162514827
2024-07-02 03:07:00,,67.48052728453875,60.676829268292686,69.89678571428573
2024-07-02 03:08:00,,67.48052728453875,60.55625,70.02544802867385
2024-07-02 03:09:00,,67.48052728453875,60.43589743589744,70.15503597122303
2024-07-02 03:10:00,,67.48052728453875,60.31578947368421,70.28555956678701
2024-07-02 03:11:00,,67.48052728453875,60.20720720720722,70.41702898550726
2024-07-02 03:12:00,,67.48052728453875,60.10185185185186,70.54945454545455
2024-07-02 03:13:00,,67.48052728453875,59.9904761904762,70.68284671532848
2024-07-02 03:14:00,,67.47673272687892,59.872549019607845,70.81721611721612
2024-07-02 03:15:00,,67.47293652512997,59.76262626262626,70.95257352941178
2024-07-02 03:16:00,,67.46913867822317,59.661458333333336,71.0889298892989
2024-07-02 03:17:00,,67.46533918508885,59.553763440860216,71.2262962962963
2024-07-02 03:18:00,,67.46170062865814,59.47222222222222,71.3646840148699
2024-07-02 03:19:00,,67.45811470078056,59.38505747126437,71.50410447761195
2024-07-02 03:20:00,,67.4545272175233,59.29166666666667,71.64456928838952
2024-07-02 03:21:00,,67.45093817787418,59.19135802469136,71.78609022556392
2024-07-02 03:22:00,,67.44734758082012,59.083333333333336,71.92867924528302
2024-07-02 03:23:00,,67.44382776331018,58.96666666666667,72.07234848484849
2024-07-02 03:24:00,,67.44037877143477,58.84027777777778,72.21711026615971
2024-07-02 03:25:00,,67.43700065132435,58.717391304347835,72.36297709923664
2024-07-02 03:26:00,,67.43700065132435,58.613636363636374,72.50996168582377
2024-07-02 03:27:00,,67.43700065132435,58.500000000000014,72.65903846153847
2024-07-02 03:28:00,,67.43700065132435,58.40000000000001,72.80830115830116
2024-07-02 03:29:00,,67.43700065132435,58.31578947368422,72.9606589147287
2024-07-02 03:30:00,,67.43700065132435,58.222222222222236,73.1161478599222
2024-07-02 03:31:00,,67.43700065132435,58.117647058823536,73.27285156250001
2024-07-02 03:32:00,,67.43405537459283,58.06250000000001,73.4307843137255
2024-07-02 03:33:00,,67.43110881841875,58.0,73.58996062992126
2024-07-02 03:34:00,,67.42816098196828,58.0,73.750395256917
2024-07-02 03:35:00,,67.42542916123423,58.0,73.91210317460319
2024-07-02 03:36:00,,67.42269615301021,58.0,74.07509960159364
2024-07-02 03:37:00,,67.41996195652173,58.0,74.2394
2024-07-02 03:38:00,,67.41722657099369,58.0,74.4050200803213
2024-07-02 03:39:00,,67.41448999565027,58.0,74.57600806451613
2024-07-02 03:40:00,82.0,67.4149249673771,59.5,74.77762096774194
2024-07-02 03:41:00,82.0,67.41543243439176,60.8235294117647,74.97923387096775
2024-07-02 03:42:00,82.0,67.4160123966942,62.0,75.18084677419355
2024-07-02 03:43:00,82.0,67.41666485428446,63.05263157894737,75.38245967741936
2024-07-02 03:44:00,81.5,67.41720856894301,63.975,75.58205645161291
2024-07-02 03:45:00,,67.41468892756144,63.975,75.7585020242915
2024-07-02 03:46:00,,67.4121681897302,63.975,75.93638211382115
2024-07-02 03:47:00,,67.40975516866158,63.975,76.11571428571429
2024-07-02 03:48:00,,67.40744993469742,63.975,76.29651639344263
2024-07-02 03:49:00,,67.4051436969301,63.975,76.47674897119343
2024-07-02 03:50:00,,67.40283645470382,63.975,76.6564049586777
2024-07-02 03:51:00,,67.40061533434981,64.28947368421052,76.83547717842325
2024-07-02 03:52:00,,67.3985239651416,64.63888888888889,77.01256944444444
2024-07-02 03:53:00,,67.39643168446284,65.02941176470588,77.18626220362621
2024-07-02 03:54:00,78.0,67.39679487179487,66.20588235294117,77.36094839609484
2024-07-02 03:55:00,78.0,67.3972306965933,67.38235294117646,77.53110181311018
2024-07-02 03:56:00,78.0,67.39766652139173,68.55882352941177,77.6976290097629
2024-07-02 03:57:00,77.83333333333333,67.39994008714598,69.72549019607843,77.85801952580195
2024-07-02 03:58:00,77.66666666666667,67.40217635954403,70.88235294117646,78.01457461645747
2024-07-02 03:59:00,77.5,67.40437536295006,72.02941176470588,78.16520223152023
2024-07-02 04:00:00,77.0,67.40646454749982,73.1470588235294,78.31164574616457
2024-07-02 04:01:00,77.0,67.40855282252213,74.26470588235294,78.4518131101813
2024-07-02 04:02:00,77.0,67.41064018861081,75.38235294117646,78.58988842398884
2024-07-02 04:03:00,77.0,67.41272664635915,76.5,78.7221059972106
2024-07-02 04:04:00,77.0,67.41481219635995,77.61764705882354,78.85076708507673
2024-07-02 04:05:00,77.0,67.41689683920545,78.73529411764706,78.97419804741982
2024-07-02 04:06:00,76.6,67.41889360005798,78.61666666666666,79.09281729428173
2024-07-02 04:07:00,76.0,67.42075905797103,78.47894736842105,79.2036959553696
2024-07-02 04:08:00,76.0,67.42262370499168,78.35499999999999,79.31143654114366
2024-07-02 04:09:00,75.4,67.42292798666956,78.21428571428571,79.41213389121339
2024-07-02 04:10:00,75.0,67.42319966673911,78.06818181818181,79.50753138075315
2024-07-02 04:11:00,75.0,67.42363435485039,77.93478260869566,79.59853556485356
2024-07-02 04:12:00,74.75,67.42401470694776,77.80208333333333,79.68430962343098
2024-07-02 04:13:00,74.0,67.4242320510034,77.65,79.76380753138076
2024-07-02 04:14:00,74.0,67.42444939505904,77.50961538461539,79.83912133891215
2024-07-02 04:15:00,74.0,67.42466673911468,77.37962962962963,79.90920502092051
2024-07-02 04:16:00,74.0,67.4250144896037,77.25892857142857,79.97615062761507
2024-07-02 04:17:00,74.0,67.42544917771498,77.14655172413794,80.03891213389123
2024-07-02 04:18:00,73.0,67.42566652177062,77.00833333333334,80.09330543933055
2024-07-02 04:19:00,72.66666666666667,67.42581141780772,76.86827956989247,80.1410739191074
2024-07-02 04:20:00,72.0,67.42588386582626,76.71614583333333,80.18291492329149
2024-07-02 04:21:00,,67.42510688405797,76.71614583333333,80.18291492329149
2024-07-02 04:22:00,,67.42432956439805,76.71614583333333,80.18291492329149
2024-07-02 04:23:00,,67.42355190662606,76.71614583333333,80.18291492329149
2024-07-02 04:24:00,,67.42286092379088,76.71614583333333,80.18291492329149
2024-07-02 04:25:00,,67.42222766173485,76.71614583333333,80.18291492329149
2024-07-02 04:26:00,,67.42166666666667,76.71614583333333,80.18291492329149
2024-07-02 04:27:00,,67.42110542736904,76.71614583333333,80.18291492329149
2024-07-02 04:28:00,,67.42054394368242,76.71614583333333,80.18291492329149
2024-07-02 04:29:00,,67.41998221544716,76.71614583333333,80.18291492329149
2024-07-02 04:30:00,,67.41959449647862,76.71614583333333,80.18291492329149
2024-07-02 04:31:00,71.2,67.42007369491033,76.5489898989899,80.14548611111111
2024-07-02 04:32:00,71.0,67.42050932984826,76.3857843137255,80.10753803596128
2024-07-02 04:33:00,71.0,67.42111921876135,76.23190476190477,80.06990358126723
2024-07-02 04:34:00,71.0,67.42177267116823,76.08657407407408,80.03257887517147
2024-07-02 04:35:00,71.0,67.42242612357511,75.9490990990991,79.99556010928963
2024-07-02 04:36:00,70.75,67.42302512161476,75.81228070175439,79.95782312925171
2024-07-02 04:37:00,70.0,67.42346075655267,75.66324786324786,79.91734417344173
2024-07-02 04:38:00,70.0,67.42411420895957,75.52166666666668,79.87719298245615
2024-07-02 04:39:00,70.0,67.42476766136645,75.3869918699187,79.83736559139786
2024-07-02 04:40:00,69.0,67.42520329630436,75.069918699187,79.79384203480589
2024-07-02 04:41:00,69.0,67.42580229434401,74.75284552845528,79.75066666666667
2024-07-02 04:42:00,69.0,67.42645574675089,74.43577235772358,79.70783532536521
2024-07-02 04:43:00,69.0,67.42710919915777,74.11869918699188,79.66534391534393
2024-07-02 04:44:00,68.0,67.4275448340957,73.78943089430895,79.61923583662714
2024-07-02 04:45:00,68.0,67.42814383213533,73.6515873015873,79.5734908136483
2024-07-02 04:46:00,68.0,67.42879728454223,73.5201550387597,79.5281045751634
2024-07-02 04:47:00,68.0,67.42945073694911,73.39469696969697,79.48307291666667
2024-07-02 04:48:00,67.4,67.42997349887462,73.26148148148148,79.4360570687419
2024-07-02 04:49:00,67.0,67.43057249691425,73.12536231884057,79.38785529715763
2024-07-02 04:50:00,67.0,67.43122594932115,72.99503546099291,79.34002574002575
2024-07-02 04:51:00,66.2,67.43170514775285,72.85347222222222,79.28948717948718
2024-07-02 04:52:00,66.0,67.43214078269077,72.71360544217687,79.23856960408685
2024-07-02 04:53:00,66.0,67.4325764176287,72.57933333333334,79.1880407124682
2024-07-02 04:54:00,66.0,67.43301205256661,72.33933333333333,79.13789607097591
2024-07-02 04:55:00,66.0,67.43366550497349,72.09933333333333,79.08813131313131
2024-07-02 04:56:00,66.0,67.43431895738038,71.85933333333334,79.03874213836478
2024-07-02 04:57:00,66.0,67.4350268641545,71.62266666666666,78.98972431077694
2024-07-02 04:58:00,65.25,67.43573477092862,71.37433333333334,78.93826466916354
2024-07-02 04:59:00,65.0,67.43638822333551,71.12433333333334,78.88625621890547
2024-07-02 05:00:00,65.0,67.43704167574239,70.88433333333333,78.83463444857497
2024-07-02 05:01:00,64.75,67.43764067378203,70.63933333333334,78.78246913580247
2024-07-02 05:02:00,64.0,67.43807630871996,70.37933333333334,78.7279212792128
2024-07-02 05:03:00,64.0,67.43851194365787,70.11933333333333,78.67377450980392
2024-07-02 05:04:00,64.0,67.43902018441878,69.85933333333334,78.62002442002442
2024-07-02 05:05:00,63.4,67.43954294634429,69.58733333333333,78.56447688564478
2024-07-02 05:06:00,63.0,67.43997858128222,69.31533333333334,78.5078787878788
2024-07-02 05:07:00,63.0,67.44057757932185,69.05533333333334,78.45169082125604
2024-07-02 05:08:00,63.0,67.44123103172875,68.79533333333333,78.31763285024155
2024-07-02 05:09:00,62.75,67.44183002976838,68.54233333333333,78.18266908212561
2024-07-02 05:10:00,62.0,67.44226566470631,68.28233333333334,78.04498792270532
2024-07-02 05:11:00,62.0,67.44275575401147,68.02233333333334,77.90730676328504
2024-07-02 05:12:00,62.0,67.44326399477238,67.76733333333334,77.76962560386474
2024-07-02 05:13:00,62.0,67.44391744717927,67.52733333333333,77.63194444444444
2024-07-02 05:14:00,62.0,67.44457089958615,67.28733333333334,77.49426328502416
2024-07-02 05:15:00,62.0,67.445369563639,67.04733333333334,77.35658212560386
2024-07-02 05:16:00,61.0,67.44602301604588,66.78733333333334,77.21708937198068
2024-07-02 05:17:00,61.0,67.44667646845276,66.52733333333333,77.0794082125604
2024-07-02 05:18:00,61.0,67.44732992085964,66.28733333333334,76.9417270531401
2024-07-02 05:19:00,61.0,67.44805597908953,66.054,76.80404589371982
2024-07-02 05:20:00,60.75,67.44887279459813,65.82900000000001,76.66545893719807
2024-07-02 05:21:00,60.0,67.44952624700501,65.71470588235294,76.52415458937199
2024-07-02 05:22:00,60.0,67.45023415377914,65.6048076923077,76.3828502415459
2024-07-02 05:23:00,60.0,67.45110542365498,65.4990566037736,76.24154589371982
2024-07-02 05:24:00,60.0,67.45197669353082,65.39722222222223,76.10024154589372
2024-07-02 05:25:00,60.0,67.45284796340667,65.2990909090909,75.95893719806763
2024-07-02 05:26:00,60.0,67.45371923328251,65.2044642857143,75.81763285024155
2024-07-02 05:27:00,59.4,67.45451426704423,65.10263157894737,75.674154589372
2024-07-02 05:28:00,59.0,67.45538553692008,64.99741379310345,75.5292270531401
2024-07-02 05:29:00,59.0,67.45625680679592,64.8957627118644,75.38611111111112
2024-07-02 05:30:00,58.5,67.45701916793728,64.78916666666666,75.24299516908214
2024-07-02 05:31:00,58.0,67.45789043781312,64.56916666666666,75.09806763285025
2024-07-02 05:32:00,58.0,67.45876170768896,64.35249999999999,74.95404589371982
2024-07-02 05:33:00,58.0,67.45963297756481,64.13583333333332,74.81274154589373
2024-07-02 05:34:00,58.0,67.46050424744065,63.91916666666666,74.67143719806764
2024-07-02 05:35:00,57.4,67.46140818993683,63.692499999999995,74.53067632850242
2024-07-02 05:36:00,57.0,67.46227945981268,63.46333333333333,74.38937198067633
2024-07-02 05:37:00,57.0,67.46320518405577,63.24666666666666,74.24806763285024
2024-07-02 05:38:00,56.8,67.4641417991723,63.026666666666664,74.106038647343
2024-07-02 05:39:00,56.0,67.4649586146809,62.79333333333333,73.96382850241545
2024-07-02 05:40:00,56.0,67.46582988455674,62.57666666666667,73.82252415458937
2024-07-02 05:41:00,56.0,67.46670115443258,62.36,73.68121980676328
2024-07-02 05:42:00,56.0,67.46757242430843,62.14333333333333,73.54082125603864
2024-07-02 05:43:00,55.8,67.46857438466566,61.923333333333325,73.39879227053142
2024-07-02 05:44:00,55.0,67.4694456545415,61.70666666666666,73.256038647343
2024-07-02 05:45:00,55.0,67.47031692441735,61.489999999999995,73.11473429951691
2024-07-02 05:46:00,55.0,67.47118819429319,61.273333333333326,72.97342995169083
2024-07-02 05:47:00,55.0,67.47205946416904,61.05666666666666,72.83212560386474
2024-07-02 05:48:00,54.5,67.47282182531039,60.84166666666667,72.68900966183575
2024-07-02 05:49:00,54.0,67.47364953169244,60.625,72.54589371980677
2024-07-02 05:50:00,54.0,67.47452080156829,60.40833333333333,72.40458937198068
2024-07-02 05:51:00,54.0,67.47539207144413,60.205,72.2632850241546
2024-07-02 05:52:00,54.0,67.47626334131998,60.004999999999995,72.1219806763285
2024-07-02 05:53:00,54.0,67.47713461119582,59.80499999999999,71.98067632850243
2024-07-02 05:54:00,53.4,67.47787519059028,59.595,71.84082125603864
2024-07-02 05:55:00,53.0,67.47874646046613,59.37833333333333,71.69951690821256
2024-07-02 05:56:00,53.0,67.47961773034197,59.16166666666666,71.55821256038647
2024-07-02 05:57:00,52.333333333333336,67.48034378857184,58.93388888888889,71.4144927536232
2024-07-02 05:58:00,52.22222222222222,67.48126346232968,58.716759259259256,71.27037037037036
2024-07-02 05:59:00,52.111111111111114,67.48215893414653,58.50194444444445,71.12584541062802
2024-07-02 06:00:00,52.0,67.48303020402237,58.28527777777778,70.98091787439614
2024-07-02 06:01:00,52.0,67.48390147389821,58.07277777777778,70.83599033816425
2024-07-02 06:02:00,52.0,67.48477274377406,57.87277777777778,70.69106280193236
2024-07-02 06:03:00,52.0,67.48573114063748,57.67277777777778,70.54613526570049
2024-07-02 06:04:00,51.5,67.48671131924782,57.464444444444446,70.3993961352657
2024-07-02 06:05:00,51.0,67.48758258912365,57.257777777777775,70.25084541062802
2024-07-02 06:06:00,50.333333333333336,67.48847201045524,57.04666666666666,70.09987922705314
2024-07-02 06:07:00,50.0,67.48934328033108,56.83,69.94891304347826
2024-07-02 06:08:00,50.0,67.49021455020693,56.61333333333333,69.80036231884057
2024-07-02 06:09:00,50.0,67.49108582008277,56.40083333333333,69.6518115942029
2024-07-02 06:10:00,50.0,67.49217490742758,56.20083333333333,69.506884057971
2024-07-02 06:11:00,50.0,67.49326399477238,56.000833333333325,69.36195652173912
2024-07-02 06:12:00,49.333333333333336,67.49426232483845,55.78972222222222,69.21461352657005
2024-07-02 06:13:00,49.0,67.49535141218325,55.573055555555555,69.06606280193236
2024-07-02 06:14:00,49.0,67.49644049952806,55.35638888888889,68.91751207729469
2024-07-02 06:15:00,49.0,67.49752958687287,55.13972222222222,68.768961352657
2024-07-02 06:16:00,49.0,67.49861867421767,54.93972222222222,68.62041062801933
2024-07-02 06:17:00,48.75,67.49965330719523,54.73555555555556,68.47095410628019
2024-07-02 06:18:00,48.0,67.50063348580557,54.51888888888889,68.31998792270532
2024-07-02 06:19:00,48.0,67.50172257315036,54.30222222222222,68.1705314009662
2024-07-02 06:20:00,48.0,67.50286611486241,54.08972222222222,68.02198067632851
2024-07-02 06:21:00,48.0,67.50417301967617,53.88972222222222,67.87342995169084
2024-07-02 06:22:00,48.0,67.50547992448995,53.68972222222222,67.72487922705315
2024-07-02 06:23:00,47.0,67.50656901183474,53.473055555555554,67.57270531400967
2024-07-02 06:24:00,47.0,67.50765809917955,53.256388888888885,67.42234299516909
2024-07-02 06:25:00,47.0,67.50874718652436,53.03972222222222,67.27379227053142
2024-07-02 06:26:00,47.0,67.50983627386917,52.823055555555555,67.12524154589373
2024-07-02 06:27:00,47.0,67.51092536121396,52.61638888888889,66.97669082125604
2024-07-02 06:28:00,46.0,67.51192732157118,52.39972222222222,66.82451690821257
2024-07-02 06:29:00,46.0,67.51301640891599,52.18305555555556,66.67234299516909
2024-07-02 06:30:00,46.0,67.5141054962608,51.974722222222226,66.52016908212562
2024-07-02 06:31:00,45.0,67.51497676613664,51.75805555555556,66.36618357487923
2024-07-02 06:32:00,45.0,67.51584803601249,51.541388888888896,66.21400966183576
2024-07-02 06:33:00,45.0,67.51680643287591,51.32472222222223,66.06183574879228
2024-07-02 06:34:00,44.0,67.51762324838452,51.09138888888889,65.90603864734301
2024-07-02 06:35:00,44.0,67.51849451826037,50.86805555555556,65.75024154589373
2024-07-02 06:36:00,44.0,67.51936578813621,50.65138888888889,65.5953502415459
2024-07-02 06:37:00,43.5,67.52012814927757,50.426388888888894,65.44136473429953
2024-07-02 06:38:00,43.0,67.52078160168445,50.19638888888889,65.28556763285025
2024-07-02 06:39:00,43.0,67.52143505409134,49.97972222222222,65.12977053140098
2024-07-02 06:40:00,43.0,67.52208850649822,49.76305555555555,64.9739734299517
2024-07-02 06:41:00,43.0,67.5227419589051,49.54638888888889,64.82059178743961
2024-07-02 06:42:00,43.0,67.52339541131198,49.32972222222222,64.66841787439614
2024-07-02 06:43:00,42.0,67.52383104624991,49.099722222222226,64.51262077294686
2024-07-02 06:44:00,42.0,67.52426668118783,48.88305555555556,64.35682367149758
2024-07-02 06:45:00,42.0,67.52470231612575,48.666388888888896,64.20464975845411
2024-07-02 06:46:00,42.0,67.52513795106367,48.44972222222223,64.05247584541063
2024-07-02 06:47:00,41.5,67.52546467726711,48.224722222222226,63.89849033816425
2024-07-02 06:48:00,41.0,67.52590031220504,47.999722222222225,63.74269323671498
2024-07-02 06:49:00,41.0,67.52633594714295,47.783055555555556,63.586896135265704
2024-07-02 06:50:00,40.666666666666664,67.5266989762579,47.560833333333335,63.433514492753616
2024-07-02 06:51:00,40.2,67.52696035722066,47.33083333333334,63.2784420289855
2024-07-02 06:52:00,40.0,67.52717817468961,47.097500000000004,63.12264492753623
2024-07-02 06:53:00,40.0,67.52739599215857,46.86416666666667,62.97047101449275
2024-07-02 06:54:00,40.0,67.52768641545052,46.64083333333334,62.81829710144927
2024-07-02 06:55:00,40.0,67.52807848689464,46.42416666666667,62.66612318840579
2024-07-02 06:56:00,40.0,67.52851412183257,46.2075,62.513949275362314
2024-07-02 06:57:00,40.0,67.52894975677049,46.00194444444445,62.363586956521736
2024-07-02 06:58:00,39.5,67.52927648297393,45.78990740740741,62.21322463768115
2024-07-02 06:59:00,39.0,67.52949430044289,45.57138888888889,62.06286231884057
2024-07-02 07:00:00,39.0,67.52971211791186,45.35472222222222,61.91431159420289
2024-07-02 07:01:00,39.0,67.52992993538082,45.13805555555555,61.76576086956521
2024-07-02 07:02:00,39.0,67.52371697154472,44.92138888888889,61.61721014492753
2024-07-02 07:03:00,39.0,67.51750671311416,44.70472222222222,61.46865942028985
2024-07-02 07:04:00,38.0,67.51108148309389,44.47972222222222,61.31648550724637
2024-07-02 07:05:00,38.0,67.5046590496917,44.26305555555555,61.16793478260869
2024-07-02 07:06:00,38.0,67.4982394110821,44.057500000000005,61.02059178743961
2024-07-02 07:07:00,38.0,67.49182256544123,43.8575,60.87445652173913
2024-07-02 07:08:00,38.0,67.48540851094678,43.657500000000006,60.729528985507244
2024-07-02 07:09:00,38.0,67.47899724577806,43.4575,60.584601449275354
2024-07-02 07:10:00,38.0,67.47258876811594,43.25750000000001,60.43967391304347
2024-07-02 07:11:00,38.0,67.46618307614287,43.057500000000005,60.29474637681159
2024-07-02 07:12:00,38.0,67.45978016804288,42.868611111111115,60.149818840579705
2024-07-02 07:13:00,38.0,67.4533800420016,42.68527777777778,60.00730676328502
2024-07-02 07:14:00,38.0,67.44698269620619,42.50194444444445,59.86600241545894
2024-07-02 07:15:00,38.0,67.44058812884546,42.31861111111111,59.72650966183575
2024-07-02 07:16:00,37.5,67.4340877840498,42.12694444444445,59.58701690821256
2024-07-02 07:17:00,37.0,67.42748173069965,41.931111111111115,59.445712560386475
2024-07-02 07:18:00,37.0,67.42087854456018,41.74777777777778,59.30440821256038
2024-07-02 07:19:00,37.0,67.4142782237651,41.56444444444445,59.163103864734296
2024-07-02 07:20:00,37.0,67.40768076644974,41.38111111111111,59.02179951690821
2024-07-02 07:21:00,37.0,67.4010861707511,41.19777777777778,58.880495169082124
2024-07-02 07:22:00,36.666666666666664,67.3944221595837,41.00888888888889,58.74160628019323
2024-07-02 07:23:00,36.0,67.38761651853459,40.82555555555555,58.600301932367145
2024-07-02 07:24:00,36.0,67.38081382748157,40.64222222222222,58.45899758454106
2024-07-02 07:25:00,36.0,67.37401408450704,40.458888888888886,58.31841787439613
2024-07-02 07:26:00,36.0,67.36721728769497,40.275555555555556,58.18073671497584
2024-07-02 07:27:00,36.0,67.36042343513104,40.09222222222222,58.043055555555554
2024-07-02 07:28:00,36.0,67.35363252490255,39.925555555555555,57.905374396135265
2024-07-02 07:29:00,36.0,67.34684455509851,39.75888888888889,57.767693236714976
2024-07-02 07:30:00,36.0,67.34005952380953,39.59222222222222,57.63001207729469
2024-07-02 07:31:00,,67.34005952380953,39.50056497175141,57.57230303030303
2024-07-02 07:32:00,,67.34005952380953,39.40574712643678,57.515997566909974
2024-07-02 07:33:00,,67.34005952380953,39.30760233918129,57.45927960927961
2024-07-02 07:34:00,,67.34005952380953,39.22380952380952,57.40361519607843
2024-07-02 07:35:00,,67.34005952380953,39.13696969696969,57.34975399753997
2024-07-02 07:36:00,,67.34005952380953,39.046913580246915,57.34975399753997
2024-07-02 07:37:00,,67.34005952380953,38.962893081761,57.34975399753997
2024-07-02 07:38:00,,67.34005952380953,38.88525641025641,57.34975399753997
2024-07-02 07:39:00,,67.34005952380953,38.804575163398695,57.34975399753997
2024-07-02 07:40:00,,67.34005952380953,38.720666666666666,57.34975399753997
2024-07-02 07:41:00,,67.34005952380953,38.63333333333333,57.34975399753997
2024-07-02 07:42:00,,67.34005952380953,38.54236111111111,57.34975399753997
2024-07-02 07:43:00,,67.34005952380953,38.46879432624113,57.34975399753997
2024-07-02 07:44:00,,67.34005952380953,38.392028985507245,57.3029012345679
2024-07-02 07:45:00,,67.34005952380953,38.31185185185185,57.25570012391574
2024-07-02 07:46:00,,67.34005952380953,38.2280303030303,57.20814676616915
2024-07-02 07:47:00,,67.34005952380953,38.15193798449612,57.163982521847686
2024-07-02 07:48:00,,67.34005952380953,38.08412698412698,57.11948621553884
2024-07-02 07:49:00,,67.34005952380953,38.0130081300813,57.078427672955975
2024-07-02 07:50:00,,67.34005952380953,37.94666666666667,57.03705808080808
2024-07-02 07:51:00,,67.34005952380953,37.88888888888889,56.995373891001265
2024-07-02 07:52:00,,67.34005952380953,37.833333333333336,56.953371501272265
2024-07-02 07:53:00,,67.34005952380953,37.77477477477478,56.9110472541507
2024-07-02 07:54:00,,67.34005952380953,37.71296296296296,56.9110472541507
2024-07-02 07:55:00,,67.34005952380953,37.64761904761905,56.9110472541507
2024-07-02 07:56:00,,67.34005952380953,37.57843137254902,56.9110472541507
2024-07-02 07:57:00,,67.34005952380953,37.505050505050505,56.9110472541507
2024-07-02 07:58:00,,67.34005952380953,37.442708333333336,56.9110472541507
2024-07-02 07:59:00,,67.34005952380953,37.392473118279575,56.9110472541507
2024-07-02 08:00:00,,67.34005952380953,37.33888888888889,56.87224358974359
2024-07-02 08:01:00,,67.34005952380953,37.281609195402304,56.83314028314028
2024-07-02 08:02:00,,67.34005952380953,37.220238095238095,56.79760981912145
2024-07-02 08:03:00,,67.34005952380953,37.15432098765432,56.76180285343709
2024-07-02 08:04:00,,67.34005952380953,37.12179487179487,56.72571614583333
2024-07-02 08:05:00,,67.34005952380953,37.086666666666666,56.689346405228754
2024-07-02 08:06:00,,67.34005952380953,37.04861111111111,56.652690288713906
2024-07-02 08:07:00,,67.34005952380953,37.007246376811594,56.6167325428195
2024-07-02 08:08:00,,67.34005952380953,36.96212121212121,56.58148148148148
2024-07-02 08:09:00,,67.34005952380953,36.91269841269841,56.546945551128815
2024-07-02 08:10:00,,67.34005952380953,36.858333333333334,56.51313333333333
2024-07-02 08:11:00,,67.34005952380953,36.79824561403509,56.48172690763052
2024-07-02 08:12:00,,67.34005952380953,36.73148148148148,56.451411290322575
2024-07-02 08:13:00,,67.34005952380953,36.65686274509804,56.42085020242914
2024-07-02 08:14:00,,67.34005952380953,36.572916666666664,56.3900406504065
2024-07-02 08:15:00,,67.34005952380953,36.477777777777774,56.36102040816326
2024-07-02 08:16:00,,67.34005952380953,36.404761904761905,56.33381147540983
2024-07-02 08:17:00,,67.34005952380953,36.35897435897436,56.30637860082304
2024-07-02 08:18:00,,67.34005952380953,36.30555555555556,56.28285123966942
2024-07-02 08:19:00,,67.34005952380953,36.24242424242424,56.25912863070539
2024-07-02 08:20:00,,67.34005952380953,36.16666666666667,56.235208333333325
2024-07-02 08:21:00,,67.34005952380953,,56.211087866108784
2024-07-02 08:22:00,,67.34005952380953,,56.18676470588235
2024-07-02 08:23:00,,67.34005952380953,,56.16223628691983
2024-07-02 08:24:00,,67.34005952380953,,56.137499999999996
2024-07-02 08:25:00,,67.34005952380953,,56.11397163120567
2024-07-02 08:26:00,,67.34005952380953,,56.09309116809116
2024-07-02 08:27:00,,67.34005952380953,,56.07203147353362
2024-07-02 08:28:00,,67.34005952380953,,56.052945402298846
2024-07-02 08:29:00,,67.34005952380953,,56.035858585858584
2024-07-02 08:30:00,,67.34005952380953,,56.0186231884058
2024-07-02 08:31:00,,67.34005952380953,,56.00123726346433
2024-07-02 08:32:00,,67.34005952380953,,55.98808479532163
2024-07-02 08:33:00,,67.34005952380953,,55.97481644640235
2024-07-02 08:34:00,,67.34005952380953,,55.97481644640235
2024-07-02 08:35:00,,67.34005952380953,,55.97481644640235
2024-07-02 08:36:00,,67.34005952380953,,55.97481644640235
2024-07-02 08:37:00,,67.34005952380953,,55.97481644640235
2024-07-02 08:38:00,,67.34005952380953,,55.97481644640235
2024-07-02 08:39:00,,67.34005952380953,,55.97481644640235
2024-07-02 08:40:00,,67.34005952380953,,55.97481644640235
2024-07-02 08:41:00,,67.34005952380953,,55.97481644640235
2024-07-02 08:42:00,,67.34005952380953,,55.97481644640235
2024-07-02 08:43:00,,67.34005952380953,,55.97481644640235
2024-07-02 08:44:00,,67.34005952380953,,55.97481644640235
2024-07-02 08:45:00,,67.34005952380953,,55.97481644640235
2024-07-02 08:46:00,,67.34005952380953,,55.97481644640235
2024-07-02 08:47:00,,67.34005952380953,,55.97481644640235
2024-07-02 08:48:00,,67.34005952380953,,55.97481644640235
2024-07-02 08:49:00,,67.34005952380953,,55.97481644640235
2024-07-02 08:50:00,,67.34005952380953,,55.97481644640235
2024-07-02 08:51:00,,67.34005952380953,,55.965855457227136
2024-07-02 08:52:00,,67.34005952380953,,55.95681481481481
2024-07-02 08:53:00,,67.34005952380953,,55.94769345238095
2024-07-02 08:54:00,,67.34005952380953,,55.93849028400598
2024-07-02 08:55:00,,67.34005952380953,,55.929204204204204
2024-07-02 08:56:00,,67.34005952380953,,55.91983408748114
2024-07-02 08:57:00,,67.34005952380953,,55.910378787878784
2024-07-02 08:58:00,,67.34005952380953,,55.90083713850837
2024-07-02 08:59:00,,67.34005952380953,,55.891207951070335
2024-07-02 09:00:00,,67.34005952380953,,55.88149001536098
2024-07-02 09:01:00,,67.34005952380953,,55.87168209876543
2024-07-02 09:02:00,,67.34005952380953,,55.86178294573643
2024-07-02 09:03:00,,67.34005952380953,,55.85179127725856
2024-07-02 09:04:00,,67.34005952380953,,55.84170579029734
2024-07-02 09:05:00,,67.34005952380953,,55.831525157232704
2024-07-02 09:06:00,,67.34005952380953,,55.831525157232704
2024-07-02 09:07:00,,67.34005952380953,,55.831525157232704
2024-07-02 09:08:00,,67.34005952380953,,55.831525157232704
2024-07-02 09:09:00,,67.34005952380953,,55.831525157232704
2024-07-02 09:10:00,,67.34005952380953,,55.831525157232704
2024-07-02 09:11:00,,67.34005952380953,,55.831525157232704
2024-07-02 09:12:00,,67.34005952380953,,55.831525157232704
2024-07-02 09:13:00,,67.34005952380953,,55.831525157232704
2024-07-02 09:14:00,,67.34005952380953,,55.831525157232704
2024-07-02 09:15:00,,67.34005952380953,,55.831525157232704
2024-07-02 09:16:00,,67.34005952380953,,55.831525157232704
2024-07-02 09:17:00,,67.34005952380953,,55.831525157232704
2024-07-02 09:18:00,,67.34005952380953,,55.831525157232704
2024-07-02 09:19:00,,67.34005952380953,,55.831525157232704
2024-07-02 09:20:00,,67.34005952380953,,55.831525157232704
2024-07-02 09:21:00,,67.34005952380953,,55.831525157232704
2024-07-02 09:22:00,,67.34005952380953,,55.831525157232704
2024-07-02 09:23:00,,67.34005952380953,,55.831525157232704
2024-07-02 09:24:00,100.0,67.34712724518502,,56.038888888888884
2024-07-02 09:25:00,100.0,67.35419190826482,,56.244314641744545
2024-07-02 09:26:00,,67.35419190826482,,56.244314641744545
2024-07-02 09:27:00,,67.35419190826482,,56.244314641744545
2024-07-02 09:28:00,,67.35419190826482,,56.244314641744545
2024-07-02 09:29:00,,67.35419190826482,,56.244314641744545
2024-07-02 09:30:00,,67.35419190826482,,56.244314641744545
2024-07-02 09:31:00,,67.35419190826482,,56.244314641744545
2024-07-02 09:32:00,,67.35419190826482,,56.244314641744545
2024-07-02 09:33:00,,67.35419190826482,,56.244314641744545
2024-07-02 09:34:00,,67.35419190826482,,56.244314641744545
2024-07-02 09:35:00,,67.35419190826482,,56.244314641744545
2024-07-02 09:36:00,,67.35419190826482,,56.244314641744545
2024-07-02 09:37:00,,67.35419190826482,,56.244314641744545
2024-07-02 09:38:00,,67.35419190826482,,56.244314641744545
2024-07-02 09:39:00,,67.35419190826482,,56.244314641744545
2024-07-02 09:40:00,,67.35419190826482,,56.123395931142404
2024-07-02 09:41:00,,67.35419190826482,,56.00133647798742
2024-07-02 09:42:00,,67.35419190826482,,55.87812006319115
2024-07-02 09:43:00,,67.35419190826482,,55.75373015873016
2024-07-02 09:44:00,,67.35419190826482,,55.63054226475279
2024-07-02 09:45:00,,67.35419190826482,,55.63054226475279
2024-07-02 09:46:00,,67.35419190826482,,55.63054226475279
2024-07-02 09:47:00,,67.35419190826482,,55.63054226475279
2024-07-02 09:48:00,,67.35419190826482,,55.63054226475279
2024-07-02 09:49:00,,67.35419190826482,,55.63054226475279
2024-07-02 09:50:00,,67.35419190826482,,55.63054226475279
2024-07-02 09:51:00,,67.35419190826482,,55.63054226475279
2024-07-02 09:52:00,,67.35419190826482,,55.63054226475279
2024-07-02 09:53:00,,67.35419190826482,,55.63054226475279
2024-07-02 09:54:00,,67.35419190826482,,55.522996794871794
2024-07-02 09:55:00,,67.35419190826482,,55.414412238325276
2024-07-02 09:56:00,,67.35419190826482,,55.30477346278317
2024-07-02 09:57:00,,67.35419190826482,,55.19487804878048
2024-07-02 09:58:00,,67.35419190826482,,55.08472222222222
2024-07-02 09:59:00,,67.35419190826482,,54.97430213464696
2024-07-02 10:00:00,,67.36054425449038,,54.865264026402635
2024-07-02 10:01:00,,67.36689935064935,,54.75514096185738
2024-07-02 10:02:00,,67.37325719852782,,54.64391666666666
2024-07-02 10:03:00,,67.37325719852782,,54.53157453936348
2024-07-02 10:04:00,,67.37325719852782,,54.41809764309764
2024-07-02 10:05:00,,67.37325719852782,,54.30346869712352
2024-07-02 10:06:00,,67.37325719852782,,54.18971088435374
2024-07-02 10:07:00,,67.37325719852782,,54.07786324786324
2024-07-02 10:08:00,,67.37325719852782,,53.96486254295532
2024-07-02 10:09:00,,67.37325719852782,,53.853799654576854
2024-07-02 10:10:00,,67.37325719852782,,53.743663194444444
2024-07-02 10:11:00,,67.37325719852782,,53.63237347294939
2024-07-02 10:12:00,,67.37325719852782,,53.52122807017544
2024-07-02 10:13:00,,67.37325719852782,,53.41287477954145
2024-07-02 10:14:00,,67.37325719852782,,53.30336879432624
2024-07-02 10:15:00,,67.37325719852782,,53.19269162210338
2024-07-02 10:16:00,,67.37325719852782,,53.08082437275986
2024-07-02 10:17:00,,67.37325719852782,,52.967747747747744
2024-07-02 10:18:00,,67.37325719852782,,52.8588768115942
2024-07-02 10:19:00,,67.37325719852782,,52.75063752276867
2024-07-02 10:20:00,,67.37325719852782,,52.6448717948718
2024-07-02 10:21:00,,67.37325719852782,,52.6448717948718
2024-07-02 10:22:00,,67.37325719852782,,52.6448717948718
2024-07-02 10:23:00,,67.37325719852782,,52.6448717948718
2024-07-02 10:24:00,,67.37325719852782,,52.6448717948718
2024-07-02 10:25:00,,67.37325719852782,,52.6448717948718
2024-07-02 10:26:00,,67.37325719852782,,52.6448717948718
2024-07-02 10:27:00,,67.37325719852782,,52.6448717948718
2024-07-02 10:28:00,,67.37325719852782,,52.6448717948718
2024-07-02 10:29:00,,67.37325719852782,,52.6448717948718
2024-07-02 10:30:00,,67.37325719852782,,52.6448717948718
2024-07-02 10:31:00,,67.37325719852782,,52.54235727440147
2024-07-02 10:32:00,,67.37325719852782,,52.43981481481481
2024-07-02 10:33:00,,67.37325719852782,,52.336126629422715
2024-07-02 10:34:00,,67.37325719852782,,52.231273408239694
2024-07-02 10:35:00,,67.37325719852782,,52.125235404896415
2024-07-02 10:36:00,,67.37325719852782,,52.019412878787875
2024-07-02 10:37:00,,67.37325719852782,,51.916666666666664
2024-07-02 10:38:00,,67.37325719852782,,51.81273946360153
2024-07-02 10:39:00,,67.37325719852782,,51.70761078998073
2024-07-02 10:40:00,,67.37325719852782,,51.60707364341085
2024-07-02 10:41:00,,67.37325719852782,,51.50536062378167
2024-07-02 10:42:00,,67.37325719852782,,51.40245098039215
2024-07-02 10:43:00,,67.37325719852782,,51.298323471400394
2024-07-02 10:44:00,,67.37325719852782,,51.19890873015873
2024-07-02 10:45:00,,67.37325719852782,,51.09830339321357
2024-07-02 10:46:00,,67.37325719852782,,50.9964859437751
2024-07-02 10:47:00,,67.37325719852782,,50.89343434343434
2024-07-02 10:48:00,,67.37325719852782,,50.792784552845525
2024-07-02 10:49:00,,67.37325719852782,,50.69335378323108
2024-07-02 10:50:00,,67.37325719852782,,50.59269547325103
2024-07-02 10:51:00,,67.37325719852782,,50.49575569358178
2024-07-02 10:52:00,,67.37325719852782,,50.39885416666666
2024-07-02 10:53:00,,67.37325719852782,,50.30073375262054
2024-07-02 10:54:00,,67.37325719852782,,50.201371308016874
2024-07-02 10:55:00,,67.37325719852782,,50.10074309978768
2024-07-02 10:56:00,,67.37325719852782,,49.99882478632478
2024-07-02 10:57:00,,67.37325719852782,,49.89559139784946
2024-07-02 10:58:00,,67.37325719852782,,49.79588744588744
2024-07-02 10:59:00,,67.37325719852782,,49.69651416122004
2024-07-02 11:00:00,,67.37325719852782,,49.595833333333324
2024-07-02 11:01:00,,67.37325719852782,,49.495474613686525
2024-07-02 11:02:00,,67.37325719852782,,49.398777777777774
2024-07-02 11:03:00,,67.37325719852782,,49.30078299776286
2024-07-02 11:04:00,,67.37325719852782,,49.20146396396396
2024-07-02 11:05:00,,67.37325719852782,,49.10487528344671
2024-07-02 11:06:00,,67.37325719852782,,49.009703196347026
2024-07-02 11:07:00,,67.37325719852782,,48.913218390804595
2024-07-02 11:08:00,,67.37325719852782,,48.81539351851851
2024-07-02 11:09:00,,67.37325719852782,,48.717948717948715
2024-07-02 11:10:00,,67.37325719852782,,48.624413145539904
2024-07-02 11:11:00,,67.37325719852782,,48.529550827423165
2024-07-02 11:12:00,,67.37325719852782,,48.43333333333333
2024-07-02 11:13:00,,67.37325719852782,,48.3357314148681
2024-07-02 11:14:00,,67.37325719852782,,48.23671497584541
2024-07-02 11:15:00,,67.37325719852782,,48.13625304136253
2024-07-02 11:16:00,,67.37325719852782,,48.041666666666664
2024-07-02 11:17:00,,67.37325719852782,,47.94567901234567
2024-07-02 11:18:00,,67.37325719852782,,47.848258706467654
2024-07-02 11:19:00,,67.37325719852782,,47.749373433583955
2024-07-02 11:20:00,,67.37325719852782,,47.650883838383834
2024-07-02 11:21:00,,67.37325719852782,,47.55661577608142
2024-07-02 11:22:00,,67.37325719852782,,47.46089743589743
2024-07-02 11:23:00,,67.37325719852782,,47.36369509043927
2024-07-02 11:24:00,,67.37325719852782,,47.26497395833333
2024-07-02 11:25:00,,67.37325719852782,,47.16469816272966
2024-07-02 11:26:00,,67.37325719852782,,47.06283068783068
2024-07-02 11:27:00,,67.37325719852782,,46.96413333333332
2024-07-02 11:28:00,,67.37325719852782,,46.86706989247311
2024-07-02 11:29:00,,67.37325719852782,,46.76842818428183
2024-07-02 11:30:00,,67.37325719852782,,46.672267759562835
2024-07-02 11:31:00,,67.37325719852782,,46.578650137741036
2024-07-02 11:32:00,,67.37325719852782,,46.48347222222221
2024-07-02 11:33:00,,67.37325719852782,,46.38669467787114
2024-07-02 11:34:00,,67.37325719852782,,46.28827683615818
2024-07-02 11:35:00,,67.37325719852782,,46.19330484330484
2024-07-02 11:36:00,,67.37325719852782,,46.10014367816091
2024-07-02 11:37:00,,67.37325719852782,,46.005362318840575
2024-07-02 11:38:00,,67.37325719852782,,45.910672514619876
2024-07-02 11:39:00,,67.37325719852782,,45.82138643067846
2024-07-02 11:40:00,,67.37325719852782,,45.730505952380945
2024-07-02 11:41:00,,67.37325719852782,,45.63798798798798
2024-07-02 11:42:00,,67.37325719852782,,45.54378787878787
2024-07-02 11:43:00,,67.37325719852782,,45.44969418960243
2024-07-02 11:44:00,,67.37325719852782,,45.361265432098755
2024-07-02 11:45:00,,67.37325719852782,,45.27118380062304
2024-07-02 11:46:00,,67.37325719852782,,45.17940251572326
2024-07-02 11:47:00,,67.37325719852782,,45.085873015873005
2024-07-02 11:48:00,,67.37325719852782,,44.995352564102554
2024-07-02 11:49:00,,67.37325719852782,,44.907928802588984
2024-07-02 11:50:00,,67.37325719852782,,44.81879084967319
2024-07-02 11:51:00,,67.37325719852782,,44.727887788778865
2024-07-02 11:52:00,,67.37325719852782,,44.635166666666656
2024-07-02 11:53:00,,67.37325719852782,,44.54057239057238
2024-07-02 11:54:00,,67.37325719852782,,44.450170068027205
2024-07-02 11:55:00,,67.37325719852782,,44.362027491408924
2024-07-02 11:56:00,,67.37325719852782,,44.2720486111111
2024-07-02 11:57:00,,67.37325719852782,,44.18719298245613
2024-07-02 11:58:00,,67.37325719852782,,44.10171394799053
2024-07-02 11:59:00,,67.37325719852782,,44.015591397849455
2024-07-02 12:00:00,,67.37325719852782,,43.92880434782608
2024-07-02 12:01:00,,67.37325719852782,,43.840109890109886
2024-07-02 12:02:00,,67.37325719852782,,43.749444444444435
2024-07-02 12:03:00,,67.37325719852782,,43.6567415730337
2024-07-02 12:04:00,,67.37325719852782,,43.56761363636363
2024-07-02 12:05:00,,67.37325719852782,,43.48218390804597
2024-07-02 12:06:00,,67.37325719852782,,43.402519379844954
2024-07-02 12:07:00,,67.37325719852782,,43.3249019607843
2024-07-02 12:08:00,,67.37325719852782,,43.245436507936496
2024-07-02 12:09:00,,67.37325719852782,,43.16405622489959
2024-07-02 12:10:00,,67.37325719852782,,43.08069105691056
2024-07-02 12:11:00,,67.37325719852782,,42.99526748971192
2024-07-02 12:12:00,,67.37325719852782,,42.91604166666666
2024-07-02 12:13:00,,67.37325719852782,,42.83902953586497
2024-07-02 12:14:00,,67.37325719852782,,42.760042735042724
2024-07-02 12:15:00,,67.37325719852782,,42.679004329004314
2024-07-02 12:16:00,,67.37325719852782,,42.595833333333324
2024-07-02 12:17:00,,67.37325719852782,,42.51377777777777
2024-07-02 12:18:00,,67.37325719852782,,42.43963963963963
2024-07-02 12:19:00,,67.37325719852782,,42.36347031963469
2024-07-02 12:20:00,,67.37325719852782,,42.28518518518517
2024-07-02 12:21:00,,67.37325719852782,,42.20469483568074
2024-07-02 12:22:00,,67.37325719852782,,42.12190476190475
2024-07-02 12:23:00,,67.37325719852782,,42.05120772946859
2024-07-02 12:24:00,,67.37325719852782,,41.978431372549004
2024-07-02 12:25:00,,67.37325719852782,,41.903482587064666
2024-07-02 12:26:00,,67.37325719852782,,41.82626262626261
2024-07-02 12:27:00,,67.37325719852782,,41.746666666666655
2024-07-02 12:28:00,,67.37325719852782,,41.68020833333332
2024-07-02 12:29:00,,67.37325719852782,,41.6116402116402
2024-07-02 12:30:00,,67.37325719852782,,41.54086021505375
2024-07-02 12:31:00,,67.37325719852782,,41.484153005464464
2024-07-02 12:32:00,,67.37325719852782,,41.42555555555554
2024-07-02 12:33:00,,67.37325719852782,,41.36497175141241
2024-07-02 12:34:00,,67.37325719852782,,41.31954022988504
2024-07-02 12:35:00,,67.37325719852782,,41.272514619883026
2024-07-02 12:36:00,,67.37325719852782,,41.22380952380951
2024-07-02 12:37:00,,67.37325719852782,,41.182424242424226
2024-07-02 12:38:00,,67.37325719852782,,41.14876543209875
2024-07-02 12:39:00,,67.37325719852782,,41.113836477987405
2024-07-02 12:40:00,,67.37325719852782,,41.07756410256408
2024-07-02 12:41:00,,67.37325719852782,,41.03986928104573
2024-07-02 12:42:00,,67.37325719852782,,41.000666666666646
2024-07-02 12:43:00,,67.37325719852782,,40.98027210884352
2024-07-02 12:44:00,,67.37325719852782,,40.95902777777776
2024-07-02 12:45:00,,67.37325719852782,,40.936879432624096
2024-07-02 12:46:00,,67.37325719852782,,40.91376811594201
2024-07-02 12:47:00,,67.37325719852782,,40.90074074074072
2024-07-02 12:48:00,,67.37325719852782,,40.898484848484834
2024-07-02 12:49:00,,67.37325719852782,,40.89612403100774
2024-07-02 12:50:00,,67.37325719852782,,40.901587301587284
2024-07-02 12:51:00,,67.37325719852782,,40.91869918699185
2024-07-02 12:52:00,,67.37325719852782,,40.94166666666665
2024-07-02 12:53:00,,67.37325719852782,,40.965811965811945
2024-07-02 12:54:00,,67.37325719852782,,40.99122807017542
2024-07-02 12:55:00,,67.37325719852782,,41.018018018018
2024-07-02 12:56:00,,67.37325719852782,,41.046296296296276
2024-07-02 12:57:00,,67.37325719852782,,41.076190476190455
2024-07-02 12:58:00,,67.37325719852782,,41.12254901960782
2024-07-02 12:59:00,,67.37325719852782,,41.186868686868664
2024-07-02 13:00:00,,67.37325719852782,,41.25520833333331
2024-07-02 13:01:00,,67.37325719852782,,41.327956989247284
2024-07-02 13:02:00,,67.37325719852782,,41.40555555555553
2024-07-02 13:03:00,,67.37325719852782,,
2024-07-02 13:04:00,,67.37325719852782,,
2024-07-02 13:05:00,,67.37325719852782,,
2024-07-02 13:06:00,,67.37325719852782,,
2024-07-02 13:07:00,,67.37325719852782,,
2024-07-02 13:08:00,,67.37325719852782,,
2024-07-02 13:09:00,,67.37325719852782,,
2024-07-02 13:10:00,,67.37325719852782,,
2024-07-02 13:11:00,,67.37325719852782,,
2024-07-02 13:12:00,,67.37325719852782,,
2024-07-02 13:13:00,,67.37325719852782,,
2024-07-02 13:14:00,,67.37325719852782,,
2024-07-02 13:15:00,,67.37325719852782,,
2024-07-02 13:16:00,,67.37325719852782,,
2024-07-02 13:17:00,,67.37325719852782,,
2024-07-02 13:18:00,,67.37325719852782,,
2024-07-02 13:19:00,,67.37325719852782,,
2024-07-02 13:20:00,,67.37325719852782,,
2024-07-02 13:21:00,,67.37325719852782,,
2024-07-02 13:22:00,,67.37325719852782,,
2024-07-02 13:23:00,,67.37325719852782,,
2024-07-02 13:24:00,,67.37325719852782,,
2024-07-02 13:25:00,,67.37325719852782,,
2024-07-02 13:26:00,,67.37325719852782,,
2024-07-02 13:27:00,,67.37325719852782,,
2024-07-02 13:28:00,,67.37325719852782,,
2024-07-02 13:29:00,,67.37325719852782,,
2024-07-02 13:30:00,,67.37325719852782,,
2024-07-02 13:31:00,,67.37325719852782,,
2024-07-02 13:32:00,,67.37325719852782,,
2024-07-02 13:33:00,,67.37325719852782,,
2024-07-02 13:34:00,,67.37325719852782,,
2024-07-02 13:35:00,,67.37325719852782,,
2024-07-02 13:36:00,,67.37325719852782,,
2024-07-02 13:37:00,,67.37325719852782,,
2024-07-02 13:38:00,,67.37325719852782,,
2024-07-02 13:39:00,,67.37325719852782,,
2024-07-02 13:40:00,,67.37325719852782,,
2024-07-02 13:41:00,,67.37325719852782,,
2024-07-02 13:42:00,,67.37325719852782,,
2024-07-02 13:43:00,,67.37325719852782,,
2024-07-02 13:44:00,,67.37325719852782,,
2024-07-02 13:45:00,,67.37325719852782,,
2024-07-02 13:46:00,,67.37325719852782,,
2024-07-02 13:47:00,,67.37325719852782,,
2024-07-02 13:48:00,,67.37325719852782,,
2024-07-02 13:49:00,,67.37325719852782,,
2024-07-02 13:50:00,,67.37325719852782,,
2024-07-02 13:51:00,,67.37325719852782,,
2024-07-02 13:52:00,,67.37325719852782,,
2024-07-02 13:53:00,,67.37325719852782,,
2024-07-02 13:54:00,,67.37325719852782,,
2024-07-02 13:55:00,,67.37325719852782,,
2024-07-02 13:56:00,,67.37325719852782,,
2024-07-02 13:57:00,,67.37325719852782,,
2024-07-02 13:58:00,,67.37325719852782,,
2024-07-02 13:59:00,,67.37325719852782,,
2024-07-02 14:00:00,,67.37325719852782,,
2024-07-02 14:01:00,,67.37325719852782,,
2024-07-02 14:02:00,,67.37325719852782,,
2024-07-02 14:03:00,,67.37325719852782,,
2024-07-02 14:04:00,,67.37325719852782,,
2024-07-02 14:05:00,,67.37325719852782,,
2024-07-02 14:06:00,100.0,67.37325719852782,,
2024-07-02 14:07:00,100.0,67.37325719852782,,
2024-07-02 14:08:00,100.0,67.37325719852782,,
2024-07-02 14:09:00,100.0,67.37325719852782,,
2024-07-02 14:10:00,99.4,67.37312730028144,,
2024-07-02 14:11:00,99.0,67.37291080320415,,
2024-07-02 14:12:00,99.0,67.37280255466551,,
2024-07-02 14:13:00,99.0,67.37280255466551,,
2024-07-02 14:14:00,99.0,67.37280255466551,,
2024-07-02 14:15:00,99.0,67.37280255466551,99.44,
2024-07-02 14:16:00,98.0,67.37258605758822,99.30909090909091,
2024-07-02 14:17:00,98.0,67.3725319333189,99.2,
2024-07-02 14:18:00,98.0,67.3725319333189,99.10769230769232,
2024-07-02 14:19:00,98.0,67.3725319333189,99.02857142857144,
2024-07-02 14:20:00,98.0,67.3725319333189,98.96000000000001,
2024-07-02 14:21:00,98.0,67.3725319333189,98.9,
2024-07-02 14:22:00,97.0,67.3723154362416,98.78823529411765,
2024-07-02 14:23:00,97.0,67.37220718770295,98.6888888888889,
2024-07-02 14:24:00,97.0,67.37220718770295,98.60000000000001,
2024-07-02 14:25:00,97.0,67.37220718770295,98.52000000000001,
2024-07-02 14:26:00,97.0,67.37220718770295,98.44761904761906,
2024-07-02 14:27:00,97.0,67.37220718770295,98.38181818181819,
2024-07-02 14:28:00,97.0,67.37220718770295,98.32173913043479,
2024-07-02 14:29:00,97.0,67.37220718770295,98.26666666666667,
2024-07-02 14:30:00,97.0,67.37220718770295,98.21600000000001,
2024-07-02 14:31:00,96.25,67.37204481489499,98.14038461538462,
2024-07-02 14:32:00,96.0,67.3718283178177,98.06111111111112,
2024-07-02 14:33:00,96.0,67.37161182074041,97.9875,98.12166666666667
2024-07-02 14:34:00,96.0,67.37139532366312,97.91896551724139,98.05322580645162
2024-07-02 14:35:00,96.0,67.37135202424767,97.855,97.9890625
2024-07-02 14:36:00,96.0,67.37135202424767,97.79516129032258,97.92878787878789
2024-07-02 14:37:00,96.0,67.37135202424767,97.7390625,97.87205882352941
2024-07-02 14:38:00,96.0,67.37135202424767,97.68636363636364,97.81857142857143
2024-07-02 14:39:00,96.0,67.37135202424767,97.63676470588236,97.76805555555556
2024-07-02 14:40:00,96.0,67.37135202424767,97.59,97.72027027027028
2024-07-02 14:41:00,96.0,67.37135202424767,97.54583333333333,97.675
2024-07-02 14:42:00,96.0,67.37135202424767,97.50405405405405,97.63205128205128
2024-07-02 14:43:00,96.0,67.37135202424767,97.46447368421053,97.59125
2024-07-02 14:44:00,96.0,67.37135202424767,97.42692307692307,97.55243902439025
2024-07-02 14:45:00,96.0,67.37135202424767,97.39125,97.51547619047619
2024-07-02 14:46:00,95.0,67.37113552717038,97.33292682926829,97.45697674418604
2024-07-02 14:47:00,95.0,67.37091903009309,97.27738095238095,97.40113636363635
2024-07-02 14:48:00,95.0,67.3707025330158,97.22441860465115,97.34777777777776
2024-07-02 14:49:00,95.0,67.37048603593851,97.17386363636363,97.29673913043477
2024-07-02 14:50:00,95.0,67.37026953886122,97.12555555555555,97.24787234042553
2024-07-02 14:51:00,95.0,67.37005304178393,97.07934782608694,97.20104166666665
2024-07-02 14:52:00,95.0,67.36983654470664,97.03510638297871,97.15612244897959
2024-07-02 14:53:00,95.0,67.36962004762935,96.99270833333333,97.113
2024-07-02 14:54:00,95.0,67.36940355055206,96.95204081632653,97.07156862745097
2024-07-02 14:55:00,95.0,67.36924117774409,96.913,97.03173076923076
2024-07-02 14:56:00,95.0,67.36924117774409,96.87549019607843,96.99339622641509
2024-07-02 14:57:00,95.0,67.36924117774409,96.83942307692307,96.95648148148148
2024-07-02 14:58:00,94.33333333333333,67.36909684635924,96.79213836477987,96.90878787878788
2024-07-02 14:59:00,94.0,67.36888034928195,96.74043209876544,96.85684523809525
2024-07-02 15:00:00,94.0,67.36866385220466,96.69060606060607,96.80672514619883
2024-07-02 15:01:00,94.0,67.36844735512737,96.64255952380952,96.75833333333334
2024-07-02 15:02:00,94.0,67.36823085805008,96.59619883040936,96.71158192090395
2024-07-02 15:03:00,94.0,67.3680143609728,96.5514367816092,96.66638888888889
2024-07-02 15:04:00,94.0,67.3677978638955,96.50819209039548,96.62267759562842
2024-07-02 15:05:00,94.0,67.36758136681821,96.46638888888889,96.58037634408602
2024-07-02 15:06:00,94.0,67.36736486974092,96.36638888888889,96.539417989418
2024-07-02 15:07:00,94.0,67.36714837266364,96.2663888888889,96.49973958333334
2024-07-02 15:08:00,93.75,67.3670076495634,96.16222222222223,96.4574358974359
2024-07-02 15:09:00,93.0,67.36679115248612,96.04555555555557,96.40505050505051
2024-07-02 15:10:00,93.0,67.36657465540883,95.9388888888889,96.3542288557214
2024-07-02 15:11:00,93.0,67.36635815833154,95.8388888888889,96.30490196078432
2024-07-02 15:12:00,93.0,67.36614166125425,95.7388888888889,96.25700483091788
2024-07-02 15:13:00,93.0,67.36592516417696,95.6388888888889,96.2104761904762
2024-07-02 15:14:00,93.0,67.36570866709967,95.5388888888889,96.16525821596244
2024-07-02 15:15:00,92.6,67.36540557119146,95.43222222222222,96.11574074074073
2024-07-02 15:16:00,92.0,67.36497257703688,95.33222222222223,96.0593607305936
2024-07-02 15:17:00,92.0,67.3645395828823,95.23222222222222,96.0045045045045
2024-07-02 15:18:00,92.0,67.36410658872772,95.13222222222223,95.9511111111111
2024-07-02 15:19:00,92.0,67.3638359673811,95.03222222222222,95.89912280701753
2024-07-02 15:20:00,92.0,67.36361947030382,94.93222222222222,95.84848484848484
2024-07-02 15:21:00,92.0,67.36340297322653,94.83222222222223,95.7991452991453
2024-07-02 15:22:00,92.0,67.36318647614924,94.74888888888889,95.75105485232068
2024-07-02 15:23:00,92.0,67.36296997907195,94.66555555555556,95.70416666666667
2024-07-02 15:24:00,91.2,67.36258028433284,94.5688888888889,95.59416666666667
2024-07-02 15:25:00,91.0,67.36219058959371,94.4688888888889,95.48166666666667
2024-07-02 15:26:00,91.0,67.36191996824711,94.3688888888889,95.42633744855968
2024-07-02 15:27:00,91.0,67.36170347116982,94.2688888888889,95.37235772357724
2024-07-02 15:28:00,91.0,67.36148697409253,94.1688888888889,95.31967871485945
2024-07-02 15:29:00,91.0,67.36127047701524,94.0688888888889,95.26825396825397
2024-07-02 15:30:00,90.0,67.36083748286066,93.95222222222223,95.20627450980393
2024-07-02 15:31:00,90.0,67.36040448870608,93.84805555555558,95.14573643410853
2024-07-02 15:32:00,90.0,67.3599714945515,93.74805555555557,95.08659003831417
2024-07-02 15:33:00,90.0,67.35975499747421,93.64805555555557,95.02878787878787
2024-07-02 15:34:00,90.0,67.35953850039692,93.54805555555556,94.97228464419476
2024-07-02 15:35:00,90.0,67.35932200331963,93.44805555555557,94.91703703703703
2024-07-02 15:36:00,90.0,67.35910550624234,93.34805555555558,94.86300366300365
2024-07-02 15:37:00,89.33333333333333,67.35885292631883,93.23694444444445,94.80289855072463
2024-07-02 15:38:00,89.0,67.35863642924154,93.12027777777779,94.7405017921147
2024-07-02 15:39:00,89.0,67.35841993216425,93.00361111111111,94.67943262411347
2024-07-02 15:40:00,89.0,67.35820343508696,92.88694444444445,94.61964912280702
2024-07-02 15:41:00,89.0,67.35798693800967,92.77027777777779,94.56111111111112
2024-07-02 15:42:00,89.0,67.35777044093238,92.65361111111112,94.50378006872852
2024-07-02 15:43:00,88.2,67.35759724327056,92.52361111111112,94.43945578231293
2024-07-02 15:44:00,88.0,67.35738074619327,92.39027777777778,94.37441077441078
2024-07-02 15:45:00,88.0,67.35720754853142,92.25694444444444,94.31066666666668
2024-07-02 15:46:00,88.0,67.35720754853142,92.14027777777778,94.24818481848186
2024-07-02 15:47:00,88.0,67.35720754853142,92.02361111111112,94.18692810457517
2024-07-02 15:48:00,88.0,67.35720754853142,91.90694444444445,94.12686084142396
2024-07-02 15:49:00,88.0,67.35727971422386,91.79027777777779,94.06794871794872
2024-07-02 15:50:00,88.0,67.35749621130115,91.67361111111111,94.01015873015874
2024-07-02 15:51:00,87.75,67.35765858410912,91.55277777777778,93.95110062893083
2024-07-02 15:52:00,87.0,67.35771270837844,91.41944444444445,93.88613707165109
2024-07-02 15:53:00,87.0,67.35792920545573,91.28611111111111,93.82237654320988
2024-07-02 15:54:00,86.5,67.35803745399437,91.14444444444445,93.75519877675842
2024-07-02 15:55:00,86.0,67.35803745399437,90.99444444444445,93.68469696969697
2024-07-02 15:56:00,86.0,67.35803745399437,90.84444444444445,93.61546546546548
2024-07-02 15:57:00,86.0,67.35803745399437,90.69444444444444,93.54747023809524
2024-07-02 15:58:00,86.0,67.35803745399437,90.55555555555556,93.48067846607671
2024-07-02 15:59:00,85.5,67.35792920545573,90.41388888888888,93.41067251461989
2024-07-02 16:00:00,85.0,67.35771270837844,90.26388888888889,93.33753623188406
2024-07-02 16:01:00,85.0,67.35749621130115,90.11388888888888,93.26566091954024
2024-07-02 16:02:00,84.75,67.35722558995454,89.95972222222221,93.1928774928775
2024-07-02 16:03:00,84.0,67.35683589521543,89.79305555555555,93.11497175141244
2024-07-02 16:04:00,84.0,67.35648949989175,89.62638888888888,93.03837535014006
2024-07-02 16:05:00,84.0,67.35618640398356,89.45972222222221,92.96305555555556
2024-07-02 16:06:00,84.0,67.3559266074908,89.29305555555555,92.88898071625346
2024-07-02 16:07:00,84.0,67.35571011041351,89.12638888888888,92.81612021857924
2024-07-02 16:08:00,84.0,67.35549361333622,88.96388888888889,92.74444444444445
2024-07-02 16:09:00,84.0,67.35527711625893,88.81388888888888,92.67392473118281
2024-07-02 16:10:00,84.0,67.35527711625893,88.66388888888888,92.60453333333334
2024-07-02 16:11:00,83.8,67.35523381684348,88.51055555555556,92.53465608465609
2024-07-02 16:12:00,83.66666666666667,67.35516165115105,88.355,92.46482939632546
2024-07-02 16:13:00,83.0,67.35494515407376,88.18833333333333,92.39088541666666
2024-07-02 16:14:00,83.0,67.35472865699647,88.02166666666668,92.31808785529715
2024-07-02 16:15:00,83.0,67.35451215991918,87.86166666666668,92.24641025641026
2024-07-02 16:16:00,83.0,67.35434978711122,87.71166666666667,92.17582697201017
2024-07-02 16:17:00,82.2,67.35417658944938,87.54833333333335,92.10025252525253
2024-07-02 16:18:00,82.0,67.35396009237209,87.38166666666667,92.02431077694236
2024-07-02 16:19:00,82.0,67.35713023088024,87.215,91.94950248756219
2024-07-02 16:20:00,82.0,67.36029899733103,87.04833333333335,91.8758024691358
2024-07-02 16:21:00,82.0,67.36346639261504,86.88166666666667,91.80318627450981
2024-07-02 16:22:00,81.25,67.36647018530536,86.70250000000001,91.72615571776156
2024-07-02 16:23:00,81.0,67.36941861303346,86.51916666666668,91.64842995169083
2024-07-02 16:24:00,81.0,67.37236576576578,86.34916666666666,91.57182254196643
2024-07-02 16:25:00,81.0,67.37531164432916,86.18249999999999,91.49630952380953
2024-07-02 16:26:00,80.66666666666667,67.3781842086305,86.01027777777776,91.41950354609929
2024-07-02 16:27:00,80.25,67.38096549985595,85.8311111111111,91.34084507042253
2024-07-02 16:28:00,80.0,67.38369158205516,85.64777777777776,91.26153846153846
2024-07-02 16:29:00,80.0,67.38641648668107,85.46444444444442,91.18333333333334
2024-07-02 16:30:00,80.0,67.3891402144965,85.29777777777777,91.10620689655173
2024-07-02 16:31:00,79.4,67.39173323258493,85.1211111111111,91.02602739726026
2024-07-02 16:32:00,79.0,67.39423879415786,84.93777777777777,90.94421768707483
2024-07-02 16:33:00,79.0,67.39674327434902,84.75444444444445,90.86351351351351
2024-07-02 16:34:00,79.0,67.39924667385833,84.57111111111111,90.78389261744967
2024-07-02 16:35:00,78.75,67.401695067587,84.38361111111111,90.70366666666666
2024-07-02 16:36:00,78.0,67.40398066278485,84.1836111111111,90.61953642384105
2024-07-02 16:37:00,78.0,67.40626527238753,83.99472222222222,90.53651315789473
2024-07-02 16:38:00,78.0,67.40854889703242,83.81138888888889,90.45457516339869
2024-07-02 16:39:00,78.0,67.41083153735633,83.62805555555556,90.37370129870129
2024-07-02 16:40:00,78.0,67.41311319399556,83.44472222222223,90.29387096774192
2024-07-02 16:41:00,77.0,67.41517844319978,83.24472222222222,90.20865384615384
2024-07-02 16:42:00,77.0,67.41724280278557,83.04472222222222,90.12452229299363
2024-07-02 16:43:00,76.5,67.41919860752226,82.84972222222223,90.0382911392405
2024-07-02 16:44:00,76.0,67.42104592752064,82.64972222222222,89.94999999999999
2024-07-02 16:45:00,76.0,67.4228924522887,82.44972222222222,89.86281249999999
2024-07-02 16:46:00,76.0,67.42473818233987,82.24972222222223,89.77670807453416
2024-07-02 16:47:00,76.0,67.42658311818704,82.04972222222223,89.69166666666666
2024-07-02 16:48:00,75.25,67.42826593532659,81.83722222222222,89.60306748466257
2024-07-02 16:49:00,75.0,67.42989426523297,81.62055555555555,89.5140243902439
2024-07-02 16:50:00,75.0,67.431521894933,81.40388888888889,89.4260606060606
2024-07-02 16:51:00,74.5,67.4330413442247,81.18305555555555,89.33614457831325
2024-07-02 16:52:00,74.0,67.43445268285694,80.96638888888889,89.24431137724551
2024-07-02 16:53:00,74.0,67.43586341498353,80.74972222222223,89.15357142857142
2024-07-02 16:54:00,74.0,67.43727354099535,80.54138888888889,89.06390532544378
2024-07-02 16:55:00,74.0,67.43868306128294,80.34138888888889,88.97529411764705
2024-07-02 16:56:00,74.0,67.4400919762365,80.1413888888889,88.88771929824561
2024-07-02 16:57:00,74.0,67.4415002862459,79.9413888888889,88.80116279069767
2024-07-02 16:58:00,74.0,67.44290799170065,79.74138888888889,88.71560693641618
2024-07-02 16:59:00,74.0,67.44431509299,79.54972222222223,88.63103448275862
2024-07-02 17:00:00,74.0,67.44572159050276,79.36638888888889,88.54742857142857
2024-07-02 17:01:00,73.75,67.44707385957386,79.17888888888889,88.46335227272726
2024-07-02 17:02:00,73.0,67.44826470798485,78.98305555555557,88.37598870056497
2024-07-02 17:03:00,73.0,67.44945504574044,78.79972222222223,88.28960674157302
2024-07-02 17:04:00,72.0,67.45043051089675,78.59972222222223,88.1986033519553
2024-07-02 17:05:00,72.0,67.45140555793685,78.39972222222222,88.1086111111111
2024-07-02 17:06:00,72.0,67.45238018712949,78.19972222222222,88.0196132596685
2024-07-02 17:07:00,72.0,67.45335439874322,77.99972222222223,87.93159340659341
2024-07-02 17:08:00,71.5,67.45422110373386,77.79138888888889,87.84180327868852
2024-07-02 17:09:00,71.0,67.45498037116346,77.57472222222222,87.75027173913043
2024-07-02 17:10:00,70.75,67.4556857917648,77.35388888888889,87.65837837837837
2024-07-02 17:11:00,70.25,67.4562838898402,77.12805555555556,87.56478494623656
2024-07-02 17:12:00,70.0,67.4568282331122,76.90027777777777,87.47085561497326
2024-07-02 17:13:00,70.0,67.45737234346028,76.6836111111111,87.37792553191488
2024-07-02 17:14:00,70.0,67.45791622103387,76.46694444444444,87.28597883597884
2024-07-02 17:15:00,69.6,67.45825846702317,76.2436111111111,87.1928947368421
2024-07-02 17:16:00,69.0,67.45847237076649,76.01027777777776,87.0976439790576
2024-07-02 17:17:00,69.0,67.45890017825312,75.79027777777777,87.00338541666667
2024-07-02 17:18:00,68.25,67.45916755793226,75.5611111111111,86.90621761658032
2024-07-02 17:19:00,68.0,67.45938146167558,75.32777777777777,86.80876288659795
2024-07-02 17:20:00,68.0,67.45970231729055,75.09444444444443,86.7123076923077
2024-07-02 17:21:00,68.0,67.46013012477718,74.8611111111111,86.61683673469389
2024-07-02 17:22:00,68.0,67.46055793226381,74.64027777777777,86.52233502538071
2024-07-02 17:23:00,68.0,67.46098573975044,74.4236111111111,86.42878787878789
2024-07-02 17:24:00,67.5,67.4614670231729,74.1986111111111,86.33366834170855
2024-07-02 17:25:00,67.0,67.46189483065953,73.96527777777777,86.23700000000001
2024-07-02 17:26:00,67.0,67.46232263814616,73.7375,86.14129353233831
2024-07-02 17:27:00,66.33333333333333,67.46271479500892,73.50555555555556,86.04323432343234
2024-07-02 17:28:00,66.0,67.46314260249555,73.27222222222223,85.94449917898194
2024-07-02 17:29:00,66.0,67.46357040998218,73.0388888888889,85.8467320261438
2024-07-02 17:30:00,66.0,67.46399821746881,72.80555555555557,85.74991869918699
2024-07-02 17:31:00,66.0,67.46463992869876,72.58222222222223,85.65404530744337
2024-07-02 17:32:00,65.0,67.46506773618539,72.3488888888889,85.55426731078906
2024-07-02 17:33:00,65.0,67.46556684491979,72.11555555555556,85.45544871794871
2024-07-02 17:34:00,65.0,67.46620855614974,71.88222222222223,85.35757575757576
2024-07-02 17:35:00,64.75,67.46679679144385,71.64888888888889,85.25944444444444
2024-07-02 17:36:00,64.0,67.46722459893049,71.41555555555556,85.1586887835703
2024-07-02 17:37:00,64.0,67.46770588235294,71.18222222222222,85.05888364779874
2024-07-02 17:38:00,64.0,67.46834759358289,70.94888888888889,84.96001564945227
2024-07-02 17:39:00,63.25,67.46882887700535,70.70305555555555,84.85856697819315
2024-07-02 17:40:00,63.0,67.46936363636364,70.45305555555555,84.7568992248062
2024-07-02 17:41:00,63.0,67.47000534759358,70.21972222222222,84.65617283950617
2024-07-02 17:42:00,63.0,67.47064705882353,69.9863888888889,84.55637480798771
2024-07-02 17:43:00,62.0,67.47107486631016,69.74472222222222,84.45290519877676
2024-07-02 17:44:00,62.0,67.4717165775401,69.51138888888889,84.35038051750381
2024-07-02 17:45:00,62.0,67.47235828877005,69.27805555555555,84.24878787878788
2024-07-02 17:46:00,62.0,67.47321390374331,69.04472222222222,84.14811463046757
2024-07-02 17:47:00,61.5,67.47396256684492,68.80305555555556,84.0460960960961
2024-07-02 17:48:00,61.0,67.47460427807488,68.56555555555556,83.94275037369208
2024-07-02 17:49:00,61.0,67.47540641711231,68.33222222222223,83.84032738095239
2024-07-02 17:50:00,60.0,67.47604812834226,68.08222222222221,83.73437037037037
2024-07-02 17:51:00,60.0,67.4766898395722,67.84055555555555,83.62935103244838
2024-07-02 17:52:00,60.0,67.47754545454546,67.60722222222222,83.52525697503671
2024-07-02 17:53:00,60.0,67.47840106951872,67.37388888888889,83.42207602339181
2024-07-02 17:54:00,60.0,67.47925668449199,67.14055555555555,83.3197962154294
2024-07-02 17:55:00,60.0,67.48011229946525,66.90722222222222,83.21840579710145
2024-07-02 17:56:00,59.0,67.48096791443851,66.65722222222222,83.11356421356422
2024-07-02 17:57:00,59.0,67.48182352941177,66.40722222222222,83.00962643678162
2024-07-02 17:58:00,59.0,67.48267914438503,66.15722222222222,82.90658082975679
2024-07-02 17:59:00,58.0,67.48332085561498,65.89055555555555,82.80014245014245
2024-07-02 18:00:00,58.0,67.48396256684492,65.62388888888889,82.69460992907801
2024-07-02 18:01:00,58.0,67.48460427807487,65.36138888888888,82.58997175141243
2024-07-02 18:02:00,58.0,67.48528877005349,65.11138888888888,82.48621659634318
2024-07-02 18:03:00,57.333333333333336,67.4860017825312,64.85027777777778,82.38053221288514
2024-07-02 18:04:00,57.0,67.48664349376115,64.60027777777778,82.27433751743375
2024-07-02 18:05:00,57.0,67.4872852049911,64.35027777777778,82.16902777777777
2024-07-02 18:06:00,56.25,67.4879090909091,64.08777777777777,82.06147994467496
2024-07-02 18:07:00,56.0,67.48855080213905,63.82111111111111,81.95378787878788
2024-07-02 18:08:00,56.0,67.4894064171123,63.562777777777775,81.84698216735254
2024-07-02 18:09:00,56.0,67.49026203208557,63.312777777777775,81.7410519125683
2024-07-02 18:10:00,56.0,67.49111764705883,63.06694444444444,81.63598639455782
2024-07-02 18:11:00,55.25,67.49191978609626,62.81694444444444,81.52872628726287
2024-07-02 18:12:00,55.0,67.49277540106952,62.56694444444444,81.421322537112
2024-07-02 18:13:00,54.25,67.49354188948307,62.30444444444444,81.31176075268817
2024-07-02 18:14:00,54.0,67.49432620320856,62.03777777777778,81.20207496653279
2024-07-02 18:15:00,54.0,67.49518181818182,61.77777777777778,81.09326666666666
2024-07-02 18:16:00,54.0,67.49609090909091,61.52777777777778,80.98532536520584
2024-07-02 18:17:00,54.0,67.4971604278075,61.27777777777778,80.87824074074074
2024-07-02 18:18:00,53.75,67.49821925133689,61.03611111111111,80.77101449275362
2024-07-02 18:19:00,54.0,67.49950267379678,60.80277777777778,80.66561679790026
2024-07-02 18:20:00,53.666666666666664,67.50071479500892,60.56388888888888,80.55973856209151
2024-07-02 18:21:00,53.0,67.5017843137255,60.31388888888888,80.45208333333333
2024-07-02 18:22:00,53.0,67.50285383244207,60.06388888888888,80.34526588845655
2024-07-02 18:23:00,52.0,67.50392335115865,59.79722222222222,80.23540051679586
2024-07-02 18:24:00,52.0,67.50499286987522,59.538888888888884,80.12638352638352
2024-07-02 18:25:00,52.0,67.50616934046346,59.288888888888884,80.01820512820512
2024-07-02 18:26:00,52.0,67.50745276292335,59.038888888888884,79.91085568326947
2024-07-02 18:27:00,51.333333333333336,67.5085935828877,58.78888888888889,79.80178117048345
2024-07-02 18:28:00,51.0,67.50966310160427,58.53888888888889,79.69226869455007
2024-07-02 18:29:00,51.0,67.51090374331551,58.28888888888889,79.58358585858585
2024-07-02 18:30:00,50.666666666666664,67.51211586452764,58.03333333333333,79.47446540880503
2024-07-02 18:31:00,50.0,67.51318538324422,57.766666666666666,79.36365914786967
2024-07-02 18:32:00,50.0,67.51429768270945,57.516666666666666,79.25368289637953
2024-07-02 18:33:00,50.0,67.51558110516935,57.266666666666666,79.14452736318408
2024-07-02 18:34:00,49.5,67.51172832905617,57.00833333333333,79.03432465923173
2024-07-02 18:35:00,49.0,67.50777029434823,56.74583333333333,78.92308641975309
2024-07-02 18:36:00,48.5,67.50370706854781,56.4875,78.81082410824108
2024-07-02 18:37:00,48.0,67.49953871909952,56.22083333333333,78.69754901960785
2024-07-02 18:38:00,48.0,67.49537215099716,55.954166666666666,78.58510378510378
2024-07-02 18:39:00,48.0,67.49120736309905,55.7,78.47347931873479
2024-07-02 18:40:00,48.0,67.48704435426455,55.45,78.36266666666667
2024-07-02 18:41:00,47.333333333333336,67.48274076446722,55.18888888888889,78.25024154589372
2024-07-02 18:42:00,47.0,67.47836784799317,54.922222222222224,78.13742478941035
2024-07-02 18:43:00,46.0,67.4737833511206,54.65555555555556,78.02182254196643
2024-07-02 18:44:00,46.0,67.46920081092615,54.38888888888889,77.90704898446833
2024-07-02 18:45:00,45.75,67.46456688713462,54.11805555555556,77.79220238095238
2024-07-02 18:46:00,45.5,67.45988161262798,53.84305555555556,77.67728351126927
2024-07-02 18:47:00,45.25,67.45514502026018,53.57222222222222,77.56229314420804
2024-07-02 18:48:00,45.0,67.45035714285714,53.30555555555556,77.44723203769139
2024-07-02 18:49:00,45.0,67.44557130675761,53.03888888888889,77.33298122065727
2024-07-02 18:50:00,44.2,67.44061700767263,52.77555555555556,77.21672514619883
2024-07-02 18:51:00,44.0,67.43562220328148,52.5088888888889,77.10058275058275
2024-07-02 18:52:00,44.0,67.43062952705581,52.24222222222223,76.98524970963996
2024-07-02 18:53:00,44.0,67.42563897763578,51.975555555555566,76.8707175925926
2024-07-02 18:54:00,43.5,67.42054408006814,51.70055555555556,76.75524798154557
2024-07-02 18:55:00,43.0,67.41534490100064,51.41722222222223,76.63885057471265
2024-07-02 18:56:00,,67.41534490100064,51.288700564971755,76.63885057471265
2024-07-02 18:57:00,,67.41534490100064,51.155747126436786,76.63885057471265
2024-07-02 18:58:00,,67.41534490100064,51.018128654970766,76.63885057471265
2024-07-02 18:59:00,,67.41534490100064,50.89345238095239,76.63885057471265
2024-07-02 19:00:00,,67.41534490100064,50.76424242424243,76.63885057471265
2024-07-02 19:01:00,,67.41534490100064,50.63024691358026,76.63885057471265
2024-07-02 19:02:00,,67.41534490100064,50.491194968553465,76.63885057471265
2024-07-02 19:03:00,,67.41534490100064,50.35961538461539,76.63885057471265
2024-07-02 19:04:00,,67.41534490100064,50.22941176470589,76.63885057471265
2024-07-02 19:05:00,,67.41534490100064,50.09400000000001,76.63885057471265
2024-07-02 19:06:00,,67.41534490100064,49.968367346938784,76.63885057471265
2024-07-02 19:07:00,,67.41534490100064,49.84270833333334,76.63885057471265
2024-07-02 19:08:00,,67.41534490100064,49.71170212765958,76.63885057471265
2024-07-02 19:09:00,,67.41534490100064,49.575,76.63885057471265
2024-07-02 19:10:00,,67.41534490100064,49.43222222222223,76.63885057471265
2024-07-02 19:11:00,,67.41534490100064,49.300000000000004,76.63885057471265
2024-07-02 19:12:00,,67.41534490100064,49.167441860465125,76.63885057471265
2024-07-02 19:13:00,,67.41534490100064,49.04642857142858,76.63885057471265
2024-07-02 19:14:00,,67.41534490100064,48.925609756097565,76.63885057471265
2024-07-02 19:15:00,,67.41534490100064,48.798750000000005,76.63885057471265
2024-07-02 19:16:00,,67.41534490100064,48.665384615384625,76.63885057471265
2024-07-02 19:17:00,,67.41534490100064,48.525000000000006,76.63885057471265
2024-07-02 19:18:00,,67.41534490100064,48.38378378378379,76.63885057471265
2024-07-02 19:19:00,,67.41534490100064,48.22777777777779,76.63885057471265
2024-07-02 19:20:00,,67.41534490100064,48.07238095238096,76.63885057471265
2024-07-02 19:21:00,,67.41534490100064,47.927450980392166,76.63885057471265
2024-07-02 19:22:00,,67.41534490100064,47.77373737373738,76.63885057471265
2024-07-02 19:23:00,,67.41534490100064,47.64166666666667,76.63885057471265
2024-07-02 19:24:00,,67.41534490100064,47.50107526881721,76.63885057471265
2024-07-02 19:25:00,,67.41534490100064,47.351111111111116,76.63885057471265
2024-07-02 19:26:00,,67.41534490100064,47.19080459770116,76.63885057471265
2024-07-02 19:27:00,,67.41534490100064,47.04285714285715,76.63885057471265
2024-07-02 19:28:00,,67.41534490100064,46.896296296296306,76.63885057471265
2024-07-02 19:29:00,,67.41534490100064,46.73846153846155,76.63885057471265
2024-07-02 19:30:00,,67.41534490100064,46.58133333333334,76.63885057471265
2024-07-02 19:31:00,,67.41534490100064,46.4388888888889,76.63885057471265
2024-07-02 19:32:00,,67.41534490100064,46.2840579710145,76.63885057471265
2024-07-02 19:33:00,,67.41534490100064,46.115151515151524,76.63885057471265
2024-07-02 19:34:00,,67.41534490100064,45.95396825396826,76.63885057471265
2024-07-02 19:35:00,,67.41534490100064,45.80166666666668,76.63885057471265
2024-07-02 19:36:00,,67.41534490100064,45.659649122807025,76.63885057471265
2024-07-02 19:37:00,,67.41534490100064,45.52962962962964,76.63885057471265
2024-07-02 19:38:00,,67.41534490100064,45.38431372549021,76.63885057471265
2024-07-02 19:39:00,,67.41534490100064,45.220833333333346,76.63885057471265
2024-07-02 19:40:00,,67.41534490100064,45.03555555555557,76.63885057471265
2024-07-02 19:41:00,,67.41074850936968,44.87142857142858,76.63885057471265
2024-07-02 19:42:00,,67.40615015974441,44.70769230769232,76.63885057471265
2024-07-02 19:43:00,,67.40154985087345,44.600000000000016,76.63885057471265
2024-07-02 19:44:00,,67.39694758150436,44.47272727272729,76.63885057471265
2024-07-02 19:45:00,,67.39244991474851,44.34500000000002,76.63885057471265
2024-07-02 19:46:00,,67.3880569175016,,76.63885057471265
2024-07-02 19:47:00,,67.38373312011373,,76.63885057471265
2024-07-02 19:48:00,,67.37947856685861,,76.63885057471265
2024-07-02 19:49:00,,67.37529330204778,,76.63885057471265
2024-07-02 19:50:00,,67.37110625133347,,76.63885057471265
2024-07-02 19:51:00,,67.3671308151942,,76.63885057471265
2024-07-02 19:52:00,,67.36315368196371,,76.63885057471265
2024-07-02 19:53:00,,67.35917485055508,,76.63885057471265
2024-07-02 19:54:00,,67.35519431988043,,76.63885057471265
2024-07-02 19:55:00,,67.35135447814325,,76.63885057471265
2024-07-02 19:56:00,,67.34758420565407,,76.63885057471265
2024-07-02 19:57:00,,67.34391915954416,,76.63885057471265
2024-07-02 19:58:00,,67.34035940728076,,76.63885057471265
2024-07-02 19:59:00,,67.33679813310532,,76.63885057471265
2024-07-02 20:00:00,,67.33323533604162,,76.63885057471265
2024-07-02 20:01:00,,67.32967101511264,,76.63885057471265
2024-07-02 20:02:00,,67.32610516934047,,76.63885057471265
2024-07-02 20:03:00,92.0,67.32781639928699,,76.69163802978235
2024-07-02 20:04:00,91.0,67.3293137254902,,76.74063926940639
2024-07-02 20:05:00,91.0,67.33088235294117,,76.78930602957907
2024-07-02 20:06:00,91.0,67.3325935828877,,76.75858930602958
2024-07-02 20:07:00,90.33333333333333,67.33416221033868,,76.72559726962457
2024-07-02 20:08:00,90.0,67.33571301247771,,76.69146757679181
2024-07-02 20:09:00,89.5,67.33731729055258,,76.6556313993174
2024-07-02 20:10:00,89.0,67.33881461675578,,76.62013651877132
2024-07-02 20:11:00,88.5,67.34020499108733,,76.58430034129692
2024-07-02 20:12:00,88.0,67.34155971479501,90.03333333333333,76.54675767918087
2024-07-02 20:13:00,88.0,67.34305704099822,89.84848484848486,76.50921501706483
2024-07-02 20:14:00,88.0,67.34455436720143,89.69444444444444,76.4716723549488
2024-07-02 20:15:00,87.0,67.3459982174688,89.48717948717947,76.43071672354948
2024-07-02 20:16:00,87.0,67.34749554367203,89.30952380952381,76.39317406143344
2024-07-02 20:17:00,86.2,67.34882174688057,89.10222222222222,76.35290102389078
2024-07-02 20:18:00,86.0,67.35010516934047,88.90833333333333,76.31194539249147
2024-07-02 20:19:00,86.0,67.35138859180036,88.73725490196078,76.27098976109214
2024-07-02 20:20:00,85.0,67.35267201426025,88.52962962962962,76.22662116040955
2024-07-02 20:21:00,85.0,67.35395543672016,88.3438596491228,76.18225255972696
2024-07-02 20:22:00,85.0,67.35529233511588,88.17666666666666,76.14129692832763
2024-07-02 20:23:00,85.0,67.35678966131908,88.02539682539683,76.10034129692832
2024-07-02 20:24:00,85.0,67.35828698752229,87.88787878787879,76.059385665529
2024-07-02 20:25:00,84.2,67.3618887225549,87.72753623188406,76.01569965870307
2024-07-02 20:26:00,84.0,67.36544615494263,87.57222222222221,75.97133105802047
2024-07-02 20:27:00,84.0,67.36900206641016,87.42933333333332,75.92696245733788
2024-07-02 20:28:00,83.4,67.37242822540429,87.27435897435898,75.88054607508532
2024-07-02 20:29:00,83.0,67.37576745014245,87.11604938271604,75.83276450511946
2024-07-02 20:30:00,82.75,67.37905184077476,86.96011904761905,75.78412969283276
2024-07-02 20:31:00,82.0,67.38217464046704,86.7890804597701,75.73549488054607
2024-07-02 20:32:00,82.0,67.38345614409796,86.62944444444445,75.68771331058021
2024-07-02 20:33:00,82.0,67.38489783568276,86.48010752688171,75.63993174061433
2024-07-02 20:34:00,81.0,67.38617933931368,86.30885416666666,75.58873720136519
2024-07-02 20:35:00,81.0,67.3876317100954,86.1479797979798,75.53754266211604
2024-07-02 20:36:00,80.2,67.38895593051403,85.97303921568628,75.48361774744026
2024-07-02 20:37:00,80.0,67.39023743414495,85.80238095238096,75.42901023890784
2024-07-02 20:38:00,80.0,67.39156165456357,85.64120370370371,75.37440273037542
2024-07-02 20:39:00,79.2,67.39288587498221,85.46711711711711,75.31706484641637
2024-07-02 20:40:00,79.0,67.39421009540082,85.2969298245614,75.25904436860067
2024-07-02 20:41:00,79.0,67.39570518297023,85.13547008547009,75.20102389078498
2024-07-02 20:42:00,78.5,67.39716467321658,84.96958333333333,75.14129692832763
2024-07-02 20:43:00,78.0,67.39858856613982,84.79959349593496,75.07986348122866
2024-07-02 20:44:00,78.0,67.40008365370923,84.63769841269841,75.01843003412968
2024-07-02 20:45:00,78.0,67.40164993592482,84.48333333333333,74.95699658703072
2024-07-02 20:46:00,78.0,67.40328741278655,84.33598484848484,74.89897610921501
2024-07-02 20:47:00,77.0,67.40478250035596,84.17296296296296,74.83754266211604
2024-07-02 20:48:00,77.0,67.40627758792539,84.01702898550725,74.77610921501706
2024-07-02 20:49:00,76.25,67.40761248754093,83.85177304964539,74.71211604095562
2024-07-02 20:50:00,76.0,67.40889399117187,83.68819444444445,74.64726962457337
2024-07-02 20:51:00,76.0,67.4102609283782,83.5312925170068,74.58242320819112
2024-07-02 20:52:00,75.0,67.41154243200911,83.36066666666667,74.51416382252559
2024-07-02 20:53:00,74.6,67.41273850206464,83.18888888888888,74.44453924914676
2024-07-02 20:54:00,74.0,67.41384913854478,83.01217948717948,74.37286689419795
2024-07-02 20:55:00,74.0,67.41513064217571,82.84213836477987,74.30119453924915
2024-07-02 20:56:00,74.0,67.41646554179125,82.6783950617284,74.22952218430034
2024-07-02 20:57:00,74.0,67.41785383739143,82.52060606060606,74.15784982935153
2024-07-02 20:58:00,73.25,67.41913534102235,82.35505952380952,74.08589306029579
2024-07-02 20:59:00,73.0,67.42041684465327,82.19093567251461,74.01422070534699
2024-07-02 21:00:00,73.0,67.42169834828421,82.03247126436781,73.94254835039818
2024-07-02 21:01:00,73.0,67.42302256870283,81.87937853107344,73.87087599544938
2024-07-02 21:02:00,73.0,67.42438950590915,81.73138888888889,73.79920364050058
2024-07-02 21:03:00,73.0,67.42579915990318,81.41472222222222,73.72753128555176
2024-07-02 21:04:00,73.0,67.4272515306849,81.11472222222223,73.65585893060296
2024-07-02 21:05:00,72.0,67.42853303431582,80.79805555555555,73.58077360637088
2024-07-02 21:06:00,72.0,67.42981453794674,80.48138888888889,73.50568828213879
2024-07-02 21:07:00,71.66666666666666,67.43109604157767,80.17027777777778,73.42946530147896
2024-07-02 21:08:00,71.33333333333333,67.4323775452086,79.85916666666667,73.35295790671218
2024-07-02 21:09:00,71.0,67.43365904883953,79.55083333333333,73.2778725824801
2024-07-02 21:10:00,71.0,67.43494055247045,79.25083333333333,73.20278725824801
2024-07-02 21:11:00,70.4,67.43622205610139,78.94916666666668,73.12565415244596
2024-07-02 21:12:00,70.0,67.4375035597323,78.64916666666667,73.0471558589306
2024-07-02 21:13:00,70.0,67.43878506336324,78.34916666666668,72.96865756541524
2024-07-02 21:14:00,69.66666666666667,67.439995372348,78.04361111111112,72.88902161547213
2024-07-02 21:15:00,69.0,67.44106329204043,77.74361111111111,72.80847554038681
2024-07-02 21:16:00,69.0,67.44217392852057,77.44361111111111,72.72997724687146
2024-07-02 21:17:00,68.75,67.44340203616687,77.15277777777777,72.65062571103527
2024-07-02 21:18:00,68.0,67.44446995585932,76.85277777777777,72.56871444823663
2024-07-02 21:19:00,68.0,67.44553787555175,76.55277777777776,72.486803185438
2024-07-02 21:20:00,68.0,67.44681937918268,76.26944444444443,72.40489192263937
2024-07-02 21:21:00,68.0,67.4481008828136,75.9861111111111,72.32298065984074
2024-07-02 21:22:00,67.5,67.4492755944753,75.69444444444443,72.23936291240047
2024-07-02 21:23:00,67.0,67.45034351416773,75.39444444444443,72.15403868031855
2024-07-02 21:24:00,66.5,67.45137583653708,75.0861111111111,72.06973833902161
2024-07-02 21:25:00,66.25,67.45249715221414,74.78694444444444,71.98526734926052
2024-07-02 21:26:00,66.0,67.45356507190658,74.48694444444443,71.89994311717861
2024-07-02 21:27:00,65.5,67.45456891641747,74.17861111111111,71.81291240045506
2024-07-02 21:28:00,65.0,67.45563683610992,73.87194444444444,71.72417519908988
2024-07-02 21:29:00,65.0,67.45670475580235,73.57194444444444,71.6354379977247
2024-07-02 21:30:00,65.0,67.4577726754948,73.2761111111111,71.55011376564278
2024-07-02 21:31:00,65.0,67.45889399117186,72.99277777777777,71.46478953356086
2024-07-02 21:32:00,64.75,67.46012209881816,72.70527777777778,71.37861205915814
2024-07-02 21:33:00,64.0,67.46124341449521,72.40527777777778,71.28987485779295
2024-07-02 21:34:00,64.0,67.4624181261569,72.12194444444444,71.20113765642776
2024-07-02 21:35:00,63.666666666666664,67.46357503915705,71.83305555555556,71.11126279863483
2024-07-02 21:36:00,63.0,67.4646429588495,71.5463888888889,71.01911262798636
2024-07-02 21:37:00,63.0,67.46585326783426,71.26305555555557,70.92923777019341
2024-07-02 21:38:00,63.0,67.46717748825289,70.97972222222224,70.84050056882822
2024-07-02 21:39:00,62.5,67.46856578385305,70.70138888888889,70.7500568828214
2024-07-02 21:40:00,62.0,67.46984728748399,70.41805555555555,70.65790671217293
2024-07-02 21:41:00,62.0,67.47112879111491,70.13472222222222,70.56575654152446
2024-07-02 21:42:00,61.75,67.47251708671509,69.85555555555555,70.47275312855518
2024-07-02 21:43:00,61.0,67.47379859034601,69.57222222222222,70.37992036405007
2024-07-02 21:44:00,61.0,67.47508009397694,69.28888888888888,70.2877701934016
2024-07-02 21:45:00,61.0,67.47648618823864,69.00555555555555,70.19562002275313
2024-07-02 21:46:00,60.5,67.4779100811619,68.71388888888889,70.10176336746304
2024-07-02 21:47:00,60.0,67.4793517727467,68.43055555555556,70.0062002275313
2024-07-02 21:48:00,60.0,67.4808468603161,68.14722222222223,69.91063708759955
2024-07-02 21:49:00,59.333333333333336,67.48227075323935,67.86527777777778,69.8127986348123
2024-07-02 21:50:00,58.666666666666664,67.4836946461626,67.57638888888889,69.71268486916952
2024-07-02 21:51:00,58.0,67.48497614979354,67.27638888888889,69.61114903299205
2024-07-02 21:52:00,58.0,67.48631104940908,66.99305555555556,69.51217292377703
2024-07-02 21:53:00,58.0,67.48780613697849,66.71638888888889,69.41319681456201
2024-07-02 21:54:00,57.5,67.48919443257867,66.4413888888889,69.314220705347
2024-07-02 21:55:00,57.0,67.49060408657269,66.15805555555556,69.21524459613198
2024-07-02 21:56:00,56.5,67.49199238217285,65.86638888888889,69.11456200227532
2024-07-02 21:57:00,56.0,67.49327388580379,65.5663888888889,69.01217292377703
2024-07-02 21:58:00,56.0,67.49465150220703,65.27888888888889,68.90978384527874
2024-07-02 21:59:00,55.5,67.49601843941336,64.98722222222223,68.80739476678045
2024-07-02 22:00:00,55.0625,67.4973880464189,64.6882638888889,68.70521899886235
2024-07-02 22:01:00,54.625,67.49876032322369,64.38201388888889,68.60155005688283
2024-07-02 22:02:00,54.1875,67.50008187384309,64.06847222222223,68.4972411831627
2024-07-02 22:03:00,53.75,67.50130998148938,63.74763888888889,68.39399886234358
2024-07-02 22:04:00,53.0,67.50237790118183,63.41430555555556,68.28819681456201
2024-07-02 22:05:00,53.0,67.50365940481275,63.097638888888895,68.18239476678045
2024-07-02 22:06:00,52.5,67.50491955004983,62.77263888888889,68.07488623435724
2024-07-02 22:07:00,52.0,67.50620105368075,62.44486111111111,67.96567121729238
2024-07-02 22:08:00,52.0,67.50748255731169,62.12263888888889,67.85645620022754
2024-07-02 22:09:00,51.8,67.50872134415492,61.802638888888886,67.74655858930603
2024-07-02 22:10:00,51.0,67.50978926384735,61.46930555555556,67.63393060295792
2024-07-02 22:11:00,51.0,67.51107076747829,61.14597222222222,67.52198521046645
2024-07-02 22:12:00,50.6,67.51226683753382,60.822638888888896,67.40912969283276
2024-07-02 22:13:00,50.0,67.51333475722626,60.48930555555556,67.29650170648465
2024-07-02 22:14:00,49.5,67.51429588494946,60.15319444444445,67.18216723549489
2024-07-02 22:15:00,49.0,67.5151502207034,59.819861111111116,67.06612627986348
2024-07-02 22:16:00,48.75,67.51602235511889,59.48236111111112,66.94923208191126
2024-07-02 22:17:00,48.0,67.51687669087285,59.136527777777786,66.8325085324232
2024-07-02 22:18:00,48.0,67.51773102662679,58.80319444444445,66.7164675767918
2024-07-02 22:19:00,48.0,67.51858536238075,58.469861111111115,66.60042662116041
2024-07-02 22:20:00,47.0,67.51922611419621,58.11986111111112,66.48097269624573
2024-07-02 22:21:00,47.0,67.51986686601167,57.76986111111112,66.36151877133105
2024-07-02 22:22:00,47.0,67.52050761782714,57.42819444444445,66.24462457337884
2024-07-02 22:23:00,46.0,67.52093478570411,57.07819444444445,66.12517064846416
2024-07-02 22:24:00,46.0,67.52136195358109,56.73652777777779,66.00571672354948
2024-07-02 22:25:00,46.0,67.52186031610424,56.39902777777778,65.8862627986348
2024-07-02 22:26:00,45.75,67.52244767193508,56.06152777777778,65.76709328782707
2024-07-02 22:27:00,45.0,67.52308842375054,55.719861111111115,65.64678612059157
2024-07-02 22:28:00,45.0,67.523729175566,55.386527777777786,65.5273321956769
2024-07-02 22:29:00,44.25,67.5242097394276,55.04069444444445,65.40531854379977
2024-07-02 22:30:00,44.0,67.52463690730458,54.69069444444445,65.28245164960181
2024-07-02 22:31:00,44.0,67.52506407518155,54.34069444444445,65.16163253697384
2024-07-02 22:32:00,44.0,67.52556243770469,53.99486111111112,65.04217861205916
2024-07-02 22:33:00,44.0,67.52620318952015,53.661527777777785,64.92272468714448
2024-07-02 22:34:00,43.75,67.52679054535099,53.324027777777786,64.80241751990899
2024-07-02 22:35:00,43.0,67.52721771322797,52.97958333333334,64.68040386803186
2024-07-02 22:36:00,43.0,67.52775167307419,52.64625,64.56094994311718
2024-07-02 22:37:00,42.5,67.5282856329204,52.30458333333333,64.43978953356087
2024-07-02 22:38:00,42.0,67.52871280079738,51.95458333333333,64.31692263936291
2024-07-02 22:39:00,42.0,67.52913996867436,51.61291666666667,64.19405574516496
2024-07-02 22:40:00,42.0,67.52956713655134,51.279583333333335,64.071188850967
2024-07-02 22:41:00,41.0,67.52978072048982,50.92958333333333,63.94832195676906
2024-07-02 22:42:00,41.0,67.52999430442831,50.58375,63.8254550625711
2024-07-02 22:43:00,41.0,67.53042147230529,50.250416666666666,63.70429465301479
2024-07-02 22:44:00,41.0,67.53084864018226,49.91708333333334,63.58484072810011
2024-07-02 22:45:00,40.6,67.53119037448384,49.577083333333334,63.464021615472134
2024-07-02 22:46:00,40.0,67.53140395842233,49.235416666666666,63.34115472127419
2024-07-02 22:47:00,40.0,67.5316175423608,48.90208333333333,63.21828782707623
2024-07-02 22:48:00,39.8,67.53195927666239,48.565416666666664,63.09729806598408
2024-07-02 22:49:00,39.0,67.53217286060088,48.226527777777775,62.97443117178613
2024-07-02 22:50:00,39.0,67.53238644453937,47.89874999999999,62.851564277588174
2024-07-02 22:51:00,39.0,67.53260002847786,47.58208333333333,62.73040386803186
2024-07-02 22:52:00,39.0,67.53281361241633,47.26541666666666,62.610949943117184
2024-07-02 22:53:00,38.6,67.53294176277944,46.942083333333336,62.49013083048919
2024-07-02 22:54:00,38.0,67.53294176277944,46.61708333333333,62.36726393629124
2024-07-02 22:55:00,38.0,67.53294176277944,46.30041666666667,62.24439704209329
2024-07-02 22:56:00,38.0,67.53294176277944,45.99208333333333,62.121530147895335
2024-07-02 22:57:00,38.0,67.53294176277944,45.692083333333336,61.99866325369739
2024-07-02 22:58:00,37.25,67.53278157482558,45.379583333333336,61.87323663253697
2024-07-02 22:59:00,37.0,67.53278157482558,45.07125,61.74695676905574
2024-07-02 23:00:00,37.0,67.53278157482558,44.770208333333336,61.62067690557452
2024-07-02 23:01:00,37.0,67.53278157482558,44.47645833333333,61.495250284414105
2024-07-02 23:02:00,37.0,67.53278157482558,44.190000000000005,61.37238339021616
2024-07-02 23:03:00,36.333333333333336,67.53274597750249,43.899722222222216,61.24724118316268
2024-07-02 23:04:00,36.0,67.53258578954862,43.616388888888885,61.12437428896473
2024-07-02 23:05:00,36.0,67.53258578954862,43.33305555555555,61.001507394766776
2024-07-02 23:06:00,36.0,67.53258578954862,43.058055555555555,60.87864050056883
2024-07-02 23:07:00,36.0,67.53258578954862,42.79138888888888,60.75577360637087
2024-07-02 23:08:00,35.5,67.53247899757937,42.51638888888888,60.63290671217292
2024-07-02 23:09:00,35.0,67.53226541364089,42.23638888888889,60.51003981797497
2024-07-02 23:10:00,35.0,67.5320518297024,41.969722222222224,60.38802616609784
2024-07-02 23:11:00,35.0,67.53183824576392,41.70305555555556,60.26771899886234
2024-07-02 23:12:00,35.0,67.53162466182543,41.44305555555555,60.14826507394766
2024-07-02 23:13:00,35.0,67.53141107788694,41.19305555555555,60.02881114903299
2024-07-02 23:14:00,35.0,67.53119749394845,40.951388888888886,59.90935722411831
2024-07-02 23:15:00,35.0,67.53098391000997,40.71805555555555,59.79126848691694
2024-07-02 23:16:00,35.0,67.53093051402534,40.48888888888889,59.67522753128554
2024-07-02 23:17:00,35.0,67.53093051402534,40.27222222222222,59.559186575654145
2024-07-02 23:18:00,34.2,67.53075964687456,40.04222222222222,59.442974971558584
2024-07-02 23:19:00,34.0,67.53054606293607,39.80888888888889,59.32693401592718
2024-07-02 23:20:00,34.0,67.53033247899758,39.59222222222222,59.21089306029578
2024-07-02 23:21:00,34.0,67.53011889505909,39.37555555555556,59.09485210466438
2024-07-02 23:22:00,34.0,67.5299053111206,39.15888888888889,58.978811149032985
2024-07-02 23:23:00,34.0,67.52969172718211,38.958888888888886,58.86277019340159
2024-07-02 23:24:00,34.0,67.52947814324362,38.75888888888889,58.74843572241182
2024-07-02 23:25:00,33.833333333333336,67.5293357539513,38.55611111111111,58.63523890784983
2024-07-02 23:26:00,33.666666666666664,67.52926455930513,38.35472222222222,58.521473265073936
2024-07-02 23:27:00,33.5,67.52915776733589,38.16305555555555,58.4094141069397
2024-07-02 23:28:00,33.333333333333336,67.52901537804357,37.96861111111111,58.29792377701934
2024-07-02 23:29:00,33.166666666666664,67.52883739142817,37.78388888888889,58.18586461888509
2024-07-02 23:30:00,33.0,67.52862380748968,37.60055555555555,58.07323663253697
2024-07-02 23:31:00,33.0,67.52857041150506,37.41722222222222,57.960608646188845
2024-07-02 23:32:00,33.0,67.52857041150506,37.23388888888889,57.851393629124
2024-07-02 23:33:00,33.0,67.52857041150506,37.050555555555555,57.742178612059156
2024-07-02 23:34:00,33.0,67.52857041150506,36.87138888888889,57.63296359499431
2024-07-02 23:35:00,32.5,67.52846361953581,36.69638888888889,57.522895335608645
2024-07-02 23:36:00,32.0,67.52830343158195,36.51305555555555,57.4136803185438
2024-07-02 23:37:00,32.0,67.52830343158195,36.338055555555556,57.30446530147895
2024-07-02 23:38:00,32.0,67.52830343158195,36.17138888888889,57.1952502844141
2024-07-02 23:39:00,32.0,67.52830343158195,36.00472222222222,57.08859499431171
2024-07-02 23:40:00,32.0,67.52830343158195,35.838055555555556,56.98279294653015
2024-07-02 23:41:00,32.0,67.52830343158195,35.68805555555556,56.87699089874857
2024-07-02 23:42:00,32.0,67.52830343158195,35.53805555555555,56.771188850967
2024-07-02 23:43:00,31.5,67.5281966396127,35.37972222222222,56.66709328782707
2024-07-02 23:44:00,31.25,67.52803645165883,35.21722222222222,56.56214448236632
2024-07-02 23:45:00,31.0,67.52792965968959,35.05722222222222,56.45634243458475
2024-07-02 23:46:00,31.0,67.52792965968959,34.907222222222224,56.35054038680318
2024-07-02 23:47:00,31.0,67.52792965968959,34.757222222222225,56.246444823663246
2024-07-02 23:48:00,30.75,67.52787626370497,34.60638888888889,56.14320250284414
2024-07-02 23:49:00,30.5,67.52776947173572,34.46472222222222,56.039106939704205
2024-07-02 23:50:00,30.0,67.52755588779723,34.31472222222222,55.93671786120591
2024-07-02 23:51:00,30.0,67.52734230385875,34.16472222222222,55.83432878270762
2024-07-02 23:52:00,30.0,67.52712871992026,34.01472222222222,55.73193970420933
2024-07-02 23:53:00,30.0,67.52691513598177,33.87138888888889,55.62955062571104
2024-07-02 23:54:00,,67.53471836502172,33.80141242937853,55.614583333333336
2024-07-02 23:55:00,,67.54252492877492,33.72902298850575,55.59951317296678
2024-07-02 23:56:00,,67.55054855026003,33.654093567251465,55.58778735632184
2024-07-02 23:57:00,,67.55857560210916,33.5764880952381,55.575980392156865
2024-07-02 23:58:00,,67.5666060865227,33.50969696969697,55.56409143518519
2024-07-02 23:59:00,,67.57464000570288,33.44506172839506,55.55560394889663
2024-07-03 00:00:00,,67.58267736185383,33.37798742138365,55.54705710955711
2024-07-03 00:01:00,,67.59071815718157,33.30833333333333,55.53845029239766
2024-07-03 00:02:00,,67.598762393894,33.2359477124183,55.52978286384977
2024-07-03 00:03:00,30.0,67.598762393894,33.11176470588235,55.43353873239437
2024-07-03 00:04:00,30.0,67.598762393894,32.99411764705882,55.33846830985915
2024-07-03 00:05:00,30.0,67.598762393894,32.87647058823529,55.243397887323944
2024-07-03 00:06:00,30.0,67.598762393894,32.758823529411764,55.15096830985915
2024-07-03 00:07:00,30.0,67.598762393894,32.641176470588235,55.059419014084504
2024-07-03 00:08:00,30.0,67.598762393894,32.53333333333333,54.967869718309856
2024-07-03 00:09:00,29.25,67.59860189742493,32.42058823529412,54.87367957746479
2024-07-03 00:10:00,29.0,67.59838790213281,32.30294117647059,54.778609154929576
2024-07-03 00:11:00,29.0,67.59817390684071,32.18529411764706,54.68617957746479
2024-07-03 00:12:00,29.0,67.59795991154861,32.06764705882353,54.594630281690144
2024-07-03 00:13:00,29.0,67.59774591625651,31.95,54.50572183098591
2024-07-03 00:14:00,29.0,67.5975319209644,31.83235294117647,54.41769366197183
2024-07-03 00:15:00,29.0,67.5973179256723,31.71470588235294,54.329665492957744
2024-07-03 00:16:00,29.0,67.5971039303802,31.597058823529412,54.241637323943664
2024-07-03 00:17:00,29.0,67.5968899350881,31.479411764705883,54.153609154929576
2024-07-03 00:18:00,,67.60493721461187,31.425,54.15503533568904
2024-07-03 00:19:00,,67.6129879397702,31.372448979591837,54.15558510638298
2024-07-03 00:20:00,,67.62118486795147,31.317708333333332,54.15732502965599
2024-07-03 00:21:00,,67.62945670022133,31.26063829787234,54.161458333333336
2024-07-03 00:22:00,,67.63773207654955,31.20108695652174,54.16562126642772
2024-07-03 00:23:00,,67.64601099921434,31.13888888888889,54.173411270983216
2024-07-03 00:24:00,,67.65429347049579,31.073863636363637,54.18125752105897
2024-07-03 00:25:00,,67.66257949267596,31.009689922480618,54.18916062801932
2024-07-03 00:26:00,,67.67086906803888,30.946428571428573,54.19712121212122
2024-07-03 00:27:00,,67.67916219887054,30.884146341463413,54.20757299270073
2024-07-03 00:28:00,,67.68745888745889,30.822916666666664,54.21932234432234
2024-07-03 00:29:00,,67.69575913609383,30.762820512820515,54.2311580882353
2024-07-03 00:30:00,38.0,67.69769005220626,30.891025641025642,54.184589460784316
2024-07-03 00:31:00,39.0,67.69983551455338,31.044871794871796,54.14414828431373
2024-07-03 00:32:00,,67.70814020028612,30.99342105263158,54.15944034440345
2024-07-03 00:33:00,,67.7164484510267,30.93918918918919,54.17484567901235
2024-07-03 00:34:00,,67.72476026907114,30.881944444444443,54.192224287484514
2024-07-03 00:35:00,,67.73307565671749,30.835714285714285,54.211598258706466
2024-07-03 00:36:00,,67.74139461626575,30.801470588235293,54.2329900124844
2024-07-03 00:37:00,,67.7497171500179,30.765151515151516,54.25642230576441
2024-07-03 00:38:00,,67.7580432602779,30.7265625,54.28003144654088
2024-07-03 00:39:00,,67.76637294935168,30.68548387096774,54.30381944444445
2024-07-03 00:40:00,,67.77470621954716,30.641666666666666,54.32778833967047
2024-07-03 00:41:00,,67.78304307317423,30.594827586206897,54.354484732824424
2024-07-03 00:42:00,,67.79138351254481,30.544642857142858,54.38266283524904
2024-07-03 00:43:00,,67.79972753997276,30.50925925925926,54.41490384615385
2024-07-03 00:44:00,,67.80807515777396,30.48076923076923,54.44739382239382
2024-07-03 00:45:00,,67.81642636826626,30.46,54.48110465116279
2024-07-03 00:46:00,,67.82478117376955,30.4375,54.51605058365759
2024-07-03 00:47:00,,67.83313957660567,30.41304347826087,54.55224609375
2024-07-03 00:48:00,,67.84150157909848,30.397727272727273,54.58970588235294
2024-07-03 00:49:00,,67.84986718357385,30.392857142857142,54.62746062992126
2024-07-03 00:50:00,,67.85823639235961,30.4125,54.66867588932807
2024-07-03 00:51:00,,67.86660920778569,30.43421052631579,54.71101190476191
2024-07-03 00:52:00,,67.87498563218391,30.458333333333332,54.75368525896415
2024-07-03 00:53:00,,67.8833656678882,30.485294117647058,54.7967
2024-07-03 00:54:00,,67.89174931723444,30.485294117647058,54.84206827309237
2024-07-03 00:55:00,,67.90013658256056,30.485294117647058,54.889818548387105
2024-07-03 00:56:00,,67.90852746620651,30.485294117647058,54.889818548387105
2024-07-03 00:57:00,,67.91692197051421,30.485294117647058,54.889818548387105
2024-07-03 00:58:00,,67.92532009782765,30.485294117647058,54.889818548387105
2024-07-03 00:59:00,,67.93372185049284,30.485294117647058,54.889818548387105
2024-07-03 01:00:00,,67.9421272308578,30.485294117647058,54.889818548387105
2024-07-03 01:01:00,,67.95053624127259,30.485294117647058,54.889818548387105
2024-07-03 01:02:00,,67.95894888408928,30.485294117647058,54.889818548387105
2024-07-03 01:03:00,,67.96736516166199,30.515624999999996,54.889818548387105
2024-07-03 01:04:00,,67.97578507634688,30.549999999999997,54.889818548387105
2024-07-03 01:05:00,,67.98438152870831,30.58928571428571,54.889818548387105
2024-07-03 01:06:00,,67.99302493154633,30.63461538461538,54.889818548387105
2024-07-03 01:07:00,,67.99302493154633,30.687499999999996,54.889818548387105
2024-07-03 01:08:00,,67.99302493154633,30.749999999999996,54.889818548387105
2024-07-03 01:09:00,,67.99302493154633,30.899999999999995,54.889818548387105
2024-07-03 01:10:00,,67.99302493154633,,54.889818548387105
2024-07-03 01:11:00,,67.99302493154633,,54.889818548387105
2024-07-03 01:12:00,,67.99302493154633,,54.889818548387105
2024-07-03 01:13:00,,67.99302493154633,,54.889818548387105
2024-07-03 01:14:00,,67.99302493154633,,54.889818548387105
2024-07-03 01:15:00,,67.99302493154633,,54.889818548387105
2024-07-03 01:16:00,,67.99302493154633,,54.889818548387105
2024-07-03 01:17:00,,67.99302493154633,,54.889818548387105
2024-07-03 01:18:00,,67.99302493154633,,54.889818548387105
2024-07-03 01:19:00,,67.99302493154633,,54.889818548387105
2024-07-03 01:20:00,,67.99302493154633,,54.889818548387105
2024-07-03 01:21:00,,67.99302493154633,,54.889818548387105
2024-07-03 01:22:00,,67.99302493154633,,54.889818548387105
2024-07-03 01:23:00,,67.99302493154633,,54.889818548387105
2024-07-03 01:24:00,,67.99302493154633,,54.889818548387105
2024-07-03 01:25:00,,67.99302493154633,,54.889818548387105
2024-07-03 01:26:00,,67.99302493154633,,54.889818548387105
2024-07-03 01:27:00,,67.99302493154633,,54.889818548387105
2024-07-03 01:28:00,,67.99302493154633,,54.889818548387105
2024-07-03 01:29:00,,67.99302493154633,,54.889818548387105
2024-07-03 01:30:00,,67.99302493154633,,54.889818548387105
2024-07-03 01:31:00,,67.99302493154633,,54.889818548387105
2024-07-03 01:32:00,,67.99302493154633,,54.889818548387105
2024-07-03 01:33:00,,67.99302493154633,,54.889818548387105
2024-07-03 01:34:00,,67.99302493154633,,54.889818548387105
2024-07-03 01:35:00,,67.99302493154633,,54.889818548387105
2024-07-03 01:36:00,,67.99302493154633,,54.889818548387105
2024-07-03 01:37:00,,67.99302493154633,,54.889818548387105
2024-07-03 01:38:00,,67.99302493154633,,54.889818548387105
2024-07-03 01:39:00,,67.99302493154633,,54.889818548387105
2024-07-03 01:40:00,,67.99302493154633,,54.889818548387105
2024-07-03 01:41:00,100.0,67.99994236726461,,55.07098393574297
2024-07-03 01:42:00,,67.99994236726461,,55.07098393574297
2024-07-03 01:43:00,,67.99994236726461,,55.07098393574297
2024-07-03 01:44:00,,67.99994236726461,,55.07098393574297
2024-07-03 01:45:00,,67.99994236726461,,55.07098393574297
2024-07-03 01:46:00,,67.99994236726461,,55.07098393574297
2024-07-03 01:47:00,,67.99994236726461,,55.07098393574297
2024-07-03 01:48:00,,67.99994236726461,,55.07098393574297
2024-07-03 01:49:00,,67.99994236726461,,55.07098393574297
2024-07-03 01:50:00,,67.99994236726461,,55.07098393574297
2024-07-03 01:51:00,,67.99994236726461,,55.07098393574297
2024-07-03 01:52:00,,67.99994236726461,,55.07098393574297
2024-07-03 01:53:00,,67.99994236726461,,55.07098393574297
2024-07-03 01:54:00,,67.99994236726461,,55.07098393574297
2024-07-03 01:55:00,,67.99994236726461,,55.07098393574297
2024-07-03 01:56:00,,67.99994236726461,,55.07098393574297
2024-07-03 01:57:00,,67.99994236726461,,55.07098393574297
2024-07-03 01:58:00,,67.99994236726461,,55.07098393574297
2024-07-03 01:59:00,,67.99994236726461,,55.07098393574297
2024-07-03 02:00:00,,67.99994236726461,,55.07098393574297
2024-07-03 02:01:00,,67.99994236726461,,55.07098393574297
2024-07-03 02:02:00,,67.99994236726461,,55.07098393574297
2024-07-03 02:03:00,,67.99994236726461,,54.92207661290323
2024-07-03 02:04:00,,67.99994236726461,,54.77601214574899
2024-07-03 02:05:00,,67.99994236726461,,54.62876016260163
2024-07-03 02:06:00,,67.99994236726461,,54.48030612244899
2024-07-03 02:07:00,,67.99994236726461,,54.3333674863388
2024-07-03 02:08:00,,67.99994236726461,,54.18659122085048
2024-07-03 02:09:00,,67.99994236726461,,54.04066804407714
2024-07-03 02:10:00,,67.99994236726461,,53.895608575380365
2024-07-03 02:11:00,,67.99994236726461,,53.751423611111115
2024-07-03 02:12:00,,67.99994236726461,,53.60812412831241
2024-07-03 02:13:00,,67.99994236726461,,53.46362044817927
2024-07-03 02:14:00,,67.99994236726461,,53.317897327707456
2024-07-03 02:15:00,,67.99994236726461,,53.175176553672316
2024-07-03 02:16:00,,67.99994236726461,,53.031241134751774
2024-07-03 02:17:00,,67.99994236726461,,52.88949430199431
2024-07-03 02:18:00,,67.99994236726461,,52.74738912732476
2024-07-03 02:19:00,,67.99994236726461,,52.604058908045985
2024-07-03 02:20:00,,67.99994236726461,,52.463816738816746
2024-07-03 02:21:00,,67.99994236726461,,52.32235507246377
2024-07-03 02:22:00,,67.99994236726461,,52.17965793304222
2024-07-03 02:23:00,,67.99994236726461,,52.03570906432749
2024-07-03 02:24:00,,67.99994236726461,,51.89049192364171
2024-07-03 02:25:00,,67.99994236726461,,51.747529498525076
2024-07-03 02:26:00,,67.99994236726461,,51.60418518518519
2024-07-03 02:27:00,,67.99994236726461,,51.45956101190477
2024-07-03 02:28:00,,67.99994236726461,,51.316330343796714
2024-07-03 02:29:00,,67.99994236726461,,51.173611111111114
2024-07-03 02:30:00,,67.99994236726461,,51.030731523378584
2024-07-03 02:31:00,,67.99994236726461,,50.88996212121213
2024-07-03 02:32:00,100.0,68.00685681359839,,50.97178030303031
2024-07-03 02:33:00,99.83333333333333,68.0137322675884,,51.05284090909091
2024-07-03 02:34:00,99.66666666666667,68.02056875449964,,51.1376893939394
2024-07-03 02:35:00,99.5,68.02736629957532,,51.22178030303031
2024-07-03 02:36:00,99.33333333333333,68.03412492803685,,51.308749999999996
2024-07-03 02:37:00,99.16666666666667,68.04084466508382,,51.395871212121214
2024-07-03 02:38:00,99.0,68.04752553589411,,51.48223484848485
2024-07-03 02:39:00,99.0,68.05420352391226,,51.572234848484854
2024-07-03 02:40:00,99.0,68.06087863100375,99.45,51.66314393939395
2024-07-03 02:41:00,,68.06087863100375,,51.538318112633185
2024-07-03 02:42:00,,68.06087863100375,,51.41464067278288
2024-07-03 02:43:00,,68.06087863100375,,51.292127496159765
2024-07-03 02:44:00,,68.06952175476448,,51.16847993827161
2024-07-03 02:45:00,,68.06952175476448,,51.043682170542645
2024-07-03 02:46:00,,68.06952175476448,,50.917718068535834
2024-07-03 02:47:00,,68.06952175476448,,50.79526604068858
2024-07-03 02:48:00,,68.06952175476448,,50.671658805031456
2024-07-03 02:49:00,,68.06952175476448,,50.550434439178524
2024-07-03 02:50:00,,68.06952175476448,,50.42924603174604
2024-07-03 02:51:00,,68.06952175476448,,50.306897926634775
2024-07-03 02:52:00,,68.06952175476448,,50.188181089743594
2024-07-03 02:53:00,,68.06952175476448,,50.07024959742352
2024-07-03 02:54:00,,68.06952175476448,,49.954085760517806
2024-07-03 02:55:00,,68.06952175476448,,49.836788617886185
2024-07-03 02:56:00,,68.06952175476448,,49.71834150326798
2024-07-03 02:57:00,,68.06952175476448,,49.59872742200329
2024-07-03 02:58:00,,68.06952175476448,,49.48164191419143
2024-07-03 02:59:00,,68.06952175476448,,49.364635157545614
2024-07-03 03:00:00,,68.06952175476448,,49.24645833333334
2024-07-03 03:01:00,,68.06952175476448,,49.127093802345065
2024-07-03 03:02:00,,68.06952175476448,,49.00652356902358
2024-07-03 03:03:00,,68.06952175476448,,48.884729272419634
2024-07-03 03:04:00,,68.06952175476448,,48.76169217687075
2024-07-03 03:05:00,,68.06952175476448,,48.642521367521375
2024-07-03 03:06:00,,68.06952175476448,,48.52212199312715
2024-07-03 03:07:00,,68.06952175476448,,48.40220207253886
2024-07-03 03:08:00,,68.06952175476448,,48.28276909722223
2024-07-03 03:09:00,99.0,68.07619355766465,99.35,48.428602430555564
2024-07-03 03:10:00,,68.07619355766465,99.35,48.31042757417104
2024-07-03 03:11:00,,68.07619355766465,99.35,48.194166666666675
2024-07-03 03:12:00,,68.07619355766465,99.35,48.07879188712523
2024-07-03 03:13:00,,68.07619355766465,99.35,47.96218971631207
2024-07-03 03:14:00,,68.07619355766465,99.35,47.84612299465241
2024-07-03 03:15:00,,68.07619355766465,99.35,47.73239247311828
2024-07-03 03:16:00,,68.07619355766465,99.35,47.61743243243244
2024-07-03 03:17:00,,68.07619355766465,99.35,47.50258152173913
2024-07-03 03:18:00,,68.07619355766465,99.35,47.390573770491805
2024-07-03 03:19:00,,68.07619355766465,99.35,47.277335164835165
2024-07-03 03:20:00,,68.07619355766465,99.35,47.16284530386741
2024-07-03 03:21:00,,68.07619355766465,99.35,47.04708333333333
2024-07-03 03:22:00,,68.07619355766465,99.35,46.93282122905028
2024-07-03 03:23:00,,68.07619355766465,99.35,46.82008426966292
2024-07-03 03:24:00,,68.07619355766465,99.35,46.708898305084745
2024-07-03 03:25:00,,68.07619355766465,99.35,46.59786931818182
2024-07-03 03:26:00,,68.07619355766465,99.35,46.48700000000001
2024-07-03 03:27:00,,68.07619355766465,99.35,46.37772988505748
2024-07-03 03:28:00,,68.07619355766465,99.35,46.27008670520232
2024-07-03 03:29:00,,68.07619355766465,99.35,46.161191860465124
2024-07-03 03:30:00,,68.07619355766465,99.35,46.051023391812876
2024-07-03 03:31:00,,68.07619355766465,99.35,45.93955882352942
2024-07-03 03:32:00,,68.07619355766465,,45.82825443786983
2024-07-03 03:33:00,,68.07619355766465,,45.720089285714295
2024-07-03 03:34:00,,68.07619355766465,,45.610628742514976
2024-07-03 03:35:00,,68.07619355766465,,45.50185742971888
2024-07-03 03:36:00,,68.07619355766465,,45.39580808080809
2024-07-03 03:37:00,,68.07619355766465,,45.28846544715448
2024-07-03 03:38:00,,68.07619355766465,,45.17980572597138
2024-07-03 03:39:00,,68.07619355766465,,45.07289094650206
2024-07-03 03:40:00,,68.07619355766465,,44.967753623188415
2024-07-03 03:41:00,,68.07619355766465,,44.86130208333334
2024-07-03 03:42:00,,68.07619355766465,,44.75508385744235
2024-07-03 03:43:00,,68.07619355766465,,44.65226793248946
2024-07-03 03:44:00,,68.07619355766465,,44.548142250530795
2024-07-03 03:45:00,,68.07619355766465,,44.44268162393163
2024-07-03 03:46:00,,68.07619355766465,,44.33908602150538
2024-07-03 03:47:00,,68.07619355766465,,44.23739177489178
2024-07-03 03:48:00,,68.07619355766465,,44.13436819172114
2024-07-03 03:49:00,,68.07619355766465,,44.03437500000001
2024-07-03 03:50:00,,68.07619355766465,,43.93747240618102
2024-07-03 03:51:00,,68.07619355766465,,43.843722222222226
2024-07-03 03:52:00,,68.07619355766465,,43.748713646532444
2024-07-03 03:53:00,,68.07619355766465,,43.65242117117118
2024-07-03 03:54:00,,68.07619355766465,,43.558219954648536
2024-07-03 03:55:00,,68.07619355766465,,43.46615296803654
2024-07-03 03:56:00,,68.07619355766465,,43.3762643678161
2024-07-03 03:57:00,,68.07619355766465,,43.288599537037044
2024-07-03 03:58:00,,68.07619355766465,,43.199708624708634
2024-07-03 03:59:00,,68.07619355766465,,43.1130868544601
2024-07-03 04:00:00,,68.07619355766465,,43.02833924349883
2024-07-03 04:01:00,,68.07619355766465,,42.94550595238096
2024-07-03 04:02:00,,68.07619355766465,,42.86462829736212
2024-07-03 04:03:00,,68.07619355766465,,42.78574879227054
2024-07-03 04:04:00,,68.07619355766465,,42.71119221411193
2024-07-03 04:05:00,,68.07619355766465,,42.63553921568628
2024-07-03 04:06:00,,68.07619355766465,,42.56246913580247
2024-07-03 04:07:00,,68.07619355766465,,42.49203980099503
2024-07-03 04:08:00,,68.07619355766465,,42.42055137844612
2024-07-03 04:09:00,,68.07619355766465,,42.349494949494954
2024-07-03 04:10:00,,68.07619355766465,,42.283460559796445
2024-07-03 04:11:00,,68.07619355766465,,42.21641025641026
2024-07-03 04:12:00,,68.07619355766465,,42.15142118863049
2024-07-03 04:13:00,,68.07619355766465,,42.09010416666667
2024-07-03 04:14:00,,68.07619355766465,,42.03175853018373
2024-07-03 04:15:00,,68.07619355766465,,41.97645502645503
2024-07-03 04:16:00,,68.07619355766465,,41.92226666666667
2024-07-03 04:17:00,,68.07619355766465,,41.873252688172045
2024-07-03 04:18:00,,68.07619355766465,,41.82344173441735
2024-07-03 04:19:00,,68.07619355766465,,41.77281420765028
2024-07-03 04:20:00,,68.07619355766465,,41.72961432506887
2024-07-03 04:21:00,,68.07619355766465,,41.68569444444445
2024-07-03 04:22:00,,68.07619355766465,,41.64103641456583
2024-07-03 04:23:00,,68.07619355766465,,41.60409604519774
2024-07-03 04:24:00,,68.07619355766465,,41.56652421652422
2024-07-03 04:25:00,,68.07619355766465,,41.52830459770115
2024-07-03 04:26:00,,68.07619355766465,,41.491594202898554
2024-07-03 04:27:00,,68.07619355766465,,41.460818713450294
2024-07-03 04:28:00,,68.07619355766465,,41.42949852507375
2024-07-03 04:29:00,,68.07619355766465,,41.40431547619048
2024-07-03 04:30:00,,68.07619355766465,,41.38093093093094
2024-07-03 04:31:00,,68.07619355766465,,41.357121212121214
2024-07-03 04:32:00,,68.07619355766465,,41.332874617737005
2024-07-03 04:33:00,,68.07619355766465,,41.30817901234568
2024-07-03 04:34:00,,68.07619355766465,,41.28535825545172
2024-07-03 04:35:00,,68.07619355766465,,41.269182389937114
2024-07-03 04:36:00,,68.07619355766465,,41.252698412698415
2024-07-03 04:37:00,,68.07619355766465,,41.240705128205136
2024-07-03 04:38:00,,68.07619355766465,,41.233333333333334
2024-07-03 04:39:00,,68.07619355766465,,41.22581699346406
2024-07-03 04:40:00,,68.07619355766465,,41.21815181518152
2024-07-03 04:41:00,,68.07619355766465,,41.220333333333336
2024-07-03 04:42:00,,68.07619355766465,,41.22255892255893
2024-07-03 04:43:00,,68.07619355766465,,41.2248299319728
2024-07-03 04:44:00,,68.07619355766465,,41.227147766323036
2024-07-03 04:45:00,,68.07619355766465,,41.233680555555566
2024-07-03 04:46:00,,68.07619355766465,,41.24666666666668
2024-07-03 04:47:00,,68.07619355766465,,41.259929078014196
2024-07-03 04:48:00,,68.07619355766465,,41.27562724014338
2024-07-03 04:49:00,,68.07619355766465,,41.30036231884059
2024-07-03 04:50:00,,68.07619355766465,,41.32564102564103
2024-07-03 04:51:00,,68.07619355766465,,41.35148148148149
2024-07-03 04:52:00,,68.07619355766465,,41.37790262172285
2024-07-03 04:53:00,,68.07619355766465,,41.40946969696971
2024-07-03 04:54:00,,68.07619355766465,,41.44865900383143
2024-07-03 04:55:00,,68.07619355766465,,41.48875968992249
2024-07-03 04:56:00,,68.07619355766465,,41.529803921568636
2024-07-03 04:57:00,,68.07619355766465,,41.57182539682541
2024-07-03 04:58:00,,68.07619355766465,,41.623895582329325
2024-07-03 04:59:00,,68.07619355766465,,41.68028455284554
2024-07-03 05:00:00,,68.07619355766465,,41.73806584362141
2024-07-03 05:01:00,,68.07619355766465,,41.79729166666668
2024-07-03 05:02:00,,68.07619355766465,,41.85801687763714
2024-07-03 05:03:00,,68.07619355766465,,41.928846153846166
2024-07-03 05:04:00,,68.07619355766465,,42.005844155844166
2024-07-03 05:05:00,,68.07619355766465,,42.08486842105264
2024-07-03 05:06:00,,68.07619355766465,,42.16600000000001
2024-07-03 05:07:00,,68.07619355766465,,42.249324324324334
2024-07-03 05:08:00,,68.07619355766465,,42.341780821917816
2024-07-03 05:09:00,,68.07619355766465,,42.44375000000001
2024-07-03 05:10:00,,68.07619355766465,,42.548591549295786
2024-07-03 05:11:00,,68.07619355766465,,42.656428571428584
2024-07-03 05:12:00,,68.07619355766465,,42.76739130434784
2024-07-03 05:13:00,,68.07619355766465,,42.88161764705883
2024-07-03 05:14:00,,68.07619355766465,,42.999253731343295
2024-07-03 05:15:00,,68.07619355766465,,43.12045454545456
2024-07-03 05:16:00,,68.07619355766465,,43.24538461538463
2024-07-03 05:17:00,,68.07619355766465,,43.37421875000001
2024-07-03 05:18:00,,68.07619355766465,,43.51984126984129
2024-07-03 05:19:00,,68.07619355766465,,43.673387096774206
2024-07-03 05:20:00,,68.07619355766465,,43.831967213114766
2024-07-03 05:21:00,,68.07619355766465,,43.99583333333335
2024-07-03 05:22:00,,68.07619355766465,,44.16525423728815
2024-07-03 05:23:00,,68.07619355766465,,44.340517241379324
2024-07-03 05:24:00,,68.07619355766465,,44.52192982456142
2024-07-03 05:25:00,,68.07619355766465,,44.712797619047635
2024-07-03 05:26:00,,68.07619355766465,,44.91363636363638
2024-07-03 05:27:00,,68.07619355766465,,45.125000000000014
2024-07-03 05:28:00,,68.07619355766465,,45.347484276729574
2024-07-03 05:29:00,,68.07619355766465,,45.58173076923079
2024-07-03 05:30:00,,68.07619355766465,,45.82843137254904
2024-07-03 05:31:00,,68.07619355766465,,46.085000000000015
2024-07-03 05:32:00,,68.07619355766465,,46.35204081632655
2024-07-03 05:33:00,,68.07619355766465,,46.63020833333335
2024-07-03 05:34:00,,68.07619355766465,,46.920212765957466
2024-07-03 05:35:00,,68.07619355766465,,47.233695652173935
2024-07-03 05:36:00,,68.07619355766465,,47.572222222222244
2024-07-03 05:37:00,,68.07619355766465,,47.92613636363638
2024-07-03 05:38:00,,68.07619355766465,,48.296511627906995
2024-07-03 05:39:00,,68.07619355766465,,48.68452380952383
2024-07-03 05:40:00,,68.07619355766465,,49.09146341463417
2024-07-03 05:41:00,,68.07619355766465,,49.518750000000026
2024-07-03 05:42:00,,68.07619355766465,,49.967948717948744
2024-07-03 05:43:00,,68.07619355766465,,50.453947368421076
2024-07-03 05:44:00,,68.07619355766465,,50.972972972973
2024-07-03 05:45:00,,68.07619355766465,,51.5277777777778
2024-07-03 05:46:00,,68.07619355766465,,52.11428571428574
2024-07-03 05:47:00,,68.07619355766465,,52.735294117647086
2024-07-03 05:48:00,,68.07619355766465,,53.40151515151518
2024-07-03 05:49:00,,68.07619355766465,,54.11718750000003
2024-07-03 05:50:00,,68.07619355766465,,54.89516129032261
2024-07-03 05:51:00,,68.07619355766465,,55.72500000000003
2024-07-03 05:52:00,,68.07619355766465,,
2024-07-03 05:53:00,,68.07619355766465,,
2024-07-03 05:54:00,,68.07619355766465,,
2024-07-03 05:55:00,,68.07619355766465,,
2024-07-03 05:56:00,,68.07619355766465,,
2024-07-03 05:57:00,,68.07619355766465,,
2024-07-03 05:58:00,,68.07619355766465,,
2024-07-03 05:59:00,,68.07619355766465,,
2024-07-03 06:00:00,,68.07619355766465,,
2024-07-03 06:01:00,,68.07619355766465,,
2024-07-03 06:02:00,,68.07619355766465,,
2024-07-03 06:03:00,,68.07619355766465,,
2024-07-03 06:04:00,,68.07619355766465,,
2024-07-03 06:05:00,,68.07619355766465,,
2024-07-03 06:06:00,,68.07619355766465,,
2024-07-03 06:07:00,,68.07619355766465,,
2024-07-03 06:08:00,,68.07619355766465,,
2024-07-03 06:09:00,,68.07619355766465,,
2024-07-03 06:10:00,,68.07619355766465,,
2024-07-03 06:11:00,,68.07619355766465,,
2024-07-03 06:12:00,,68.07619355766465,,
2024-07-03 06:13:00,,68.07619355766465,,
2024-07-03 06:14:00,,68.07619355766465,,
2024-07-03 06:15:00,,68.07619355766465,,
2024-07-03 06:16:00,,68.07619355766465,,
2024-07-03 06:17:00,,68.07619355766465,,
2024-07-03 06:18:00,,68.07619355766465,,
2024-07-03 06:19:00,,68.07619355766465,,
2024-07-03 06:20:00,,68.07619355766465,,
2024-07-03 06:21:00,,68.07619355766465,,
2024-07-03 06:22:00,,68.07619355766465,,
2024-07-03 06:23:00,,68.07619355766465,,
2024-07-03 06:24:00,,68.07619355766465,,
2024-07-03 06:25:00,,68.07619355766465,,
2024-07-03 06:26:00,,68.07619355766465,,
2024-07-03 06:27:00,,68.07619355766465,,
2024-07-03 06:28:00,,68.07619355766465,,
2024-07-03 06:29:00,,68.07619355766465,,
2024-07-03 06:30:00,,68.07619355766465,,
2024-07-03 06:31:00,,68.07619355766465,,
2024-07-03 06:32:00,,68.07619355766465,,
2024-07-03 06:33:00,,68.07619355766465,,
2024-07-03 06:34:00,,68.07619355766465,,
2024-07-03 06:35:00,,68.07619355766465,,
2024-07-03 06:36:00,,68.07619355766465,,
2024-07-03 06:37:00,,68.07619355766465,,
2024-07-03 06:38:00,,68.07619355766465,,
2024-07-03 06:39:00,,68.07619355766465,,
2024-07-03 06:40:00,,68.07619355766465,,
2024-07-03 06:41:00,,68.07619355766465,,
2024-07-03 06:42:00,,68.07619355766465,,
2024-07-03 06:43:00,,68.07619355766465,,
2024-07-03 06:44:00,,68.06930600503416,,
2024-07-03 06:45:00,,68.06241547978708,,
2024-07-03 06:46:00,,68.05552197999856,,
2024-07-03 06:47:00,,68.04862550374209,,
2024-07-03 06:48:00,,68.04172604908948,,
2024-07-03 06:49:00,,68.03482361411088,,
2024-07-03 06:50:00,,68.02791819687478,,
2024-07-03 06:51:00,,68.021009795448,,
2024-07-03 06:52:00,,68.01409840789569,,
2024-07-03 06:53:00,,68.00718403228132,,
2024-07-03 06:54:00,,68.00026666666666,,
2024-07-03 06:55:00,,67.99334630911189,,
2024-07-03 06:56:00,,67.98642295767539,,
2024-07-03 06:57:00,,67.97949661041396,,
2024-07-03 06:58:00,,67.97256726538268,,
2024-07-03 06:59:00,,67.96563492063493,,
2024-07-03 07:00:00,,67.95869957422242,,
2024-07-03 07:01:00,,67.95181536018478,,
2024-07-03 07:02:00,,67.94509060717638,,
2024-07-03 07:03:00,,67.93836294049683,,
2024-07-03 07:04:00,,67.93163235825207,,
2024-07-03 07:05:00,,67.92489885854646,,
2024-07-03 07:06:00,,67.91816243948263,,
2024-07-03 07:07:00,,67.91142309916161,,
2024-07-03 07:08:00,,67.90468083568278,,
2024-07-03 07:09:00,,67.8979356471439,,
2024-07-03 07:10:00,,67.891187531641,,
2024-07-03 07:11:00,,67.88443648726852,,
2024-07-03 07:12:00,,67.87768251211924,,
2024-07-03 07:13:00,,67.87092560428427,,
2024-07-03 07:14:00,,67.86416576185306,,
2024-07-03 07:15:00,,67.85740298291341,,
2024-07-03 07:16:00,,67.85063726555146,,
2024-07-03 07:17:00,,67.84386860785166,,
2024-07-03 07:18:00,,67.83709700789683,,
2024-07-03 07:19:00,,67.83032246376811,,
2024-07-03 07:20:00,,67.82354497354497,,
2024-07-03 07:21:00,,67.81676453530521,,
2024-07-03 07:22:00,,67.80998114712494,,
2024-07-03 07:23:00,,67.80319480707863,,
2024-07-03 07:24:00,,67.80319480707863,,
2024-07-03 07:25:00,,67.80319480707863,,
2024-07-03 07:26:00,,67.80319480707863,,
2024-07-03 07:27:00,,67.80319480707863,,
2024-07-03 07:28:00,,67.80319480707863,,
2024-07-03 07:29:00,,67.80319480707863,,
2024-07-03 07:30:00,,67.80319480707863,,
2024-07-03 07:31:00,,67.80319480707863,,
2024-07-03 07:32:00,,67.80319480707863,,
2024-07-03 07:33:00,,67.80319480707863,,
2024-07-03 07:34:00,,67.80319480707863,,
2024-07-03 07:35:00,,67.80319480707863,,
2024-07-03 07:36:00,,67.80319480707863,,
2024-07-03 07:37:00,,67.80319480707863,,
2024-07-03 07:38:00,,67.80319480707863,,
2024-07-03 07:39:00,,67.80319480707863,,
2024-07-03 07:40:00,,67.80319480707863,,
2024-07-03 07:41:00,,67.80319480707863,,
2024-07-03 07:42:00,,67.80319480707863,,
2024-07-03 07:43:00,,67.80319480707863,,
2024-07-03 07:44:00,,67.79640551323902,,
2024-07-03 07:45:00,,67.78961326367727,,
2024-07-03 07:46:00,,67.78281805646273,,
2024-07-03 07:47:00,,67.77601988966319,,
2024-07-03 07:48:00,,67.76921876134466,,
2024-07-03 07:49:00,,67.76241466957153,,
2024-07-03 07:50:00,,67.75568024987288,,
2024-07-03 07:51:00,,67.74908820110433,,
2024-07-03 07:52:00,,67.74249327810479,,
2024-07-03 07:53:00,,67.73589547899404,,
2024-07-03 07:54:00,,67.72929480189022,,
2024-07-03 07:55:00,,67.72929480189022,,
2024-07-03 07:56:00,,67.72929480189022,,
2024-07-03 07:57:00,,67.72929480189022,,
2024-07-03 07:58:00,,67.72929480189022,,
2024-07-03 07:59:00,,67.72929480189022,,
2024-07-03 08:00:00,,67.72929480189022,,
2024-07-03 08:01:00,,67.72929480189022,,
2024-07-03 08:02:00,,67.72929480189022,,
2024-07-03 08:03:00,,67.72929480189022,,
2024-07-03 08:04:00,,67.72929480189022,,
2024-07-03 08:05:00,,67.72929480189022,,
2024-07-03 08:06:00,,67.72929480189022,,
2024-07-03 08:07:00,,67.72929480189022,,
2024-07-03 08:08:00,,67.72929480189022,,
2024-07-03 08:09:00,,67.72929480189022,,
2024-07-03 08:10:00,,67.72929480189022,,
2024-07-03 08:11:00,,67.72929480189022,,
2024-07-03 08:12:00,,67.72929480189022,,
2024-07-03 08:13:00,,67.72929480189022,,
2024-07-03 08:14:00,,67.72929480189022,,
2024-07-03 08:15:00,,67.72929480189022,,
2024-07-03 08:16:00,,67.72929480189022,,
2024-07-03 08:17:00,,67.72929480189022,,
2024-07-03 08:18:00,,67.72929480189022,,
2024-07-03 08:19:00,,67.72929480189022,,
2024-07-03 08:20:00,,67.72929480189022,,
2024-07-03 08:21:00,,67.72929480189022,,
2024-07-03 08:22:00,,67.72929480189022,,
2024-07-03 08:23:00,,67.72929480189022,,
2024-07-03 08:24:00,,67.72929480189022,,
2024-07-03 08:25:00,,67.72929480189022,,
2024-07-03 08:26:00,,67.72929480189022,,
2024-07-03 08:27:00,,67.72929480189022,,
2024-07-03 08:28:00,,67.72929480189022,,
2024-07-03 08:29:00,,67.72929480189022,,
2024-07-03 08:30:00,,67.72929480189022,,
2024-07-03 08:31:00,,67.72929480189022,,
2024-07-03 08:32:00,,67.72929480189022,,
2024-07-03 08:33:00,,67.72929480189022,,
2024-07-03 08:34:00,,67.72929480189022,,
2024-07-03 08:35:00,,67.72929480189022,,
2024-07-03 08:36:00,,67.72929480189022,,
2024-07-03 08:37:00,,67.72929480189022,,
2024-07-03 08:38:00,,67.72929480189022,,
2024-07-03 08:39:00,,67.72929480189022,,
2024-07-03 08:40:00,,67.72929480189022,,
2024-07-03 08:41:00,,67.72929480189022,,
2024-07-03 08:42:00,,67.72929480189022,,
2024-07-03 08:43:00,,67.72929480189022,,
2024-07-03 08:44:00,,67.72929480189022,,
2024-07-03 08:45:00,,67.72929480189022,,
2024-07-03 08:46:00,99.0,67.73611353394388,,
2024-07-03 08:47:00,99.0,67.74292929292929,,
2024-07-03 08:48:00,99.0,67.74974208079047,,
2024-07-03 08:49:00,99.0,67.75655189946974,,
2024-07-03 08:50:00,99.0,67.76335875090777,,
2024-07-03 08:51:00,99.0,67.77016263704348,,
2024-07-03 08:52:00,99.0,67.77696355981416,,
2024-07-03 08:53:00,99.0,67.78376152115538,,
2024-07-03 08:54:00,98.5,67.79044768538674,,
2024-07-03 08:55:00,98.0,67.79702212549873,98.85,
2024-07-03 08:56:00,98.0,67.80359370467073,98.77272727272727,
2024-07-03 08:57:00,98.0,67.81016242476977,98.70833333333333,
2024-07-03 08:58:00,,67.80359370467073,98.70833333333333,
2024-07-03 08:59:00,,67.79702212549873,98.70833333333333,
2024-07-03 09:00:00,,67.79044768538674,98.70833333333333,
2024-07-03 09:01:00,,67.78387038246606,98.70833333333333,
2024-07-03 09:02:00,,67.77729021486643,98.70833333333333,
2024-07-03 09:03:00,,67.77081608945036,98.70833333333333,
2024-07-03 09:04:00,,67.7644480755265,98.70833333333333,
2024-07-03 09:05:00,,67.75807728626425,98.70833333333333,
2024-07-03 09:06:00,,67.75170371984888,98.70833333333333,
2024-07-03 09:07:00,,67.74532737446407,98.70833333333333,
2024-07-03 09:08:00,,67.73916630324175,98.70833333333333,
2024-07-03 09:09:00,98.0,67.73960241314144,98.65384615384616,
2024-07-03 09:10:00,98.0,67.74003852304114,98.60714285714286,
2024-07-03 09:11:00,98.0,67.74047463294083,98.56666666666666,
2024-07-03 09:12:00,98.0,67.74091074284053,98.53125,
2024-07-03 09:13:00,98.0,67.74134685274022,98.5,
2024-07-03 09:14:00,98.0,67.74178296263992,98.47222222222223,
2024-07-03 09:15:00,98.0,67.74221907253961,98.44736842105263,
2024-07-03 09:16:00,98.0,67.74265518243931,98.425,
2024-07-03 09:17:00,97.6,67.74300407035905,98.38571428571429,
2024-07-03 09:18:00,97.0,67.7432221253089,98.32272727272726,
2024-07-03 09:19:00,97.0,67.74344018025874,98.26521739130435,
2024-07-03 09:20:00,97.0,67.7436582352086,98.21249999999999,
2024-07-03 09:21:00,96.0,67.7436582352086,98.124,
2024-07-03 09:22:00,96.0,67.7436582352086,98.04230769230769,
2024-07-03 09:23:00,96.0,67.7436582352086,97.96666666666667,
2024-07-03 09:24:00,96.0,67.7436582352086,97.89642857142857,
2024-07-03 09:25:00,96.0,67.7436582352086,97.83103448275861,
2024-07-03 09:26:00,96.0,67.7436582352086,97.77,97.77
2024-07-03 09:27:00,96.0,67.7436582352086,97.71290322580644,97.71290322580644
2024-07-03 09:28:00,96.0,67.7436582352086,97.659375,97.659375
2024-07-03 09:29:00,96.0,67.7436582352086,97.60909090909091,97.60909090909091
2024-07-03 09:30:00,96.0,67.7436582352086,97.56176470588235,97.56176470588235
2024-07-03 09:31:00,96.0,67.7436582352086,97.51714285714286,97.51714285714286
2024-07-03 09:32:00,96.0,67.7436582352086,97.475,97.475
2024-07-03 09:33:00,96.0,67.7436582352086,97.43513513513513,97.43513513513513
2024-07-03 09:34:00,95.8,67.74361462421862,97.3921052631579,97.3921052631579
2024-07-03 09:35:00,95.0,67.74339656926878,97.33076923076923,97.33076923076923
2024-07-03 09:36:00,95.0,67.74317851431893,97.27250000000001,97.27250000000001
2024-07-03 09:37:00,95.0,67.74312400058147,97.21707317073171,97.21707317073171
2024-07-03 09:38:00,95.0,67.74312400058147,97.16428571428571,97.16428571428571
2024-07-03 09:39:00,95.0,67.74312400058147,97.11395348837209,97.11395348837209
2024-07-03 09:40:00,95.0,67.74312400058147,97.06590909090909,97.06590909090909
2024-07-03 09:41:00,95.0,67.74312400058147,97.02,97.02
2024-07-03 09:42:00,95.0,67.74312400058147,96.97608695652173,96.97608695652173
2024-07-03 09:43:00,95.0,67.74329844454135,96.93404255319147,96.93404255319147
2024-07-03 09:44:00,94.75,67.74346198575374,96.88854166666665,96.88854166666665
2024-07-03 09:45:00,94.0,67.74346198575374,96.82959183673469,96.82959183673469
2024-07-03 09:46:00,94.0,67.74346198575374,96.72755102040816,96.773
2024-07-03 09:47:00,94.0,67.74346198575374,96.62551020408162,96.71862745098038
2024-07-03 09:48:00,94.0,67.74346198575374,96.5234693877551,96.66634615384615
2024-07-03 09:49:00,94.0,67.74346198575374,96.42142857142856,96.61603773584905
2024-07-03 09:50:00,94.0,67.74346198575374,96.31938775510203,96.56759259259259
2024-07-03 09:51:00,94.0,67.74346198575374,96.2173469387755,96.52090909090909
2024-07-03 09:52:00,94.0,67.74346198575374,96.11530612244897,96.47589285714285
2024-07-03 09:53:00,94.0,67.74346198575374,96.01326530612243,96.43245614035087
2024-07-03 09:54:00,,67.73773536895675,95.96145833333333,96.43245614035087
2024-07-03 09:55:00,,67.73200625363583,95.91808510638297,96.43245614035087
2024-07-03 09:56:00,,67.7262746381555,95.87282608695651,96.43245614035087
2024-07-03 09:57:00,,67.7205405208788,95.82555555555555,96.43245614035087
2024-07-03 09:58:00,,67.71480390016735,95.82555555555555,96.43245614035087
2024-07-03 09:59:00,,67.70906477438136,95.82555555555555,96.43245614035087
2024-07-03 10:00:00,94.0,67.70906477438136,95.78586956521738,96.3905172413793
2024-07-03 10:01:00,94.0,67.70906477438136,95.74787234042553,96.35
2024-07-03 10:02:00,94.0,67.70906477438136,95.71145833333333,96.31083333333332
2024-07-03 10:03:00,94.0,67.70910844250363,95.67653061224489,96.27295081967212
2024-07-03 10:04:00,94.0,67.70932678311499,95.64299999999999,96.23629032258064
2024-07-03 10:05:00,94.0,67.70954512372633,95.61078431372549,96.20079365079364
2024-07-03 10:06:00,94.0,67.70976346433768,95.57980769230768,96.16640625
2024-07-03 10:07:00,93.5,67.70987263464336,95.54056603773584,96.1253846153846
2024-07-03 10:08:00,93.0,67.70987263464336,95.49351851851851,96.0780303030303
2024-07-03 10:09:00,93.0,67.70987263464336,95.40092592592592,96.0320895522388
2024-07-03 10:10:00,93.0,67.70987263464336,95.30833333333332,95.9875
2024-07-03 10:11:00,93.0,67.70987263464336,95.21574074074073,95.94420289855071
2024-07-03 10:12:00,93.0,67.70987263464336,95.12314814814815,95.90214285714285
2024-07-03 10:13:00,93.0,67.70987263464336,95.03055555555555,95.8612676056338
2024-07-03 10:14:00,93.0,67.70987263464336,94.93796296296296,95.82152777777777
2024-07-03 10:15:00,93.0,67.70987263464336,94.84537037037036,95.78287671232876
2024-07-03 10:16:00,93.0,67.7099272197962,94.75277777777777,95.74527027027027
2024-07-03 10:17:00,93.0,67.71003639010188,94.66759259259258,95.70866666666666
2024-07-03 10:18:00,93.0,67.71020014556039,94.59351851851851,95.67302631578947
2024-07-03 10:19:00,93.0,67.71041848617175,94.51944444444443,95.63831168831169
2024-07-03 10:20:00,92.25,67.71047307132459,94.43148148148147,95.59487179487179
2024-07-03 10:21:00,92.0,67.71047307132459,94.3574074074074,95.5493670886076
2024-07-03 10:22:00,92.0,67.71047307132459,94.28333333333332,95.505
2024-07-03 10:23:00,92.0,67.71047307132459,94.20925925925924,95.46172839506173
2024-07-03 10:24:00,92.0,67.71047307132459,94.13518518518516,95.41951219512195
2024-07-03 10:25:00,92.0,67.71047307132459,94.0611111111111,95.37831325301204
2024-07-03 10:26:00,92.0,67.71047307132459,93.98703703703703,95.33809523809524
2024-07-03 10:27:00,92.0,67.71047307132459,93.91296296296295,95.29882352941176
2024-07-03 10:28:00,92.0,67.71047307132459,93.83888888888887,95.26046511627906
2024-07-03 10:29:00,92.0,67.71047307132459,93.7648148148148,95.22298850574713
2024-07-03 10:30:00,92.0,67.71047307132459,93.69074074074072,95.18636363636364
